<?xml version="1.0" encoding="UTF-8"?>
<kml xmlns="http://www.opengis.net/kml/2.2">
  <Document>
    <name>Mapa sin nombre</name>
    <description/>
    <Style id="icon-1899-FFD600-normal">
      <IconStyle>
        <color>ff00d6ff</color>
        <scale>1</scale>
        <Icon>
          <href>https://www.gstatic.com/mapspro/images/stock/503-wht-blank_maps.png</href>
        </Icon>
        <hotSpot x="32" xunits="pixels" y="64" yunits="insetPixels"/>
      </IconStyle>
      <LabelStyle>
        <scale>0</scale>
      </LabelStyle>
    </Style>
    <Style id="icon-1899-FFD600-highlight">
      <IconStyle>
        <color>ff00d6ff</color>
        <scale>1</scale>
        <Icon>
          <href>https://www.gstatic.com/mapspro/images/stock/503-wht-blank_maps.png</href>
        </Icon>
        <hotSpot x="32" xunits="pixels" y="64" yunits="insetPixels"/>
      </IconStyle>
      <LabelStyle>
        <scale>1</scale>
      </LabelStyle>
    </Style>
    <StyleMap id="icon-1899-FFD600">
      <Pair>
        <key>normal</key>
        <styleUrl>#icon-1899-FFD600-normal</styleUrl>
      </Pair>
      <Pair>
        <key>highlight</key>
        <styleUrl>#icon-1899-FFD600-highlight</styleUrl>
      </Pair>
    </StyleMap>
    <Folder>
      <name>Censo_Productores_de_Aguacate_de_Honduras_-_all_versions_-_labels_-_2026-10-01-00-27-50.csv</name>
      <Placemark>
        <name>MARVIN BENJAMIN FERRERA MURILLO</name>
        <description><![CDATA[﻿FECHA: 29/4/2026<br>LATITUD: 15.1047011<br>LONGITUD: -87.2652239<br>ALTITUD MSNM: 673<br>DEPARTAMENTO: Yoro<br>MUNICIPIO: Yorito<br>FINCA: Finca Ferrera<br>DNI: 1811-1972-00138<br>IMAGEN DNI: https://kf.kobotoolbox.org/api/v2/assets/ad7G92bXCJpMkqNXz97XDt/data/739269652/attachments/attxqW9GGZnF3VshBWpftnBB/<br>EDAD: 53<br>RAZA: Antillano<br>VARIEDAD: Choquette<br>TOTAL PLANTAS: 150<br>PLANTAS EN PRODUCCION: 50<br>AREA EN MZ: 0.75<br>ANALISIS DE SUELO: Si<br>IMAGEN ANALISIS: <br>FERTILIZA: Si<br>FUMIGA: Si<br>SISTEMA DE RIEGO: No<br>TIPO DE SISTEMA: <br>AREA CON RIEGO: <br>FUENTE DE AGUA: Si<br>CAPACITACION: Si<br>REALIZA PODAS: Si<br>AFILIADO A ASPAH: Si<br>CREDITO: No<br>TRABAJADORES PERMANENTES: No<br>CUANTOS TP: <br>TRANBAJADORES TEMPORALES: Si<br>CUANTOS TT: 3<br>SALARIO POR DIA: 250<br>LIBRAS COSECHADAS: <br>UNIDADES COSECHADAS: 1500<br>UNIDADES COSSECHADAS: <br>MESES DE COSECHA: Octubre Noviembre<br>DONDE VENDE: Un comprador viene a mi finca.<br>PRECIO LIBRA: <br>PRECIO UNIDAD: 13<br>PRECIO UNNIDAD: <br>TRANSPORTE DE COSECHA: Ninguno<br>IMAGEN PRODUCTOR: https://kf.kobotoolbox.org/api/v2/assets/ad7G92bXCJpMkqNXz97XDt/data/739269652/attachments/attpdBG6ckPLkHWtBNfbXsXN/<br>OBSERVACION: Analisis de suelo no entregado por el censo nacional de suelos, tiene pozo de 170 pies perforado<br>FIRMA: https://kf.kobotoolbox.org/api/v2/assets/ad7G92bXCJpMkqNXz97XDt/data/739269652/attachments/attnLsKSJbBAWuJX5TZfmWF9/]]></description>
        <styleUrl>#icon-1899-FFD600</styleUrl>
        <ExtendedData>
          <Data name="﻿FECHA">
            <value>29/4/2026</value>
          </Data>
          <Data name="LATITUD">
            <value>15.1047011</value>
          </Data>
          <Data name="LONGITUD">
            <value>-87.2652239</value>
          </Data>
          <Data name="ALTITUD MSNM">
            <value>673.0</value>
          </Data>
          <Data name="DEPARTAMENTO">
            <value>Yoro</value>
          </Data>
          <Data name="MUNICIPIO">
            <value>Yorito</value>
          </Data>
          <Data name="FINCA">
            <value>Finca Ferrera</value>
          </Data>
          <Data name="DNI">
            <value>1811-1972-00138</value>
          </Data>
          <Data name="IMAGEN DNI">
            <value>https://kf.kobotoolbox.org/api/v2/assets/ad7G92bXCJpMkqNXz97XDt/data/739269652/attachments/attxqW9GGZnF3VshBWpftnBB/</value>
          </Data>
          <Data name="EDAD">
            <value>53.0</value>
          </Data>
          <Data name="RAZA">
            <value>Antillano</value>
          </Data>
          <Data name="VARIEDAD">
            <value>Choquette</value>
          </Data>
          <Data name="TOTAL PLANTAS">
            <value>150.0</value>
          </Data>
          <Data name="PLANTAS EN PRODUCCION">
            <value>50.0</value>
          </Data>
          <Data name="AREA EN MZ">
            <value>0.75</value>
          </Data>
          <Data name="ANALISIS DE SUELO">
            <value>Si</value>
          </Data>
          <Data name="IMAGEN ANALISIS">
            <value/>
          </Data>
          <Data name="FERTILIZA">
            <value>Si</value>
          </Data>
          <Data name="FUMIGA">
            <value>Si</value>
          </Data>
          <Data name="SISTEMA DE RIEGO">
            <value>No</value>
          </Data>
          <Data name="TIPO DE SISTEMA">
            <value/>
          </Data>
          <Data name="AREA CON RIEGO">
            <value/>
          </Data>
          <Data name="FUENTE DE AGUA">
            <value>Si</value>
          </Data>
          <Data name="CAPACITACION">
            <value>Si</value>
          </Data>
          <Data name="REALIZA PODAS">
            <value>Si</value>
          </Data>
          <Data name="AFILIADO A ASPAH">
            <value>Si</value>
          </Data>
          <Data name="CREDITO">
            <value>No</value>
          </Data>
          <Data name="TRABAJADORES PERMANENTES">
            <value>No</value>
          </Data>
          <Data name="CUANTOS TP">
            <value/>
          </Data>
          <Data name="TRANBAJADORES TEMPORALES">
            <value>Si</value>
          </Data>
          <Data name="CUANTOS TT">
            <value>3.0</value>
          </Data>
          <Data name="SALARIO POR DIA">
            <value>250.0</value>
          </Data>
          <Data name="LIBRAS COSECHADAS">
            <value/>
          </Data>
          <Data name="UNIDADES COSECHADAS">
            <value>1500.0</value>
          </Data>
          <Data name="UNIDADES COSSECHADAS">
            <value/>
          </Data>
          <Data name="MESES DE COSECHA">
            <value>Octubre Noviembre</value>
          </Data>
          <Data name="DONDE VENDE">
            <value>Un comprador viene a mi finca.</value>
          </Data>
          <Data name="PRECIO LIBRA">
            <value/>
          </Data>
          <Data name="PRECIO UNIDAD">
            <value>13.0</value>
          </Data>
          <Data name="PRECIO UNNIDAD">
            <value/>
          </Data>
          <Data name="TRANSPORTE DE COSECHA">
            <value>Ninguno</value>
          </Data>
          <Data name="IMAGEN PRODUCTOR">
            <value>https://kf.kobotoolbox.org/api/v2/assets/ad7G92bXCJpMkqNXz97XDt/data/739269652/attachments/attpdBG6ckPLkHWtBNfbXsXN/</value>
          </Data>
          <Data name="OBSERVACION">
            <value>Analisis de suelo no entregado por el censo nacional de suelos, tiene pozo de 170 pies perforado</value>
          </Data>
          <Data name="FIRMA">
            <value>https://kf.kobotoolbox.org/api/v2/assets/ad7G92bXCJpMkqNXz97XDt/data/739269652/attachments/attnLsKSJbBAWuJX5TZfmWF9/</value>
          </Data>
        </ExtendedData>
        <Point>
          <coordinates>
            -87.2652239,15.1047011,0
          </coordinates>
        </Point>
      </Placemark>
      <Placemark>
        <name>LUIS FELIPE SANCHEZ ESCOTO</name>
        <description><![CDATA[﻿FECHA: 29/4/2026<br>LATITUD: 15.1022037<br>LONGITUD: -87.2790906<br>ALTITUD MSNM: 711<br>DEPARTAMENTO: Yoro<br>MUNICIPIO: Yorito<br>FINCA: Finca Sanchez<br>DNI: 0304-1965-00247<br>IMAGEN DNI: https://kf.kobotoolbox.org/api/v2/assets/ad7G92bXCJpMkqNXz97XDt/data/739279002/attachments/atttrCQMtSz6wfsPHHh22v8F/<br>EDAD: 60<br>RAZA: Antillano<br>VARIEDAD: Choquette Belice<br>TOTAL PLANTAS: 100<br>PLANTAS EN PRODUCCION: 70<br>AREA EN MZ: 0.75<br>ANALISIS DE SUELO: Si<br>IMAGEN ANALISIS: <br>FERTILIZA: Si<br>FUMIGA: Si<br>SISTEMA DE RIEGO: Si<br>TIPO DE SISTEMA: Sistema de riego por goteo<br>AREA CON RIEGO: 0.75<br>FUENTE DE AGUA: <br>CAPACITACION: Si<br>REALIZA PODAS: Si<br>AFILIADO A ASPAH: No<br>CREDITO: No<br>TRABAJADORES PERMANENTES: No<br>CUANTOS TP: <br>TRANBAJADORES TEMPORALES: Si<br>CUANTOS TT: 3<br>SALARIO POR DIA: 250<br>LIBRAS COSECHADAS: <br>UNIDADES COSECHADAS: 20000<br>UNIDADES COSSECHADAS: <br>MESES DE COSECHA: Septiembre Octubre Noviembre Agosto Diciembre Enero<br>DONDE VENDE: Un comprador viene a mi finca.<br>PRECIO LIBRA: <br>PRECIO UNIDAD: 10<br>PRECIO UNNIDAD: <br>TRANSPORTE DE COSECHA: Ninguno<br>IMAGEN PRODUCTOR: https://kf.kobotoolbox.org/api/v2/assets/ad7G92bXCJpMkqNXz97XDt/data/739279002/attachments/attqqvfSy2aLnozURx2ATW8p/<br>OBSERVACION: 30% de la ultima cosecha se perdio por madurez y mal precio variedad belice<br>FIRMA: https://kf.kobotoolbox.org/api/v2/assets/ad7G92bXCJpMkqNXz97XDt/data/739279002/attachments/att5quVtNjHmgQQPQMtEgbf4/]]></description>
        <styleUrl>#icon-1899-FFD600</styleUrl>
        <ExtendedData>
          <Data name="﻿FECHA">
            <value>29/4/2026</value>
          </Data>
          <Data name="LATITUD">
            <value>15.1022037</value>
          </Data>
          <Data name="LONGITUD">
            <value>-87.2790906</value>
          </Data>
          <Data name="ALTITUD MSNM">
            <value>711.0</value>
          </Data>
          <Data name="DEPARTAMENTO">
            <value>Yoro</value>
          </Data>
          <Data name="MUNICIPIO">
            <value>Yorito</value>
          </Data>
          <Data name="FINCA">
            <value>Finca Sanchez</value>
          </Data>
          <Data name="DNI">
            <value>0304-1965-00247</value>
          </Data>
          <Data name="IMAGEN DNI">
            <value>https://kf.kobotoolbox.org/api/v2/assets/ad7G92bXCJpMkqNXz97XDt/data/739279002/attachments/atttrCQMtSz6wfsPHHh22v8F/</value>
          </Data>
          <Data name="EDAD">
            <value>60.0</value>
          </Data>
          <Data name="RAZA">
            <value>Antillano</value>
          </Data>
          <Data name="VARIEDAD">
            <value>Choquette Belice</value>
          </Data>
          <Data name="TOTAL PLANTAS">
            <value>100.0</value>
          </Data>
          <Data name="PLANTAS EN PRODUCCION">
            <value>70.0</value>
          </Data>
          <Data name="AREA EN MZ">
            <value>0.75</value>
          </Data>
          <Data name="ANALISIS DE SUELO">
            <value>Si</value>
          </Data>
          <Data name="IMAGEN ANALISIS">
            <value/>
          </Data>
          <Data name="FERTILIZA">
            <value>Si</value>
          </Data>
          <Data name="FUMIGA">
            <value>Si</value>
          </Data>
          <Data name="SISTEMA DE RIEGO">
            <value>Si</value>
          </Data>
          <Data name="TIPO DE SISTEMA">
            <value>Sistema de riego por goteo</value>
          </Data>
          <Data name="AREA CON RIEGO">
            <value>0.75</value>
          </Data>
          <Data name="FUENTE DE AGUA">
            <value/>
          </Data>
          <Data name="CAPACITACION">
            <value>Si</value>
          </Data>
          <Data name="REALIZA PODAS">
            <value>Si</value>
          </Data>
          <Data name="AFILIADO A ASPAH">
            <value>No</value>
          </Data>
          <Data name="CREDITO">
            <value>No</value>
          </Data>
          <Data name="TRABAJADORES PERMANENTES">
            <value>No</value>
          </Data>
          <Data name="CUANTOS TP">
            <value/>
          </Data>
          <Data name="TRANBAJADORES TEMPORALES">
            <value>Si</value>
          </Data>
          <Data name="CUANTOS TT">
            <value>3.0</value>
          </Data>
          <Data name="SALARIO POR DIA">
            <value>250.0</value>
          </Data>
          <Data name="LIBRAS COSECHADAS">
            <value/>
          </Data>
          <Data name="UNIDADES COSECHADAS">
            <value>20000.0</value>
          </Data>
          <Data name="UNIDADES COSSECHADAS">
            <value/>
          </Data>
          <Data name="MESES DE COSECHA">
            <value>Septiembre Octubre Noviembre Agosto Diciembre Enero</value>
          </Data>
          <Data name="DONDE VENDE">
            <value>Un comprador viene a mi finca.</value>
          </Data>
          <Data name="PRECIO LIBRA">
            <value/>
          </Data>
          <Data name="PRECIO UNIDAD">
            <value>10.0</value>
          </Data>
          <Data name="PRECIO UNNIDAD">
            <value/>
          </Data>
          <Data name="TRANSPORTE DE COSECHA">
            <value>Ninguno</value>
          </Data>
          <Data name="IMAGEN PRODUCTOR">
            <value>https://kf.kobotoolbox.org/api/v2/assets/ad7G92bXCJpMkqNXz97XDt/data/739279002/attachments/attqqvfSy2aLnozURx2ATW8p/</value>
          </Data>
          <Data name="OBSERVACION">
            <value>30% de la ultima cosecha se perdio por madurez y mal precio variedad belice</value>
          </Data>
          <Data name="FIRMA">
            <value>https://kf.kobotoolbox.org/api/v2/assets/ad7G92bXCJpMkqNXz97XDt/data/739279002/attachments/att5quVtNjHmgQQPQMtEgbf4/</value>
          </Data>
        </ExtendedData>
        <Point>
          <coordinates>
            -87.2790906,15.1022037,0
          </coordinates>
        </Point>
      </Placemark>
      <Placemark>
        <name>NIDIA ELIZABETH PALMA BARAHONA </name>
        <description><![CDATA[﻿FECHA: 29/4/2026<br>LATITUD: 15.1023424<br>LONGITUD: -87.2797412<br>ALTITUD MSNM: 711<br>DEPARTAMENTO: Yoro<br>MUNICIPIO: Yorito<br>FINCA: Finca Las Marias<br>DNI: 0501-1977-08119<br>IMAGEN DNI: https://kf.kobotoolbox.org/api/v2/assets/ad7G92bXCJpMkqNXz97XDt/data/739284795/attachments/attPLeJVVS7q4PLbUnGwuAgw/<br>EDAD: 48<br>RAZA: Antillano<br>VARIEDAD: Choquette Belice Simmons<br>TOTAL PLANTAS: 30<br>PLANTAS EN PRODUCCION: 30<br>AREA EN MZ: 0.25<br>ANALISIS DE SUELO: No<br>IMAGEN ANALISIS: <br>FERTILIZA: Si<br>FUMIGA: Si<br>SISTEMA DE RIEGO: No<br>TIPO DE SISTEMA: <br>AREA CON RIEGO: <br>FUENTE DE AGUA: No<br>CAPACITACION: Si<br>REALIZA PODAS: Si<br>AFILIADO A ASPAH: Si<br>CREDITO: No<br>TRABAJADORES PERMANENTES: No<br>CUANTOS TP: <br>TRANBAJADORES TEMPORALES: Si<br>CUANTOS TT: 2<br>SALARIO POR DIA: 250<br>LIBRAS COSECHADAS: <br>UNIDADES COSECHADAS: 5000<br>UNIDADES COSSECHADAS: <br>MESES DE COSECHA: Agosto Septiembre Octubre<br>DONDE VENDE: Un comprador viene a mi finca.<br>PRECIO LIBRA: <br>PRECIO UNIDAD: 8<br>PRECIO UNNIDAD: <br>TRANSPORTE DE COSECHA: Ninguno<br>IMAGEN PRODUCTOR: https://kf.kobotoolbox.org/api/v2/assets/ad7G92bXCJpMkqNXz97XDt/data/739284795/attachments/attYhNtukPCX83MdnyShLHp7/<br>OBSERVACION: Precio de venta muy bajo<br>FIRMA: https://kf.kobotoolbox.org/api/v2/assets/ad7G92bXCJpMkqNXz97XDt/data/739284795/attachments/attmvZVtWqAujMY9UdMjUFre/]]></description>
        <styleUrl>#icon-1899-FFD600</styleUrl>
        <ExtendedData>
          <Data name="﻿FECHA">
            <value>29/4/2026</value>
          </Data>
          <Data name="LATITUD">
            <value>15.1023424</value>
          </Data>
          <Data name="LONGITUD">
            <value>-87.2797412</value>
          </Data>
          <Data name="ALTITUD MSNM">
            <value>711.0</value>
          </Data>
          <Data name="DEPARTAMENTO">
            <value>Yoro</value>
          </Data>
          <Data name="MUNICIPIO">
            <value>Yorito</value>
          </Data>
          <Data name="FINCA">
            <value>Finca Las Marias</value>
          </Data>
          <Data name="DNI">
            <value>0501-1977-08119</value>
          </Data>
          <Data name="IMAGEN DNI">
            <value>https://kf.kobotoolbox.org/api/v2/assets/ad7G92bXCJpMkqNXz97XDt/data/739284795/attachments/attPLeJVVS7q4PLbUnGwuAgw/</value>
          </Data>
          <Data name="EDAD">
            <value>48.0</value>
          </Data>
          <Data name="RAZA">
            <value>Antillano</value>
          </Data>
          <Data name="VARIEDAD">
            <value>Choquette Belice Simmons</value>
          </Data>
          <Data name="TOTAL PLANTAS">
            <value>30.0</value>
          </Data>
          <Data name="PLANTAS EN PRODUCCION">
            <value>30.0</value>
          </Data>
          <Data name="AREA EN MZ">
            <value>0.25</value>
          </Data>
          <Data name="ANALISIS DE SUELO">
            <value>No</value>
          </Data>
          <Data name="IMAGEN ANALISIS">
            <value/>
          </Data>
          <Data name="FERTILIZA">
            <value>Si</value>
          </Data>
          <Data name="FUMIGA">
            <value>Si</value>
          </Data>
          <Data name="SISTEMA DE RIEGO">
            <value>No</value>
          </Data>
          <Data name="TIPO DE SISTEMA">
            <value/>
          </Data>
          <Data name="AREA CON RIEGO">
            <value/>
          </Data>
          <Data name="FUENTE DE AGUA">
            <value>No</value>
          </Data>
          <Data name="CAPACITACION">
            <value>Si</value>
          </Data>
          <Data name="REALIZA PODAS">
            <value>Si</value>
          </Data>
          <Data name="AFILIADO A ASPAH">
            <value>Si</value>
          </Data>
          <Data name="CREDITO">
            <value>No</value>
          </Data>
          <Data name="TRABAJADORES PERMANENTES">
            <value>No</value>
          </Data>
          <Data name="CUANTOS TP">
            <value/>
          </Data>
          <Data name="TRANBAJADORES TEMPORALES">
            <value>Si</value>
          </Data>
          <Data name="CUANTOS TT">
            <value>2.0</value>
          </Data>
          <Data name="SALARIO POR DIA">
            <value>250.0</value>
          </Data>
          <Data name="LIBRAS COSECHADAS">
            <value/>
          </Data>
          <Data name="UNIDADES COSECHADAS">
            <value>5000.0</value>
          </Data>
          <Data name="UNIDADES COSSECHADAS">
            <value/>
          </Data>
          <Data name="MESES DE COSECHA">
            <value>Agosto Septiembre Octubre</value>
          </Data>
          <Data name="DONDE VENDE">
            <value>Un comprador viene a mi finca.</value>
          </Data>
          <Data name="PRECIO LIBRA">
            <value/>
          </Data>
          <Data name="PRECIO UNIDAD">
            <value>8.0</value>
          </Data>
          <Data name="PRECIO UNNIDAD">
            <value/>
          </Data>
          <Data name="TRANSPORTE DE COSECHA">
            <value>Ninguno</value>
          </Data>
          <Data name="IMAGEN PRODUCTOR">
            <value>https://kf.kobotoolbox.org/api/v2/assets/ad7G92bXCJpMkqNXz97XDt/data/739284795/attachments/attYhNtukPCX83MdnyShLHp7/</value>
          </Data>
          <Data name="OBSERVACION">
            <value>Precio de venta muy bajo</value>
          </Data>
          <Data name="FIRMA">
            <value>https://kf.kobotoolbox.org/api/v2/assets/ad7G92bXCJpMkqNXz97XDt/data/739284795/attachments/attmvZVtWqAujMY9UdMjUFre/</value>
          </Data>
        </ExtendedData>
        <Point>
          <coordinates>
            -87.2797412,15.1023424,0
          </coordinates>
        </Point>
      </Placemark>
      <Placemark>
        <name>JORGE JOVANY GAMEZ BARAHONA </name>
        <description><![CDATA[﻿FECHA: 29/4/2026<br>LATITUD: 15.1006503<br>LONGITUD: -87.2769923<br>ALTITUD MSNM: 711<br>DEPARTAMENTO: Yoro<br>MUNICIPIO: Yorito<br>FINCA: Finca Gamez<br>DNI: 1811-1975-00022<br>IMAGEN DNI: https://kf.kobotoolbox.org/api/v2/assets/ad7G92bXCJpMkqNXz97XDt/data/739289535/attachments/attB72SD7t8jvw6xMuTJQq4A/<br>EDAD: 51<br>RAZA: Antillano<br>VARIEDAD: Belice Choquette Boot 7<br>TOTAL PLANTAS: 100<br>PLANTAS EN PRODUCCION: 100<br>AREA EN MZ: 1<br>ANALISIS DE SUELO: No<br>IMAGEN ANALISIS: <br>FERTILIZA: Si<br>FUMIGA: Si<br>SISTEMA DE RIEGO: Si<br>TIPO DE SISTEMA: Sistema de riego por goteo<br>AREA CON RIEGO: 1<br>FUENTE DE AGUA: <br>CAPACITACION: Si<br>REALIZA PODAS: No<br>AFILIADO A ASPAH: No<br>CREDITO: No<br>TRABAJADORES PERMANENTES: Si<br>CUANTOS TP: 2<br>TRANBAJADORES TEMPORALES: No<br>CUANTOS TT: <br>SALARIO POR DIA: 250<br>LIBRAS COSECHADAS: <br>UNIDADES COSECHADAS: 35000<br>UNIDADES COSSECHADAS: <br>MESES DE COSECHA: Junio Julio Agosto Septiembre<br>DONDE VENDE: Un comprador viene a mi finca.<br>PRECIO LIBRA: <br>PRECIO UNIDAD: 6<br>PRECIO UNNIDAD: <br>TRANSPORTE DE COSECHA: Ninguno<br>IMAGEN PRODUCTOR: https://kf.kobotoolbox.org/api/v2/assets/ad7G92bXCJpMkqNXz97XDt/data/739289535/attachments/attMcWT7LDwtp5bUYR6DRFH3/<br>OBSERVACION: La variedad predominante en esta finca es el BELICE y sale en los meses de Junio y Julio<br>FIRMA: https://kf.kobotoolbox.org/api/v2/assets/ad7G92bXCJpMkqNXz97XDt/data/739289535/attachments/att7vKDp2eaTFLH7q68KMrDX/]]></description>
        <styleUrl>#icon-1899-FFD600</styleUrl>
        <ExtendedData>
          <Data name="﻿FECHA">
            <value>29/4/2026</value>
          </Data>
          <Data name="LATITUD">
            <value>15.1006503</value>
          </Data>
          <Data name="LONGITUD">
            <value>-87.2769923</value>
          </Data>
          <Data name="ALTITUD MSNM">
            <value>711.0</value>
          </Data>
          <Data name="DEPARTAMENTO">
            <value>Yoro</value>
          </Data>
          <Data name="MUNICIPIO">
            <value>Yorito</value>
          </Data>
          <Data name="FINCA">
            <value>Finca Gamez</value>
          </Data>
          <Data name="DNI">
            <value>1811-1975-00022</value>
          </Data>
          <Data name="IMAGEN DNI">
            <value>https://kf.kobotoolbox.org/api/v2/assets/ad7G92bXCJpMkqNXz97XDt/data/739289535/attachments/attB72SD7t8jvw6xMuTJQq4A/</value>
          </Data>
          <Data name="EDAD">
            <value>51.0</value>
          </Data>
          <Data name="RAZA">
            <value>Antillano</value>
          </Data>
          <Data name="VARIEDAD">
            <value>Belice Choquette Boot 7</value>
          </Data>
          <Data name="TOTAL PLANTAS">
            <value>100.0</value>
          </Data>
          <Data name="PLANTAS EN PRODUCCION">
            <value>100.0</value>
          </Data>
          <Data name="AREA EN MZ">
            <value>1</value>
          </Data>
          <Data name="ANALISIS DE SUELO">
            <value>No</value>
          </Data>
          <Data name="IMAGEN ANALISIS">
            <value/>
          </Data>
          <Data name="FERTILIZA">
            <value>Si</value>
          </Data>
          <Data name="FUMIGA">
            <value>Si</value>
          </Data>
          <Data name="SISTEMA DE RIEGO">
            <value>Si</value>
          </Data>
          <Data name="TIPO DE SISTEMA">
            <value>Sistema de riego por goteo</value>
          </Data>
          <Data name="AREA CON RIEGO">
            <value>1</value>
          </Data>
          <Data name="FUENTE DE AGUA">
            <value/>
          </Data>
          <Data name="CAPACITACION">
            <value>Si</value>
          </Data>
          <Data name="REALIZA PODAS">
            <value>No</value>
          </Data>
          <Data name="AFILIADO A ASPAH">
            <value>No</value>
          </Data>
          <Data name="CREDITO">
            <value>No</value>
          </Data>
          <Data name="TRABAJADORES PERMANENTES">
            <value>Si</value>
          </Data>
          <Data name="CUANTOS TP">
            <value>2.0</value>
          </Data>
          <Data name="TRANBAJADORES TEMPORALES">
            <value>No</value>
          </Data>
          <Data name="CUANTOS TT">
            <value/>
          </Data>
          <Data name="SALARIO POR DIA">
            <value>250.0</value>
          </Data>
          <Data name="LIBRAS COSECHADAS">
            <value/>
          </Data>
          <Data name="UNIDADES COSECHADAS">
            <value>35000.0</value>
          </Data>
          <Data name="UNIDADES COSSECHADAS">
            <value/>
          </Data>
          <Data name="MESES DE COSECHA">
            <value>Junio Julio Agosto Septiembre</value>
          </Data>
          <Data name="DONDE VENDE">
            <value>Un comprador viene a mi finca.</value>
          </Data>
          <Data name="PRECIO LIBRA">
            <value/>
          </Data>
          <Data name="PRECIO UNIDAD">
            <value>6.0</value>
          </Data>
          <Data name="PRECIO UNNIDAD">
            <value/>
          </Data>
          <Data name="TRANSPORTE DE COSECHA">
            <value>Ninguno</value>
          </Data>
          <Data name="IMAGEN PRODUCTOR">
            <value>https://kf.kobotoolbox.org/api/v2/assets/ad7G92bXCJpMkqNXz97XDt/data/739289535/attachments/attMcWT7LDwtp5bUYR6DRFH3/</value>
          </Data>
          <Data name="OBSERVACION">
            <value>La variedad predominante en esta finca es el BELICE y sale en los meses de Junio y Julio</value>
          </Data>
          <Data name="FIRMA">
            <value>https://kf.kobotoolbox.org/api/v2/assets/ad7G92bXCJpMkqNXz97XDt/data/739289535/attachments/att7vKDp2eaTFLH7q68KMrDX/</value>
          </Data>
        </ExtendedData>
        <Point>
          <coordinates>
            -87.2769923,15.1006503,0
          </coordinates>
        </Point>
      </Placemark>
      <Placemark>
        <name>JOSE LUIS AMADOR AGUILAR</name>
        <description><![CDATA[﻿FECHA: 29/4/2026<br>LATITUD: 15.1023754<br>LONGITUD: -87.283291<br>ALTITUD MSNM: 722<br>DEPARTAMENTO: Yoro<br>MUNICIPIO: Yorito<br>FINCA: Finca La Loma<br>DNI: 0601-1989-01632<br>IMAGEN DNI: https://kf.kobotoolbox.org/api/v2/assets/ad7G92bXCJpMkqNXz97XDt/data/739297056/attachments/attMQbvX7pjvCiToAMxjujko/<br>EDAD: 36<br>RAZA: Antillano<br>VARIEDAD: Choquette Belice Boot 7<br>TOTAL PLANTAS: 320<br>PLANTAS EN PRODUCCION: 280<br>AREA EN MZ: 1.5<br>ANALISIS DE SUELO: No<br>IMAGEN ANALISIS: <br>FERTILIZA: Si<br>FUMIGA: Si<br>SISTEMA DE RIEGO: Si<br>TIPO DE SISTEMA: Sistema de riego por goteo<br>AREA CON RIEGO: 1.5<br>FUENTE DE AGUA: <br>CAPACITACION: Si<br>REALIZA PODAS: Si<br>AFILIADO A ASPAH: Si<br>CREDITO: No<br>TRABAJADORES PERMANENTES: No<br>CUANTOS TP: <br>TRANBAJADORES TEMPORALES: Si<br>CUANTOS TT: 2<br>SALARIO POR DIA: 400<br>LIBRAS COSECHADAS: <br>UNIDADES COSECHADAS: 48000<br>UNIDADES COSSECHADAS: <br>MESES DE COSECHA: Octubre<br>DONDE VENDE: Un comprador viene a mi finca.<br>PRECIO LIBRA: <br>PRECIO UNIDAD: 12<br>PRECIO UNNIDAD: <br>TRANSPORTE DE COSECHA: Ninguno<br>IMAGEN PRODUCTOR: https://kf.kobotoolbox.org/api/v2/assets/ad7G92bXCJpMkqNXz97XDt/data/739297056/attachments/attbYhGFiwg5r695W43u64CX/<br>OBSERVACION: La encuesta la contesto el propietario via videollamada y la esposa tomo la fotografía en la finca y firmo<br>FIRMA: https://kf.kobotoolbox.org/api/v2/assets/ad7G92bXCJpMkqNXz97XDt/data/739297056/attachments/attjKPyERM8Kodkjn7RMT7aM/]]></description>
        <styleUrl>#icon-1899-FFD600</styleUrl>
        <ExtendedData>
          <Data name="﻿FECHA">
            <value>29/4/2026</value>
          </Data>
          <Data name="LATITUD">
            <value>15.1023754</value>
          </Data>
          <Data name="LONGITUD">
            <value>-87.283291</value>
          </Data>
          <Data name="ALTITUD MSNM">
            <value>722.0</value>
          </Data>
          <Data name="DEPARTAMENTO">
            <value>Yoro</value>
          </Data>
          <Data name="MUNICIPIO">
            <value>Yorito</value>
          </Data>
          <Data name="FINCA">
            <value>Finca La Loma</value>
          </Data>
          <Data name="DNI">
            <value>0601-1989-01632</value>
          </Data>
          <Data name="IMAGEN DNI">
            <value>https://kf.kobotoolbox.org/api/v2/assets/ad7G92bXCJpMkqNXz97XDt/data/739297056/attachments/attMQbvX7pjvCiToAMxjujko/</value>
          </Data>
          <Data name="EDAD">
            <value>36.0</value>
          </Data>
          <Data name="RAZA">
            <value>Antillano</value>
          </Data>
          <Data name="VARIEDAD">
            <value>Choquette Belice Boot 7</value>
          </Data>
          <Data name="TOTAL PLANTAS">
            <value>320.0</value>
          </Data>
          <Data name="PLANTAS EN PRODUCCION">
            <value>280.0</value>
          </Data>
          <Data name="AREA EN MZ">
            <value>1.5</value>
          </Data>
          <Data name="ANALISIS DE SUELO">
            <value>No</value>
          </Data>
          <Data name="IMAGEN ANALISIS">
            <value/>
          </Data>
          <Data name="FERTILIZA">
            <value>Si</value>
          </Data>
          <Data name="FUMIGA">
            <value>Si</value>
          </Data>
          <Data name="SISTEMA DE RIEGO">
            <value>Si</value>
          </Data>
          <Data name="TIPO DE SISTEMA">
            <value>Sistema de riego por goteo</value>
          </Data>
          <Data name="AREA CON RIEGO">
            <value>1.5</value>
          </Data>
          <Data name="FUENTE DE AGUA">
            <value/>
          </Data>
          <Data name="CAPACITACION">
            <value>Si</value>
          </Data>
          <Data name="REALIZA PODAS">
            <value>Si</value>
          </Data>
          <Data name="AFILIADO A ASPAH">
            <value>Si</value>
          </Data>
          <Data name="CREDITO">
            <value>No</value>
          </Data>
          <Data name="TRABAJADORES PERMANENTES">
            <value>No</value>
          </Data>
          <Data name="CUANTOS TP">
            <value/>
          </Data>
          <Data name="TRANBAJADORES TEMPORALES">
            <value>Si</value>
          </Data>
          <Data name="CUANTOS TT">
            <value>2.0</value>
          </Data>
          <Data name="SALARIO POR DIA">
            <value>400.0</value>
          </Data>
          <Data name="LIBRAS COSECHADAS">
            <value/>
          </Data>
          <Data name="UNIDADES COSECHADAS">
            <value>48000.0</value>
          </Data>
          <Data name="UNIDADES COSSECHADAS">
            <value/>
          </Data>
          <Data name="MESES DE COSECHA">
            <value>Octubre</value>
          </Data>
          <Data name="DONDE VENDE">
            <value>Un comprador viene a mi finca.</value>
          </Data>
          <Data name="PRECIO LIBRA">
            <value/>
          </Data>
          <Data name="PRECIO UNIDAD">
            <value>12.0</value>
          </Data>
          <Data name="PRECIO UNNIDAD">
            <value/>
          </Data>
          <Data name="TRANSPORTE DE COSECHA">
            <value>Ninguno</value>
          </Data>
          <Data name="IMAGEN PRODUCTOR">
            <value>https://kf.kobotoolbox.org/api/v2/assets/ad7G92bXCJpMkqNXz97XDt/data/739297056/attachments/attbYhGFiwg5r695W43u64CX/</value>
          </Data>
          <Data name="OBSERVACION">
            <value>La encuesta la contesto el propietario via videollamada y la esposa tomo la fotografía en la finca y firmo</value>
          </Data>
          <Data name="FIRMA">
            <value>https://kf.kobotoolbox.org/api/v2/assets/ad7G92bXCJpMkqNXz97XDt/data/739297056/attachments/attjKPyERM8Kodkjn7RMT7aM/</value>
          </Data>
        </ExtendedData>
        <Point>
          <coordinates>
            -87.283291,15.1023754,0
          </coordinates>
        </Point>
      </Placemark>
      <Placemark>
        <name>JOSE DANILO CRUZ SIERRA</name>
        <description><![CDATA[﻿FECHA: 29/4/2026<br>LATITUD: 15.1193105<br>LONGITUD: -87.2737559<br>ALTITUD MSNM: 684<br>DEPARTAMENTO: Yoro<br>MUNICIPIO: Yoro<br>FINCA: Finca Rio Tunca<br>DNI: 1811-1971-00026<br>IMAGEN DNI: https://kf.kobotoolbox.org/api/v2/assets/ad7G92bXCJpMkqNXz97XDt/data/739302137/attachments/attDpQZqAXVnD7DjbUpULEJZ/<br>EDAD: 55<br>RAZA: Antillano<br>VARIEDAD: Choquette<br>TOTAL PLANTAS: 500<br>PLANTAS EN PRODUCCION: 500<br>AREA EN MZ: 4<br>ANALISIS DE SUELO: Si<br>IMAGEN ANALISIS: <br>FERTILIZA: Si<br>FUMIGA: Si<br>SISTEMA DE RIEGO: Si<br>TIPO DE SISTEMA: Sistema de riego por goteo<br>AREA CON RIEGO: 2<br>FUENTE DE AGUA: <br>CAPACITACION: Si<br>REALIZA PODAS: Si<br>AFILIADO A ASPAH: Si<br>CREDITO: No<br>TRABAJADORES PERMANENTES: Si<br>CUANTOS TP: 1<br>TRANBAJADORES TEMPORALES: Si<br>CUANTOS TT: 3<br>SALARIO POR DIA: 300<br>LIBRAS COSECHADAS: <br>UNIDADES COSECHADAS: 12000<br>UNIDADES COSSECHADAS: <br>MESES DE COSECHA: Octubre Noviembre Diciembre<br>DONDE VENDE: Un comprador viene a mi finca.<br>PRECIO LIBRA: <br>PRECIO UNIDAD: 15<br>PRECIO UNNIDAD: <br>TRANSPORTE DE COSECHA: Ninguno<br>IMAGEN PRODUCTOR: https://kf.kobotoolbox.org/api/v2/assets/ad7G92bXCJpMkqNXz97XDt/data/739302137/attachments/attvQohJHxCkmjZRvomc6U9G/<br>OBSERVACION: No le han entregado el analisis de suelo<br>FIRMA: https://kf.kobotoolbox.org/api/v2/assets/ad7G92bXCJpMkqNXz97XDt/data/739302137/attachments/attyDpb4SHmgjt9opy47tpB9/]]></description>
        <styleUrl>#icon-1899-FFD600</styleUrl>
        <ExtendedData>
          <Data name="﻿FECHA">
            <value>29/4/2026</value>
          </Data>
          <Data name="LATITUD">
            <value>15.1193105</value>
          </Data>
          <Data name="LONGITUD">
            <value>-87.2737559</value>
          </Data>
          <Data name="ALTITUD MSNM">
            <value>684.0</value>
          </Data>
          <Data name="DEPARTAMENTO">
            <value>Yoro</value>
          </Data>
          <Data name="MUNICIPIO">
            <value>Yoro</value>
          </Data>
          <Data name="FINCA">
            <value>Finca Rio Tunca</value>
          </Data>
          <Data name="DNI">
            <value>1811-1971-00026</value>
          </Data>
          <Data name="IMAGEN DNI">
            <value>https://kf.kobotoolbox.org/api/v2/assets/ad7G92bXCJpMkqNXz97XDt/data/739302137/attachments/attDpQZqAXVnD7DjbUpULEJZ/</value>
          </Data>
          <Data name="EDAD">
            <value>55.0</value>
          </Data>
          <Data name="RAZA">
            <value>Antillano</value>
          </Data>
          <Data name="VARIEDAD">
            <value>Choquette</value>
          </Data>
          <Data name="TOTAL PLANTAS">
            <value>500.0</value>
          </Data>
          <Data name="PLANTAS EN PRODUCCION">
            <value>500.0</value>
          </Data>
          <Data name="AREA EN MZ">
            <value>4</value>
          </Data>
          <Data name="ANALISIS DE SUELO">
            <value>Si</value>
          </Data>
          <Data name="IMAGEN ANALISIS">
            <value/>
          </Data>
          <Data name="FERTILIZA">
            <value>Si</value>
          </Data>
          <Data name="FUMIGA">
            <value>Si</value>
          </Data>
          <Data name="SISTEMA DE RIEGO">
            <value>Si</value>
          </Data>
          <Data name="TIPO DE SISTEMA">
            <value>Sistema de riego por goteo</value>
          </Data>
          <Data name="AREA CON RIEGO">
            <value>2</value>
          </Data>
          <Data name="FUENTE DE AGUA">
            <value/>
          </Data>
          <Data name="CAPACITACION">
            <value>Si</value>
          </Data>
          <Data name="REALIZA PODAS">
            <value>Si</value>
          </Data>
          <Data name="AFILIADO A ASPAH">
            <value>Si</value>
          </Data>
          <Data name="CREDITO">
            <value>No</value>
          </Data>
          <Data name="TRABAJADORES PERMANENTES">
            <value>Si</value>
          </Data>
          <Data name="CUANTOS TP">
            <value>1.0</value>
          </Data>
          <Data name="TRANBAJADORES TEMPORALES">
            <value>Si</value>
          </Data>
          <Data name="CUANTOS TT">
            <value>3.0</value>
          </Data>
          <Data name="SALARIO POR DIA">
            <value>300.0</value>
          </Data>
          <Data name="LIBRAS COSECHADAS">
            <value/>
          </Data>
          <Data name="UNIDADES COSECHADAS">
            <value>12000.0</value>
          </Data>
          <Data name="UNIDADES COSSECHADAS">
            <value/>
          </Data>
          <Data name="MESES DE COSECHA">
            <value>Octubre Noviembre Diciembre</value>
          </Data>
          <Data name="DONDE VENDE">
            <value>Un comprador viene a mi finca.</value>
          </Data>
          <Data name="PRECIO LIBRA">
            <value/>
          </Data>
          <Data name="PRECIO UNIDAD">
            <value>15.0</value>
          </Data>
          <Data name="PRECIO UNNIDAD">
            <value/>
          </Data>
          <Data name="TRANSPORTE DE COSECHA">
            <value>Ninguno</value>
          </Data>
          <Data name="IMAGEN PRODUCTOR">
            <value>https://kf.kobotoolbox.org/api/v2/assets/ad7G92bXCJpMkqNXz97XDt/data/739302137/attachments/attvQohJHxCkmjZRvomc6U9G/</value>
          </Data>
          <Data name="OBSERVACION">
            <value>No le han entregado el analisis de suelo</value>
          </Data>
          <Data name="FIRMA">
            <value>https://kf.kobotoolbox.org/api/v2/assets/ad7G92bXCJpMkqNXz97XDt/data/739302137/attachments/attyDpb4SHmgjt9opy47tpB9/</value>
          </Data>
        </ExtendedData>
        <Point>
          <coordinates>
            -87.2737559,15.1193105,0
          </coordinates>
        </Point>
      </Placemark>
      <Placemark>
        <name>MARIO HERNAN TORRES MATUTE</name>
        <description><![CDATA[﻿FECHA: 30/4/2026<br>LATITUD: 15.1043745<br>LONGITUD: -87.281328<br>ALTITUD MSNM: 719<br>DEPARTAMENTO: Yoro<br>MUNICIPIO: Yorito<br>FINCA: Finca Buena Vista<br>DNI: 1804-1975-02692<br>IMAGEN DNI: https://kf.kobotoolbox.org/api/v2/assets/ad7G92bXCJpMkqNXz97XDt/data/739804040/attachments/attLvWMHZXAUBKYHBdyUDJNv/<br>EDAD: 50<br>RAZA: Antillano<br>VARIEDAD: Belice Simmons Choquette Boot 7 Wilson Popenoe<br>TOTAL PLANTAS: 340<br>PLANTAS EN PRODUCCION: 70<br>AREA EN MZ: 1.5<br>ANALISIS DE SUELO: No<br>IMAGEN ANALISIS: <br>FERTILIZA: Si<br>FUMIGA: Si<br>SISTEMA DE RIEGO: Si<br>TIPO DE SISTEMA: Sistema de riego por goteo<br>AREA CON RIEGO: 0.5<br>FUENTE DE AGUA: <br>CAPACITACION: Si<br>REALIZA PODAS: Si<br>AFILIADO A ASPAH: Si<br>CREDITO: No<br>TRABAJADORES PERMANENTES: No<br>CUANTOS TP: <br>TRANBAJADORES TEMPORALES: Si<br>CUANTOS TT: 3<br>SALARIO POR DIA: 250<br>LIBRAS COSECHADAS: <br>UNIDADES COSECHADAS: 2400<br>UNIDADES COSSECHADAS: <br>MESES DE COSECHA: Julio Octubre<br>DONDE VENDE: Un comprador viene a mi finca.<br>PRECIO LIBRA: <br>PRECIO UNIDAD: 9<br>PRECIO UNNIDAD: <br>TRANSPORTE DE COSECHA: Ninguno<br>IMAGEN PRODUCTOR: https://kf.kobotoolbox.org/api/v2/assets/ad7G92bXCJpMkqNXz97XDt/data/739804040/attachments/attCXU6gF6Cokva7WdRRJUgD/<br>OBSERVACION: Es profesor de primaria tiene 60 plantas de antillano en el lugar donde se georeoferrencio y tiene un nuevo proyecto de siembra de 280 aguacates de la variedad hass en la montaña a 1450 msnm<br>FIRMA: https://kf.kobotoolbox.org/api/v2/assets/ad7G92bXCJpMkqNXz97XDt/data/739804040/attachments/att8VUoquYDYLuCAVNq9dRuT/]]></description>
        <styleUrl>#icon-1899-FFD600</styleUrl>
        <ExtendedData>
          <Data name="﻿FECHA">
            <value>30/4/2026</value>
          </Data>
          <Data name="LATITUD">
            <value>15.1043745</value>
          </Data>
          <Data name="LONGITUD">
            <value>-87.281328</value>
          </Data>
          <Data name="ALTITUD MSNM">
            <value>719.0</value>
          </Data>
          <Data name="DEPARTAMENTO">
            <value>Yoro</value>
          </Data>
          <Data name="MUNICIPIO">
            <value>Yorito</value>
          </Data>
          <Data name="FINCA">
            <value>Finca Buena Vista</value>
          </Data>
          <Data name="DNI">
            <value>1804-1975-02692</value>
          </Data>
          <Data name="IMAGEN DNI">
            <value>https://kf.kobotoolbox.org/api/v2/assets/ad7G92bXCJpMkqNXz97XDt/data/739804040/attachments/attLvWMHZXAUBKYHBdyUDJNv/</value>
          </Data>
          <Data name="EDAD">
            <value>50.0</value>
          </Data>
          <Data name="RAZA">
            <value>Antillano</value>
          </Data>
          <Data name="VARIEDAD">
            <value>Belice Simmons Choquette Boot 7 Wilson Popenoe</value>
          </Data>
          <Data name="TOTAL PLANTAS">
            <value>340.0</value>
          </Data>
          <Data name="PLANTAS EN PRODUCCION">
            <value>70.0</value>
          </Data>
          <Data name="AREA EN MZ">
            <value>1.5</value>
          </Data>
          <Data name="ANALISIS DE SUELO">
            <value>No</value>
          </Data>
          <Data name="IMAGEN ANALISIS">
            <value/>
          </Data>
          <Data name="FERTILIZA">
            <value>Si</value>
          </Data>
          <Data name="FUMIGA">
            <value>Si</value>
          </Data>
          <Data name="SISTEMA DE RIEGO">
            <value>Si</value>
          </Data>
          <Data name="TIPO DE SISTEMA">
            <value>Sistema de riego por goteo</value>
          </Data>
          <Data name="AREA CON RIEGO">
            <value>0.5</value>
          </Data>
          <Data name="FUENTE DE AGUA">
            <value/>
          </Data>
          <Data name="CAPACITACION">
            <value>Si</value>
          </Data>
          <Data name="REALIZA PODAS">
            <value>Si</value>
          </Data>
          <Data name="AFILIADO A ASPAH">
            <value>Si</value>
          </Data>
          <Data name="CREDITO">
            <value>No</value>
          </Data>
          <Data name="TRABAJADORES PERMANENTES">
            <value>No</value>
          </Data>
          <Data name="CUANTOS TP">
            <value/>
          </Data>
          <Data name="TRANBAJADORES TEMPORALES">
            <value>Si</value>
          </Data>
          <Data name="CUANTOS TT">
            <value>3.0</value>
          </Data>
          <Data name="SALARIO POR DIA">
            <value>250.0</value>
          </Data>
          <Data name="LIBRAS COSECHADAS">
            <value/>
          </Data>
          <Data name="UNIDADES COSECHADAS">
            <value>2400.0</value>
          </Data>
          <Data name="UNIDADES COSSECHADAS">
            <value/>
          </Data>
          <Data name="MESES DE COSECHA">
            <value>Julio Octubre</value>
          </Data>
          <Data name="DONDE VENDE">
            <value>Un comprador viene a mi finca.</value>
          </Data>
          <Data name="PRECIO LIBRA">
            <value/>
          </Data>
          <Data name="PRECIO UNIDAD">
            <value>9.0</value>
          </Data>
          <Data name="PRECIO UNNIDAD">
            <value/>
          </Data>
          <Data name="TRANSPORTE DE COSECHA">
            <value>Ninguno</value>
          </Data>
          <Data name="IMAGEN PRODUCTOR">
            <value>https://kf.kobotoolbox.org/api/v2/assets/ad7G92bXCJpMkqNXz97XDt/data/739804040/attachments/attCXU6gF6Cokva7WdRRJUgD/</value>
          </Data>
          <Data name="OBSERVACION">
            <value>Es profesor de primaria tiene 60 plantas de antillano en el lugar donde se georeoferrencio y tiene un nuevo proyecto de siembra de 280 aguacates de la variedad hass en la montaña a 1450 msnm</value>
          </Data>
          <Data name="FIRMA">
            <value>https://kf.kobotoolbox.org/api/v2/assets/ad7G92bXCJpMkqNXz97XDt/data/739804040/attachments/att8VUoquYDYLuCAVNq9dRuT/</value>
          </Data>
        </ExtendedData>
        <Point>
          <coordinates>
            -87.281328,15.1043745,0
          </coordinates>
        </Point>
      </Placemark>
      <Placemark>
        <name>MARCOS ANTONIO RODAS ALVAREZ</name>
        <description><![CDATA[﻿FECHA: 30/4/2026<br>LATITUD: 15.0675678<br>LONGITUD: -87.1753562<br>ALTITUD MSNM: 1092<br>DEPARTAMENTO: Yoro<br>MUNICIPIO: Yoro<br>FINCA: Fincal Quetzales los Romanos<br>DNI: 1801-1995-00702<br>IMAGEN DNI: https://kf.kobotoolbox.org/api/v2/assets/ad7G92bXCJpMkqNXz97XDt/data/740247551/attachments/attGcVhpEknzQjxSrwi7kyHn/<br>EDAD: 29<br>RAZA: Antillano<br>VARIEDAD: Choquette<br>TOTAL PLANTAS: 34<br>PLANTAS EN PRODUCCION: 30<br>AREA EN MZ: 0.25<br>ANALISIS DE SUELO: Si<br>IMAGEN ANALISIS: <br>FERTILIZA: Si<br>FUMIGA: Si<br>SISTEMA DE RIEGO: No<br>TIPO DE SISTEMA: <br>AREA CON RIEGO: <br>FUENTE DE AGUA: Si<br>CAPACITACION: Si<br>REALIZA PODAS: Si<br>AFILIADO A ASPAH: No<br>CREDITO: Si<br>TRABAJADORES PERMANENTES: Si<br>CUANTOS TP: 1<br>TRANBAJADORES TEMPORALES: No<br>CUANTOS TT: <br>SALARIO POR DIA: 250<br>LIBRAS COSECHADAS: <br>UNIDADES COSECHADAS: 1400<br>UNIDADES COSSECHADAS: <br>MESES DE COSECHA: Octubre Noviembre<br>DONDE VENDE: Un comprador viene a mi finca.<br>PRECIO LIBRA: <br>PRECIO UNIDAD: 7<br>PRECIO UNNIDAD: <br>TRANSPORTE DE COSECHA: Ninguno<br>IMAGEN PRODUCTOR: https://kf.kobotoolbox.org/api/v2/assets/ad7G92bXCJpMkqNXz97XDt/data/740247551/attachments/attr3mwX87n563CPTTj2xyrs/<br>OBSERVACION: Tiene analisis pero lo olvido, tiene posibilidad de instalar sistema de riego<br>FIRMA: https://kf.kobotoolbox.org/api/v2/assets/ad7G92bXCJpMkqNXz97XDt/data/740247551/attachments/attRgALqgnBTWx72mD3xURVU/]]></description>
        <styleUrl>#icon-1899-FFD600</styleUrl>
        <ExtendedData>
          <Data name="﻿FECHA">
            <value>30/4/2026</value>
          </Data>
          <Data name="LATITUD">
            <value>15.0675678</value>
          </Data>
          <Data name="LONGITUD">
            <value>-87.1753562</value>
          </Data>
          <Data name="ALTITUD MSNM">
            <value>1092.0</value>
          </Data>
          <Data name="DEPARTAMENTO">
            <value>Yoro</value>
          </Data>
          <Data name="MUNICIPIO">
            <value>Yoro</value>
          </Data>
          <Data name="FINCA">
            <value>Fincal Quetzales los Romanos</value>
          </Data>
          <Data name="DNI">
            <value>1801-1995-00702</value>
          </Data>
          <Data name="IMAGEN DNI">
            <value>https://kf.kobotoolbox.org/api/v2/assets/ad7G92bXCJpMkqNXz97XDt/data/740247551/attachments/attGcVhpEknzQjxSrwi7kyHn/</value>
          </Data>
          <Data name="EDAD">
            <value>29.0</value>
          </Data>
          <Data name="RAZA">
            <value>Antillano</value>
          </Data>
          <Data name="VARIEDAD">
            <value>Choquette</value>
          </Data>
          <Data name="TOTAL PLANTAS">
            <value>34.0</value>
          </Data>
          <Data name="PLANTAS EN PRODUCCION">
            <value>30.0</value>
          </Data>
          <Data name="AREA EN MZ">
            <value>0.25</value>
          </Data>
          <Data name="ANALISIS DE SUELO">
            <value>Si</value>
          </Data>
          <Data name="IMAGEN ANALISIS">
            <value/>
          </Data>
          <Data name="FERTILIZA">
            <value>Si</value>
          </Data>
          <Data name="FUMIGA">
            <value>Si</value>
          </Data>
          <Data name="SISTEMA DE RIEGO">
            <value>No</value>
          </Data>
          <Data name="TIPO DE SISTEMA">
            <value/>
          </Data>
          <Data name="AREA CON RIEGO">
            <value/>
          </Data>
          <Data name="FUENTE DE AGUA">
            <value>Si</value>
          </Data>
          <Data name="CAPACITACION">
            <value>Si</value>
          </Data>
          <Data name="REALIZA PODAS">
            <value>Si</value>
          </Data>
          <Data name="AFILIADO A ASPAH">
            <value>No</value>
          </Data>
          <Data name="CREDITO">
            <value>Si</value>
          </Data>
          <Data name="TRABAJADORES PERMANENTES">
            <value>Si</value>
          </Data>
          <Data name="CUANTOS TP">
            <value>1.0</value>
          </Data>
          <Data name="TRANBAJADORES TEMPORALES">
            <value>No</value>
          </Data>
          <Data name="CUANTOS TT">
            <value/>
          </Data>
          <Data name="SALARIO POR DIA">
            <value>250.0</value>
          </Data>
          <Data name="LIBRAS COSECHADAS">
            <value/>
          </Data>
          <Data name="UNIDADES COSECHADAS">
            <value>1400.0</value>
          </Data>
          <Data name="UNIDADES COSSECHADAS">
            <value/>
          </Data>
          <Data name="MESES DE COSECHA">
            <value>Octubre Noviembre</value>
          </Data>
          <Data name="DONDE VENDE">
            <value>Un comprador viene a mi finca.</value>
          </Data>
          <Data name="PRECIO LIBRA">
            <value/>
          </Data>
          <Data name="PRECIO UNIDAD">
            <value>7.0</value>
          </Data>
          <Data name="PRECIO UNNIDAD">
            <value/>
          </Data>
          <Data name="TRANSPORTE DE COSECHA">
            <value>Ninguno</value>
          </Data>
          <Data name="IMAGEN PRODUCTOR">
            <value>https://kf.kobotoolbox.org/api/v2/assets/ad7G92bXCJpMkqNXz97XDt/data/740247551/attachments/attr3mwX87n563CPTTj2xyrs/</value>
          </Data>
          <Data name="OBSERVACION">
            <value>Tiene analisis pero lo olvido, tiene posibilidad de instalar sistema de riego</value>
          </Data>
          <Data name="FIRMA">
            <value>https://kf.kobotoolbox.org/api/v2/assets/ad7G92bXCJpMkqNXz97XDt/data/740247551/attachments/attRgALqgnBTWx72mD3xURVU/</value>
          </Data>
        </ExtendedData>
        <Point>
          <coordinates>
            -87.1753562,15.0675678,0
          </coordinates>
        </Point>
      </Placemark>
      <Placemark>
        <name>SANTOS RODOLFO MURILLO PUENTES</name>
        <description><![CDATA[﻿FECHA: 30/4/2026<br>LATITUD: 15.0665253<br>LONGITUD: -87.1680658<br>ALTITUD MSNM: 1228<br>DEPARTAMENTO: Yoro<br>MUNICIPIO: Yoro<br>FINCA: Tres hermanos<br>DNI: 1801-1983-01292<br>IMAGEN DNI: https://kf.kobotoolbox.org/api/v2/assets/ad7G92bXCJpMkqNXz97XDt/data/740247559/attachments/attBssyuNWVCkyvx6ybJPof5/<br>EDAD: 45<br>RAZA: Hass<br>VARIEDAD: <br>TOTAL PLANTAS: 110<br>PLANTAS EN PRODUCCION: 110<br>AREA EN MZ: 1<br>ANALISIS DE SUELO: Si<br>IMAGEN ANALISIS: <br>FERTILIZA: Si<br>FUMIGA: Si<br>SISTEMA DE RIEGO: No<br>TIPO DE SISTEMA: <br>AREA CON RIEGO: <br>FUENTE DE AGUA: No<br>CAPACITACION: Si<br>REALIZA PODAS: Si<br>AFILIADO A ASPAH: Si<br>CREDITO: No<br>TRABAJADORES PERMANENTES: Si<br>CUANTOS TP: 2<br>TRANBAJADORES TEMPORALES: Si<br>CUANTOS TT: 3<br>SALARIO POR DIA: 250<br>LIBRAS COSECHADAS: 1400<br>UNIDADES COSECHADAS: <br>UNIDADES COSSECHADAS: <br>MESES DE COSECHA: Octubre Noviembre Diciembre<br>DONDE VENDE: Un comprador viene a mi finca.<br>PRECIO LIBRA: 15<br>PRECIO UNIDAD: <br>PRECIO UNNIDAD: <br>TRANSPORTE DE COSECHA: Ninguno<br>IMAGEN PRODUCTOR: https://kf.kobotoolbox.org/api/v2/assets/ad7G92bXCJpMkqNXz97XDt/data/740247559/attachments/attSgt6xmPGdZs8MwyHomg9U/<br>OBSERVACION: <br>FIRMA: https://kf.kobotoolbox.org/api/v2/assets/ad7G92bXCJpMkqNXz97XDt/data/740247559/attachments/attxCjzm3CHTY4beDGFPgrXz/]]></description>
        <styleUrl>#icon-1899-FFD600</styleUrl>
        <ExtendedData>
          <Data name="﻿FECHA">
            <value>30/4/2026</value>
          </Data>
          <Data name="LATITUD">
            <value>15.0665253</value>
          </Data>
          <Data name="LONGITUD">
            <value>-87.1680658</value>
          </Data>
          <Data name="ALTITUD MSNM">
            <value>1228.0</value>
          </Data>
          <Data name="DEPARTAMENTO">
            <value>Yoro</value>
          </Data>
          <Data name="MUNICIPIO">
            <value>Yoro</value>
          </Data>
          <Data name="FINCA">
            <value>Tres hermanos</value>
          </Data>
          <Data name="DNI">
            <value>1801-1983-01292</value>
          </Data>
          <Data name="IMAGEN DNI">
            <value>https://kf.kobotoolbox.org/api/v2/assets/ad7G92bXCJpMkqNXz97XDt/data/740247559/attachments/attBssyuNWVCkyvx6ybJPof5/</value>
          </Data>
          <Data name="EDAD">
            <value>45.0</value>
          </Data>
          <Data name="RAZA">
            <value>Hass</value>
          </Data>
          <Data name="VARIEDAD">
            <value/>
          </Data>
          <Data name="TOTAL PLANTAS">
            <value>110.0</value>
          </Data>
          <Data name="PLANTAS EN PRODUCCION">
            <value>110.0</value>
          </Data>
          <Data name="AREA EN MZ">
            <value>1</value>
          </Data>
          <Data name="ANALISIS DE SUELO">
            <value>Si</value>
          </Data>
          <Data name="IMAGEN ANALISIS">
            <value/>
          </Data>
          <Data name="FERTILIZA">
            <value>Si</value>
          </Data>
          <Data name="FUMIGA">
            <value>Si</value>
          </Data>
          <Data name="SISTEMA DE RIEGO">
            <value>No</value>
          </Data>
          <Data name="TIPO DE SISTEMA">
            <value/>
          </Data>
          <Data name="AREA CON RIEGO">
            <value/>
          </Data>
          <Data name="FUENTE DE AGUA">
            <value>No</value>
          </Data>
          <Data name="CAPACITACION">
            <value>Si</value>
          </Data>
          <Data name="REALIZA PODAS">
            <value>Si</value>
          </Data>
          <Data name="AFILIADO A ASPAH">
            <value>Si</value>
          </Data>
          <Data name="CREDITO">
            <value>No</value>
          </Data>
          <Data name="TRABAJADORES PERMANENTES">
            <value>Si</value>
          </Data>
          <Data name="CUANTOS TP">
            <value>2.0</value>
          </Data>
          <Data name="TRANBAJADORES TEMPORALES">
            <value>Si</value>
          </Data>
          <Data name="CUANTOS TT">
            <value>3.0</value>
          </Data>
          <Data name="SALARIO POR DIA">
            <value>250.0</value>
          </Data>
          <Data name="LIBRAS COSECHADAS">
            <value>1400.0</value>
          </Data>
          <Data name="UNIDADES COSECHADAS">
            <value/>
          </Data>
          <Data name="UNIDADES COSSECHADAS">
            <value/>
          </Data>
          <Data name="MESES DE COSECHA">
            <value>Octubre Noviembre Diciembre</value>
          </Data>
          <Data name="DONDE VENDE">
            <value>Un comprador viene a mi finca.</value>
          </Data>
          <Data name="PRECIO LIBRA">
            <value>15.0</value>
          </Data>
          <Data name="PRECIO UNIDAD">
            <value/>
          </Data>
          <Data name="PRECIO UNNIDAD">
            <value/>
          </Data>
          <Data name="TRANSPORTE DE COSECHA">
            <value>Ninguno</value>
          </Data>
          <Data name="IMAGEN PRODUCTOR">
            <value>https://kf.kobotoolbox.org/api/v2/assets/ad7G92bXCJpMkqNXz97XDt/data/740247559/attachments/attSgt6xmPGdZs8MwyHomg9U/</value>
          </Data>
          <Data name="OBSERVACION">
            <value/>
          </Data>
          <Data name="FIRMA">
            <value>https://kf.kobotoolbox.org/api/v2/assets/ad7G92bXCJpMkqNXz97XDt/data/740247559/attachments/attxCjzm3CHTY4beDGFPgrXz/</value>
          </Data>
        </ExtendedData>
        <Point>
          <coordinates>
            -87.1680658,15.0665253,0
          </coordinates>
        </Point>
      </Placemark>
      <Placemark>
        <name>JOSUE EXEQUIAS ORTEGA CRUZ</name>
        <description><![CDATA[﻿FECHA: 30/4/2026<br>LATITUD: 15.0689548<br>LONGITUD: -87.1648621<br>ALTITUD MSNM: 1080<br>DEPARTAMENTO: Yoro<br>MUNICIPIO: Yoro<br>FINCA: Finca Nueva Esperanza<br>DNI: 1801-1986-01504<br>IMAGEN DNI: https://kf.kobotoolbox.org/api/v2/assets/ad7G92bXCJpMkqNXz97XDt/data/740247565/attachments/attL8F469upvBzjoWEVCfsK5/<br>EDAD: 39<br>RAZA: Hass<br>VARIEDAD: <br>TOTAL PLANTAS: 30<br>PLANTAS EN PRODUCCION: 30<br>AREA EN MZ: 0.25<br>ANALISIS DE SUELO: No<br>IMAGEN ANALISIS: <br>FERTILIZA: Si<br>FUMIGA: Si<br>SISTEMA DE RIEGO: No<br>TIPO DE SISTEMA: <br>AREA CON RIEGO: <br>FUENTE DE AGUA: Si<br>CAPACITACION: Si<br>REALIZA PODAS: No<br>AFILIADO A ASPAH: Si<br>CREDITO: Si<br>TRABAJADORES PERMANENTES: Si<br>CUANTOS TP: 1<br>TRANBAJADORES TEMPORALES: No<br>CUANTOS TT: <br>SALARIO POR DIA: 250<br>LIBRAS COSECHADAS: 300<br>UNIDADES COSECHADAS: <br>UNIDADES COSSECHADAS: <br>MESES DE COSECHA: Enero<br>DONDE VENDE: No he vendido aún.<br>PRECIO LIBRA: 0<br>PRECIO UNIDAD: <br>PRECIO UNNIDAD: <br>TRANSPORTE DE COSECHA: Ninguno<br>IMAGEN PRODUCTOR: https://kf.kobotoolbox.org/api/v2/assets/ad7G92bXCJpMkqNXz97XDt/data/740247565/attachments/attPAj26cQXrHynFWG5XUWso/<br>OBSERVACION: Prestamo BANADESA de 150 mil para el cultivo de cafe<br>FIRMA: https://kf.kobotoolbox.org/api/v2/assets/ad7G92bXCJpMkqNXz97XDt/data/740247565/attachments/attpRMN2TncaZBsiXmPUJ9gZ/]]></description>
        <styleUrl>#icon-1899-FFD600</styleUrl>
        <ExtendedData>
          <Data name="﻿FECHA">
            <value>30/4/2026</value>
          </Data>
          <Data name="LATITUD">
            <value>15.0689548</value>
          </Data>
          <Data name="LONGITUD">
            <value>-87.1648621</value>
          </Data>
          <Data name="ALTITUD MSNM">
            <value>1080.0</value>
          </Data>
          <Data name="DEPARTAMENTO">
            <value>Yoro</value>
          </Data>
          <Data name="MUNICIPIO">
            <value>Yoro</value>
          </Data>
          <Data name="FINCA">
            <value>Finca Nueva Esperanza</value>
          </Data>
          <Data name="DNI">
            <value>1801-1986-01504</value>
          </Data>
          <Data name="IMAGEN DNI">
            <value>https://kf.kobotoolbox.org/api/v2/assets/ad7G92bXCJpMkqNXz97XDt/data/740247565/attachments/attL8F469upvBzjoWEVCfsK5/</value>
          </Data>
          <Data name="EDAD">
            <value>39.0</value>
          </Data>
          <Data name="RAZA">
            <value>Hass</value>
          </Data>
          <Data name="VARIEDAD">
            <value/>
          </Data>
          <Data name="TOTAL PLANTAS">
            <value>30.0</value>
          </Data>
          <Data name="PLANTAS EN PRODUCCION">
            <value>30.0</value>
          </Data>
          <Data name="AREA EN MZ">
            <value>0.25</value>
          </Data>
          <Data name="ANALISIS DE SUELO">
            <value>No</value>
          </Data>
          <Data name="IMAGEN ANALISIS">
            <value/>
          </Data>
          <Data name="FERTILIZA">
            <value>Si</value>
          </Data>
          <Data name="FUMIGA">
            <value>Si</value>
          </Data>
          <Data name="SISTEMA DE RIEGO">
            <value>No</value>
          </Data>
          <Data name="TIPO DE SISTEMA">
            <value/>
          </Data>
          <Data name="AREA CON RIEGO">
            <value/>
          </Data>
          <Data name="FUENTE DE AGUA">
            <value>Si</value>
          </Data>
          <Data name="CAPACITACION">
            <value>Si</value>
          </Data>
          <Data name="REALIZA PODAS">
            <value>No</value>
          </Data>
          <Data name="AFILIADO A ASPAH">
            <value>Si</value>
          </Data>
          <Data name="CREDITO">
            <value>Si</value>
          </Data>
          <Data name="TRABAJADORES PERMANENTES">
            <value>Si</value>
          </Data>
          <Data name="CUANTOS TP">
            <value>1.0</value>
          </Data>
          <Data name="TRANBAJADORES TEMPORALES">
            <value>No</value>
          </Data>
          <Data name="CUANTOS TT">
            <value/>
          </Data>
          <Data name="SALARIO POR DIA">
            <value>250.0</value>
          </Data>
          <Data name="LIBRAS COSECHADAS">
            <value>300.0</value>
          </Data>
          <Data name="UNIDADES COSECHADAS">
            <value/>
          </Data>
          <Data name="UNIDADES COSSECHADAS">
            <value/>
          </Data>
          <Data name="MESES DE COSECHA">
            <value>Enero</value>
          </Data>
          <Data name="DONDE VENDE">
            <value>No he vendido aún.</value>
          </Data>
          <Data name="PRECIO LIBRA">
            <value>0.0</value>
          </Data>
          <Data name="PRECIO UNIDAD">
            <value/>
          </Data>
          <Data name="PRECIO UNNIDAD">
            <value/>
          </Data>
          <Data name="TRANSPORTE DE COSECHA">
            <value>Ninguno</value>
          </Data>
          <Data name="IMAGEN PRODUCTOR">
            <value>https://kf.kobotoolbox.org/api/v2/assets/ad7G92bXCJpMkqNXz97XDt/data/740247565/attachments/attPAj26cQXrHynFWG5XUWso/</value>
          </Data>
          <Data name="OBSERVACION">
            <value>Prestamo BANADESA de 150 mil para el cultivo de cafe</value>
          </Data>
          <Data name="FIRMA">
            <value>https://kf.kobotoolbox.org/api/v2/assets/ad7G92bXCJpMkqNXz97XDt/data/740247565/attachments/attpRMN2TncaZBsiXmPUJ9gZ/</value>
          </Data>
        </ExtendedData>
        <Point>
          <coordinates>
            -87.1648621,15.0689548,0
          </coordinates>
        </Point>
      </Placemark>
      <Placemark>
        <name>CORNELIO MURILLO</name>
        <description><![CDATA[﻿FECHA: 30/4/2026<br>LATITUD: 15.0632394<br>LONGITUD: -87.1625596<br>ALTITUD MSNM: 991<br>DEPARTAMENTO: Yoro<br>MUNICIPIO: Yoro<br>FINCA: Finca Quebrada Grande<br>DNI: 1809-1979-00312<br>IMAGEN DNI: https://kf.kobotoolbox.org/api/v2/assets/ad7G92bXCJpMkqNXz97XDt/data/740247572/attachments/attTeseGmWRz4Lq8pGsjRAvS/<br>EDAD: 68<br>RAZA: Antillano<br>VARIEDAD: Choquette Belice<br>TOTAL PLANTAS: 115<br>PLANTAS EN PRODUCCION: 115<br>AREA EN MZ: 1<br>ANALISIS DE SUELO: Si<br>IMAGEN ANALISIS: <br>FERTILIZA: Si<br>FUMIGA: Si<br>SISTEMA DE RIEGO: No<br>TIPO DE SISTEMA: <br>AREA CON RIEGO: <br>FUENTE DE AGUA: Si<br>CAPACITACION: Si<br>REALIZA PODAS: Si<br>AFILIADO A ASPAH: Si<br>CREDITO: No<br>TRABAJADORES PERMANENTES: Si<br>CUANTOS TP: 1<br>TRANBAJADORES TEMPORALES: Si<br>CUANTOS TT: 8<br>SALARIO POR DIA: 300<br>LIBRAS COSECHADAS: <br>UNIDADES COSECHADAS: 8000<br>UNIDADES COSSECHADAS: <br>MESES DE COSECHA: Octubre Noviembre<br>DONDE VENDE: Un comprador viene a mi finca.<br>PRECIO LIBRA: <br>PRECIO UNIDAD: 8<br>PRECIO UNNIDAD: <br>TRANSPORTE DE COSECHA: Ninguno<br>IMAGEN PRODUCTOR: https://kf.kobotoolbox.org/api/v2/assets/ad7G92bXCJpMkqNXz97XDt/data/740247572/attachments/attVqPNHTKxyKAZ4JwifKpmT/<br>OBSERVACION: Tiene una quebrada con mucha agua<br>FIRMA: https://kf.kobotoolbox.org/api/v2/assets/ad7G92bXCJpMkqNXz97XDt/data/740247572/attachments/attHLd2kkMKYRbss2s8YyaHC/]]></description>
        <styleUrl>#icon-1899-FFD600</styleUrl>
        <ExtendedData>
          <Data name="﻿FECHA">
            <value>30/4/2026</value>
          </Data>
          <Data name="LATITUD">
            <value>15.0632394</value>
          </Data>
          <Data name="LONGITUD">
            <value>-87.1625596</value>
          </Data>
          <Data name="ALTITUD MSNM">
            <value>991.0</value>
          </Data>
          <Data name="DEPARTAMENTO">
            <value>Yoro</value>
          </Data>
          <Data name="MUNICIPIO">
            <value>Yoro</value>
          </Data>
          <Data name="FINCA">
            <value>Finca Quebrada Grande</value>
          </Data>
          <Data name="DNI">
            <value>1809-1979-00312</value>
          </Data>
          <Data name="IMAGEN DNI">
            <value>https://kf.kobotoolbox.org/api/v2/assets/ad7G92bXCJpMkqNXz97XDt/data/740247572/attachments/attTeseGmWRz4Lq8pGsjRAvS/</value>
          </Data>
          <Data name="EDAD">
            <value>68.0</value>
          </Data>
          <Data name="RAZA">
            <value>Antillano</value>
          </Data>
          <Data name="VARIEDAD">
            <value>Choquette Belice</value>
          </Data>
          <Data name="TOTAL PLANTAS">
            <value>115.0</value>
          </Data>
          <Data name="PLANTAS EN PRODUCCION">
            <value>115.0</value>
          </Data>
          <Data name="AREA EN MZ">
            <value>1</value>
          </Data>
          <Data name="ANALISIS DE SUELO">
            <value>Si</value>
          </Data>
          <Data name="IMAGEN ANALISIS">
            <value/>
          </Data>
          <Data name="FERTILIZA">
            <value>Si</value>
          </Data>
          <Data name="FUMIGA">
            <value>Si</value>
          </Data>
          <Data name="SISTEMA DE RIEGO">
            <value>No</value>
          </Data>
          <Data name="TIPO DE SISTEMA">
            <value/>
          </Data>
          <Data name="AREA CON RIEGO">
            <value/>
          </Data>
          <Data name="FUENTE DE AGUA">
            <value>Si</value>
          </Data>
          <Data name="CAPACITACION">
            <value>Si</value>
          </Data>
          <Data name="REALIZA PODAS">
            <value>Si</value>
          </Data>
          <Data name="AFILIADO A ASPAH">
            <value>Si</value>
          </Data>
          <Data name="CREDITO">
            <value>No</value>
          </Data>
          <Data name="TRABAJADORES PERMANENTES">
            <value>Si</value>
          </Data>
          <Data name="CUANTOS TP">
            <value>1.0</value>
          </Data>
          <Data name="TRANBAJADORES TEMPORALES">
            <value>Si</value>
          </Data>
          <Data name="CUANTOS TT">
            <value>8.0</value>
          </Data>
          <Data name="SALARIO POR DIA">
            <value>300.0</value>
          </Data>
          <Data name="LIBRAS COSECHADAS">
            <value/>
          </Data>
          <Data name="UNIDADES COSECHADAS">
            <value>8000.0</value>
          </Data>
          <Data name="UNIDADES COSSECHADAS">
            <value/>
          </Data>
          <Data name="MESES DE COSECHA">
            <value>Octubre Noviembre</value>
          </Data>
          <Data name="DONDE VENDE">
            <value>Un comprador viene a mi finca.</value>
          </Data>
          <Data name="PRECIO LIBRA">
            <value/>
          </Data>
          <Data name="PRECIO UNIDAD">
            <value>8.0</value>
          </Data>
          <Data name="PRECIO UNNIDAD">
            <value/>
          </Data>
          <Data name="TRANSPORTE DE COSECHA">
            <value>Ninguno</value>
          </Data>
          <Data name="IMAGEN PRODUCTOR">
            <value>https://kf.kobotoolbox.org/api/v2/assets/ad7G92bXCJpMkqNXz97XDt/data/740247572/attachments/attVqPNHTKxyKAZ4JwifKpmT/</value>
          </Data>
          <Data name="OBSERVACION">
            <value>Tiene una quebrada con mucha agua</value>
          </Data>
          <Data name="FIRMA">
            <value>https://kf.kobotoolbox.org/api/v2/assets/ad7G92bXCJpMkqNXz97XDt/data/740247572/attachments/attHLd2kkMKYRbss2s8YyaHC/</value>
          </Data>
        </ExtendedData>
        <Point>
          <coordinates>
            -87.1625596,15.0632394,0
          </coordinates>
        </Point>
      </Placemark>
      <Placemark>
        <name>OLGA CONCEPCION MURILLO PUENTES</name>
        <description><![CDATA[﻿FECHA: 30/4/2026<br>LATITUD: 15.0624281<br>LONGITUD: -87.1621326<br>ALTITUD MSNM: 987<br>DEPARTAMENTO: Yoro<br>MUNICIPIO: Yoro<br>FINCA: Finca El Cañon<br>DNI: 1801-1980-03110<br>IMAGEN DNI: https://kf.kobotoolbox.org/api/v2/assets/ad7G92bXCJpMkqNXz97XDt/data/740247581/attachments/attofCfg9pPN9JtiL94k3P3x/<br>EDAD: 47<br>RAZA: Antillano<br>VARIEDAD: Choquette<br>TOTAL PLANTAS: 70<br>PLANTAS EN PRODUCCION: 70<br>AREA EN MZ: 0.5<br>ANALISIS DE SUELO: No<br>IMAGEN ANALISIS: <br>FERTILIZA: Si<br>FUMIGA: Si<br>SISTEMA DE RIEGO: No<br>TIPO DE SISTEMA: <br>AREA CON RIEGO: <br>FUENTE DE AGUA: Si<br>CAPACITACION: Si<br>REALIZA PODAS: Si<br>AFILIADO A ASPAH: No<br>CREDITO: No<br>TRABAJADORES PERMANENTES: No<br>CUANTOS TP: <br>TRANBAJADORES TEMPORALES: Si<br>CUANTOS TT: 8<br>SALARIO POR DIA: 300<br>LIBRAS COSECHADAS: <br>UNIDADES COSECHADAS: 3500<br>UNIDADES COSSECHADAS: <br>MESES DE COSECHA: Octubre Noviembre<br>DONDE VENDE: Un comprador viene a mi finca.<br>PRECIO LIBRA: <br>PRECIO UNIDAD: 7<br>PRECIO UNNIDAD: <br>TRANSPORTE DE COSECHA: Ninguno<br>IMAGEN PRODUCTOR: https://kf.kobotoolbox.org/api/v2/assets/ad7G92bXCJpMkqNXz97XDt/data/740247581/attachments/attdiJ7PSDJLqMXistbpLewm/<br>OBSERVACION: La informacion la proporciono el papa Cornelio, la foto son faliliares y firma el papá <br>FIRMA: https://kf.kobotoolbox.org/api/v2/assets/ad7G92bXCJpMkqNXz97XDt/data/740247581/attachments/attiV2sHMcSVgjaBBuTD2UM5/]]></description>
        <styleUrl>#icon-1899-FFD600</styleUrl>
        <ExtendedData>
          <Data name="﻿FECHA">
            <value>30/4/2026</value>
          </Data>
          <Data name="LATITUD">
            <value>15.0624281</value>
          </Data>
          <Data name="LONGITUD">
            <value>-87.1621326</value>
          </Data>
          <Data name="ALTITUD MSNM">
            <value>987.0</value>
          </Data>
          <Data name="DEPARTAMENTO">
            <value>Yoro</value>
          </Data>
          <Data name="MUNICIPIO">
            <value>Yoro</value>
          </Data>
          <Data name="FINCA">
            <value>Finca El Cañon</value>
          </Data>
          <Data name="DNI">
            <value>1801-1980-03110</value>
          </Data>
          <Data name="IMAGEN DNI">
            <value>https://kf.kobotoolbox.org/api/v2/assets/ad7G92bXCJpMkqNXz97XDt/data/740247581/attachments/attofCfg9pPN9JtiL94k3P3x/</value>
          </Data>
          <Data name="EDAD">
            <value>47.0</value>
          </Data>
          <Data name="RAZA">
            <value>Antillano</value>
          </Data>
          <Data name="VARIEDAD">
            <value>Choquette</value>
          </Data>
          <Data name="TOTAL PLANTAS">
            <value>70.0</value>
          </Data>
          <Data name="PLANTAS EN PRODUCCION">
            <value>70.0</value>
          </Data>
          <Data name="AREA EN MZ">
            <value>0.5</value>
          </Data>
          <Data name="ANALISIS DE SUELO">
            <value>No</value>
          </Data>
          <Data name="IMAGEN ANALISIS">
            <value/>
          </Data>
          <Data name="FERTILIZA">
            <value>Si</value>
          </Data>
          <Data name="FUMIGA">
            <value>Si</value>
          </Data>
          <Data name="SISTEMA DE RIEGO">
            <value>No</value>
          </Data>
          <Data name="TIPO DE SISTEMA">
            <value/>
          </Data>
          <Data name="AREA CON RIEGO">
            <value/>
          </Data>
          <Data name="FUENTE DE AGUA">
            <value>Si</value>
          </Data>
          <Data name="CAPACITACION">
            <value>Si</value>
          </Data>
          <Data name="REALIZA PODAS">
            <value>Si</value>
          </Data>
          <Data name="AFILIADO A ASPAH">
            <value>No</value>
          </Data>
          <Data name="CREDITO">
            <value>No</value>
          </Data>
          <Data name="TRABAJADORES PERMANENTES">
            <value>No</value>
          </Data>
          <Data name="CUANTOS TP">
            <value/>
          </Data>
          <Data name="TRANBAJADORES TEMPORALES">
            <value>Si</value>
          </Data>
          <Data name="CUANTOS TT">
            <value>8.0</value>
          </Data>
          <Data name="SALARIO POR DIA">
            <value>300.0</value>
          </Data>
          <Data name="LIBRAS COSECHADAS">
            <value/>
          </Data>
          <Data name="UNIDADES COSECHADAS">
            <value>3500.0</value>
          </Data>
          <Data name="UNIDADES COSSECHADAS">
            <value/>
          </Data>
          <Data name="MESES DE COSECHA">
            <value>Octubre Noviembre</value>
          </Data>
          <Data name="DONDE VENDE">
            <value>Un comprador viene a mi finca.</value>
          </Data>
          <Data name="PRECIO LIBRA">
            <value/>
          </Data>
          <Data name="PRECIO UNIDAD">
            <value>7.0</value>
          </Data>
          <Data name="PRECIO UNNIDAD">
            <value/>
          </Data>
          <Data name="TRANSPORTE DE COSECHA">
            <value>Ninguno</value>
          </Data>
          <Data name="IMAGEN PRODUCTOR">
            <value>https://kf.kobotoolbox.org/api/v2/assets/ad7G92bXCJpMkqNXz97XDt/data/740247581/attachments/attdiJ7PSDJLqMXistbpLewm/</value>
          </Data>
          <Data name="OBSERVACION">
            <value>La informacion la proporciono el papa Cornelio, la foto son faliliares y firma el papá </value>
          </Data>
          <Data name="FIRMA">
            <value>https://kf.kobotoolbox.org/api/v2/assets/ad7G92bXCJpMkqNXz97XDt/data/740247581/attachments/attiV2sHMcSVgjaBBuTD2UM5/</value>
          </Data>
        </ExtendedData>
        <Point>
          <coordinates>
            -87.1621326,15.0624281,0
          </coordinates>
        </Point>
      </Placemark>
      <Placemark>
        <name>JUSTO PASTOR GUTIÉRREZ MURILLO</name>
        <description><![CDATA[﻿FECHA: 30/4/2026<br>LATITUD: 15.0637541<br>LONGITUD: -87.1707785<br>ALTITUD MSNM: 1241<br>DEPARTAMENTO: Yoro<br>MUNICIPIO: Yoro<br>FINCA: Finca Buenos Aires<br>DNI: 1801-1965-00471<br>IMAGEN DNI: https://kf.kobotoolbox.org/api/v2/assets/ad7G92bXCJpMkqNXz97XDt/data/740247591/attachments/attqgrqAjpfFPCTZUSXWTugs/<br>EDAD: 60<br>RAZA: Hass<br>VARIEDAD: <br>TOTAL PLANTAS: 80<br>PLANTAS EN PRODUCCION: 80<br>AREA EN MZ: 0.5<br>ANALISIS DE SUELO: Si<br>IMAGEN ANALISIS: <br>FERTILIZA: Si<br>FUMIGA: Si<br>SISTEMA DE RIEGO: No<br>TIPO DE SISTEMA: <br>AREA CON RIEGO: <br>FUENTE DE AGUA: Si<br>CAPACITACION: Si<br>REALIZA PODAS: Si<br>AFILIADO A ASPAH: Si<br>CREDITO: No<br>TRABAJADORES PERMANENTES: No<br>CUANTOS TP: <br>TRANBAJADORES TEMPORALES: Si<br>CUANTOS TT: 4<br>SALARIO POR DIA: 250<br>LIBRAS COSECHADAS: 1300<br>UNIDADES COSECHADAS: <br>UNIDADES COSSECHADAS: <br>MESES DE COSECHA: Diciembre Enero Febrero<br>DONDE VENDE: Un comprador viene a mi finca.<br>PRECIO LIBRA: 15<br>PRECIO UNIDAD: <br>PRECIO UNNIDAD: <br>TRANSPORTE DE COSECHA: Ninguno<br>IMAGEN PRODUCTOR: https://kf.kobotoolbox.org/api/v2/assets/ad7G92bXCJpMkqNXz97XDt/data/740247591/attachments/attgGWy3oQXqRnVUwHPUARbU/<br>OBSERVACION: <br>FIRMA: https://kf.kobotoolbox.org/api/v2/assets/ad7G92bXCJpMkqNXz97XDt/data/740247591/attachments/attrmwWDiz35Hw2ZLdqtWovx/]]></description>
        <styleUrl>#icon-1899-FFD600</styleUrl>
        <ExtendedData>
          <Data name="﻿FECHA">
            <value>30/4/2026</value>
          </Data>
          <Data name="LATITUD">
            <value>15.0637541</value>
          </Data>
          <Data name="LONGITUD">
            <value>-87.1707785</value>
          </Data>
          <Data name="ALTITUD MSNM">
            <value>1241.0</value>
          </Data>
          <Data name="DEPARTAMENTO">
            <value>Yoro</value>
          </Data>
          <Data name="MUNICIPIO">
            <value>Yoro</value>
          </Data>
          <Data name="FINCA">
            <value>Finca Buenos Aires</value>
          </Data>
          <Data name="DNI">
            <value>1801-1965-00471</value>
          </Data>
          <Data name="IMAGEN DNI">
            <value>https://kf.kobotoolbox.org/api/v2/assets/ad7G92bXCJpMkqNXz97XDt/data/740247591/attachments/attqgrqAjpfFPCTZUSXWTugs/</value>
          </Data>
          <Data name="EDAD">
            <value>60.0</value>
          </Data>
          <Data name="RAZA">
            <value>Hass</value>
          </Data>
          <Data name="VARIEDAD">
            <value/>
          </Data>
          <Data name="TOTAL PLANTAS">
            <value>80.0</value>
          </Data>
          <Data name="PLANTAS EN PRODUCCION">
            <value>80.0</value>
          </Data>
          <Data name="AREA EN MZ">
            <value>0.5</value>
          </Data>
          <Data name="ANALISIS DE SUELO">
            <value>Si</value>
          </Data>
          <Data name="IMAGEN ANALISIS">
            <value/>
          </Data>
          <Data name="FERTILIZA">
            <value>Si</value>
          </Data>
          <Data name="FUMIGA">
            <value>Si</value>
          </Data>
          <Data name="SISTEMA DE RIEGO">
            <value>No</value>
          </Data>
          <Data name="TIPO DE SISTEMA">
            <value/>
          </Data>
          <Data name="AREA CON RIEGO">
            <value/>
          </Data>
          <Data name="FUENTE DE AGUA">
            <value>Si</value>
          </Data>
          <Data name="CAPACITACION">
            <value>Si</value>
          </Data>
          <Data name="REALIZA PODAS">
            <value>Si</value>
          </Data>
          <Data name="AFILIADO A ASPAH">
            <value>Si</value>
          </Data>
          <Data name="CREDITO">
            <value>No</value>
          </Data>
          <Data name="TRABAJADORES PERMANENTES">
            <value>No</value>
          </Data>
          <Data name="CUANTOS TP">
            <value/>
          </Data>
          <Data name="TRANBAJADORES TEMPORALES">
            <value>Si</value>
          </Data>
          <Data name="CUANTOS TT">
            <value>4.0</value>
          </Data>
          <Data name="SALARIO POR DIA">
            <value>250.0</value>
          </Data>
          <Data name="LIBRAS COSECHADAS">
            <value>1300.0</value>
          </Data>
          <Data name="UNIDADES COSECHADAS">
            <value/>
          </Data>
          <Data name="UNIDADES COSSECHADAS">
            <value/>
          </Data>
          <Data name="MESES DE COSECHA">
            <value>Diciembre Enero Febrero</value>
          </Data>
          <Data name="DONDE VENDE">
            <value>Un comprador viene a mi finca.</value>
          </Data>
          <Data name="PRECIO LIBRA">
            <value>15.0</value>
          </Data>
          <Data name="PRECIO UNIDAD">
            <value/>
          </Data>
          <Data name="PRECIO UNNIDAD">
            <value/>
          </Data>
          <Data name="TRANSPORTE DE COSECHA">
            <value>Ninguno</value>
          </Data>
          <Data name="IMAGEN PRODUCTOR">
            <value>https://kf.kobotoolbox.org/api/v2/assets/ad7G92bXCJpMkqNXz97XDt/data/740247591/attachments/attgGWy3oQXqRnVUwHPUARbU/</value>
          </Data>
          <Data name="OBSERVACION">
            <value/>
          </Data>
          <Data name="FIRMA">
            <value>https://kf.kobotoolbox.org/api/v2/assets/ad7G92bXCJpMkqNXz97XDt/data/740247591/attachments/attrmwWDiz35Hw2ZLdqtWovx/</value>
          </Data>
        </ExtendedData>
        <Point>
          <coordinates>
            -87.1707785,15.0637541,0
          </coordinates>
        </Point>
      </Placemark>
      <Placemark>
        <name>JOSE DIMAS GUTIÉRREZ RODAS</name>
        <description><![CDATA[﻿FECHA: 30/4/2026<br>LATITUD: 15.0491841<br>LONGITUD: -87.1740801<br>ALTITUD MSNM: 1466<br>DEPARTAMENTO: Yoro<br>MUNICIPIO: Yoro<br>FINCA: Finca Dimas<br>DNI: 1801-2004-00670<br>IMAGEN DNI: https://kf.kobotoolbox.org/api/v2/assets/ad7G92bXCJpMkqNXz97XDt/data/740247596/attachments/attRBFa8ykeDrtPvVii3FNL6/<br>EDAD: 38<br>RAZA: Hass<br>VARIEDAD: <br>TOTAL PLANTAS: 20<br>PLANTAS EN PRODUCCION: 7<br>AREA EN MZ: 0.25<br>ANALISIS DE SUELO: No<br>IMAGEN ANALISIS: <br>FERTILIZA: Si<br>FUMIGA: Si<br>SISTEMA DE RIEGO: No<br>TIPO DE SISTEMA: <br>AREA CON RIEGO: <br>FUENTE DE AGUA: No<br>CAPACITACION: Si<br>REALIZA PODAS: Si<br>AFILIADO A ASPAH: No<br>CREDITO: No<br>TRABAJADORES PERMANENTES: Si<br>CUANTOS TP: 1<br>TRANBAJADORES TEMPORALES: No<br>CUANTOS TT: <br>SALARIO POR DIA: 250<br>LIBRAS COSECHADAS: 85<br>UNIDADES COSECHADAS: <br>UNIDADES COSSECHADAS: <br>MESES DE COSECHA: Noviembre Diciembre<br>DONDE VENDE: No he vendido aún.<br>PRECIO LIBRA: 0<br>PRECIO UNIDAD: <br>PRECIO UNNIDAD: <br>TRANSPORTE DE COSECHA: Ninguno<br>IMAGEN PRODUCTOR: https://kf.kobotoolbox.org/api/v2/assets/ad7G92bXCJpMkqNXz97XDt/data/740247596/attachments/attCqgcN6VvEpxwzZn8wgE3M/<br>OBSERVACION: <br>FIRMA: https://kf.kobotoolbox.org/api/v2/assets/ad7G92bXCJpMkqNXz97XDt/data/740247596/attachments/attyLW8zXWRNpmmqbaNjLTMc/]]></description>
        <styleUrl>#icon-1899-FFD600</styleUrl>
        <ExtendedData>
          <Data name="﻿FECHA">
            <value>30/4/2026</value>
          </Data>
          <Data name="LATITUD">
            <value>15.0491841</value>
          </Data>
          <Data name="LONGITUD">
            <value>-87.1740801</value>
          </Data>
          <Data name="ALTITUD MSNM">
            <value>1466.0</value>
          </Data>
          <Data name="DEPARTAMENTO">
            <value>Yoro</value>
          </Data>
          <Data name="MUNICIPIO">
            <value>Yoro</value>
          </Data>
          <Data name="FINCA">
            <value>Finca Dimas</value>
          </Data>
          <Data name="DNI">
            <value>1801-2004-00670</value>
          </Data>
          <Data name="IMAGEN DNI">
            <value>https://kf.kobotoolbox.org/api/v2/assets/ad7G92bXCJpMkqNXz97XDt/data/740247596/attachments/attRBFa8ykeDrtPvVii3FNL6/</value>
          </Data>
          <Data name="EDAD">
            <value>38.0</value>
          </Data>
          <Data name="RAZA">
            <value>Hass</value>
          </Data>
          <Data name="VARIEDAD">
            <value/>
          </Data>
          <Data name="TOTAL PLANTAS">
            <value>20.0</value>
          </Data>
          <Data name="PLANTAS EN PRODUCCION">
            <value>7.0</value>
          </Data>
          <Data name="AREA EN MZ">
            <value>0.25</value>
          </Data>
          <Data name="ANALISIS DE SUELO">
            <value>No</value>
          </Data>
          <Data name="IMAGEN ANALISIS">
            <value/>
          </Data>
          <Data name="FERTILIZA">
            <value>Si</value>
          </Data>
          <Data name="FUMIGA">
            <value>Si</value>
          </Data>
          <Data name="SISTEMA DE RIEGO">
            <value>No</value>
          </Data>
          <Data name="TIPO DE SISTEMA">
            <value/>
          </Data>
          <Data name="AREA CON RIEGO">
            <value/>
          </Data>
          <Data name="FUENTE DE AGUA">
            <value>No</value>
          </Data>
          <Data name="CAPACITACION">
            <value>Si</value>
          </Data>
          <Data name="REALIZA PODAS">
            <value>Si</value>
          </Data>
          <Data name="AFILIADO A ASPAH">
            <value>No</value>
          </Data>
          <Data name="CREDITO">
            <value>No</value>
          </Data>
          <Data name="TRABAJADORES PERMANENTES">
            <value>Si</value>
          </Data>
          <Data name="CUANTOS TP">
            <value>1.0</value>
          </Data>
          <Data name="TRANBAJADORES TEMPORALES">
            <value>No</value>
          </Data>
          <Data name="CUANTOS TT">
            <value/>
          </Data>
          <Data name="SALARIO POR DIA">
            <value>250.0</value>
          </Data>
          <Data name="LIBRAS COSECHADAS">
            <value>85.0</value>
          </Data>
          <Data name="UNIDADES COSECHADAS">
            <value/>
          </Data>
          <Data name="UNIDADES COSSECHADAS">
            <value/>
          </Data>
          <Data name="MESES DE COSECHA">
            <value>Noviembre Diciembre</value>
          </Data>
          <Data name="DONDE VENDE">
            <value>No he vendido aún.</value>
          </Data>
          <Data name="PRECIO LIBRA">
            <value>0.0</value>
          </Data>
          <Data name="PRECIO UNIDAD">
            <value/>
          </Data>
          <Data name="PRECIO UNNIDAD">
            <value/>
          </Data>
          <Data name="TRANSPORTE DE COSECHA">
            <value>Ninguno</value>
          </Data>
          <Data name="IMAGEN PRODUCTOR">
            <value>https://kf.kobotoolbox.org/api/v2/assets/ad7G92bXCJpMkqNXz97XDt/data/740247596/attachments/attCqgcN6VvEpxwzZn8wgE3M/</value>
          </Data>
          <Data name="OBSERVACION">
            <value/>
          </Data>
          <Data name="FIRMA">
            <value>https://kf.kobotoolbox.org/api/v2/assets/ad7G92bXCJpMkqNXz97XDt/data/740247596/attachments/attyLW8zXWRNpmmqbaNjLTMc/</value>
          </Data>
        </ExtendedData>
        <Point>
          <coordinates>
            -87.1740801,15.0491841,0
          </coordinates>
        </Point>
      </Placemark>
      <Placemark>
        <name>ISMAEL CRUZ DOMÍNGUEZ </name>
        <description><![CDATA[﻿FECHA: 30/4/2026<br>LATITUD: 15.0471205<br>LONGITUD: -87.1711696<br>ALTITUD MSNM: 1564<br>DEPARTAMENTO: Yoro<br>MUNICIPIO: Yoro<br>FINCA: Finca El Mirador<br>DNI: 0603-1957-00193<br>IMAGEN DNI: https://kf.kobotoolbox.org/api/v2/assets/ad7G92bXCJpMkqNXz97XDt/data/740247601/attachments/attAzDh3YLqPRWp93qj5X66h/<br>EDAD: 68<br>RAZA: Hass<br>VARIEDAD: <br>TOTAL PLANTAS: 118<br>PLANTAS EN PRODUCCION: 0<br>AREA EN MZ: 1<br>ANALISIS DE SUELO: Si<br>IMAGEN ANALISIS: <br>FERTILIZA: Si<br>FUMIGA: Si<br>SISTEMA DE RIEGO: No<br>TIPO DE SISTEMA: <br>AREA CON RIEGO: <br>FUENTE DE AGUA: No<br>CAPACITACION: Si<br>REALIZA PODAS: Si<br>AFILIADO A ASPAH: Si<br>CREDITO: No<br>TRABAJADORES PERMANENTES: No<br>CUANTOS TP: <br>TRANBAJADORES TEMPORALES: Si<br>CUANTOS TT: 8<br>SALARIO POR DIA: 250<br>LIBRAS COSECHADAS: 0<br>UNIDADES COSECHADAS: <br>UNIDADES COSSECHADAS: <br>MESES DE COSECHA: Diciembre<br>DONDE VENDE: No he vendido aún.<br>PRECIO LIBRA: 0<br>PRECIO UNIDAD: <br>PRECIO UNNIDAD: <br>TRANSPORTE DE COSECHA: Ninguno<br>IMAGEN PRODUCTOR: https://kf.kobotoolbox.org/api/v2/assets/ad7G92bXCJpMkqNXz97XDt/data/740247601/attachments/attmwNtvKCKqJWWY4MJYCCk9/<br>OBSERVACION: <br>FIRMA: https://kf.kobotoolbox.org/api/v2/assets/ad7G92bXCJpMkqNXz97XDt/data/740247601/attachments/attLsZxKFR7ytrsRzMn4c6ej/]]></description>
        <styleUrl>#icon-1899-FFD600</styleUrl>
        <ExtendedData>
          <Data name="﻿FECHA">
            <value>30/4/2026</value>
          </Data>
          <Data name="LATITUD">
            <value>15.0471205</value>
          </Data>
          <Data name="LONGITUD">
            <value>-87.1711696</value>
          </Data>
          <Data name="ALTITUD MSNM">
            <value>1564.0</value>
          </Data>
          <Data name="DEPARTAMENTO">
            <value>Yoro</value>
          </Data>
          <Data name="MUNICIPIO">
            <value>Yoro</value>
          </Data>
          <Data name="FINCA">
            <value>Finca El Mirador</value>
          </Data>
          <Data name="DNI">
            <value>0603-1957-00193</value>
          </Data>
          <Data name="IMAGEN DNI">
            <value>https://kf.kobotoolbox.org/api/v2/assets/ad7G92bXCJpMkqNXz97XDt/data/740247601/attachments/attAzDh3YLqPRWp93qj5X66h/</value>
          </Data>
          <Data name="EDAD">
            <value>68.0</value>
          </Data>
          <Data name="RAZA">
            <value>Hass</value>
          </Data>
          <Data name="VARIEDAD">
            <value/>
          </Data>
          <Data name="TOTAL PLANTAS">
            <value>118.0</value>
          </Data>
          <Data name="PLANTAS EN PRODUCCION">
            <value>0.0</value>
          </Data>
          <Data name="AREA EN MZ">
            <value>1</value>
          </Data>
          <Data name="ANALISIS DE SUELO">
            <value>Si</value>
          </Data>
          <Data name="IMAGEN ANALISIS">
            <value/>
          </Data>
          <Data name="FERTILIZA">
            <value>Si</value>
          </Data>
          <Data name="FUMIGA">
            <value>Si</value>
          </Data>
          <Data name="SISTEMA DE RIEGO">
            <value>No</value>
          </Data>
          <Data name="TIPO DE SISTEMA">
            <value/>
          </Data>
          <Data name="AREA CON RIEGO">
            <value/>
          </Data>
          <Data name="FUENTE DE AGUA">
            <value>No</value>
          </Data>
          <Data name="CAPACITACION">
            <value>Si</value>
          </Data>
          <Data name="REALIZA PODAS">
            <value>Si</value>
          </Data>
          <Data name="AFILIADO A ASPAH">
            <value>Si</value>
          </Data>
          <Data name="CREDITO">
            <value>No</value>
          </Data>
          <Data name="TRABAJADORES PERMANENTES">
            <value>No</value>
          </Data>
          <Data name="CUANTOS TP">
            <value/>
          </Data>
          <Data name="TRANBAJADORES TEMPORALES">
            <value>Si</value>
          </Data>
          <Data name="CUANTOS TT">
            <value>8.0</value>
          </Data>
          <Data name="SALARIO POR DIA">
            <value>250.0</value>
          </Data>
          <Data name="LIBRAS COSECHADAS">
            <value>0.0</value>
          </Data>
          <Data name="UNIDADES COSECHADAS">
            <value/>
          </Data>
          <Data name="UNIDADES COSSECHADAS">
            <value/>
          </Data>
          <Data name="MESES DE COSECHA">
            <value>Diciembre</value>
          </Data>
          <Data name="DONDE VENDE">
            <value>No he vendido aún.</value>
          </Data>
          <Data name="PRECIO LIBRA">
            <value>0.0</value>
          </Data>
          <Data name="PRECIO UNIDAD">
            <value/>
          </Data>
          <Data name="PRECIO UNNIDAD">
            <value/>
          </Data>
          <Data name="TRANSPORTE DE COSECHA">
            <value>Ninguno</value>
          </Data>
          <Data name="IMAGEN PRODUCTOR">
            <value>https://kf.kobotoolbox.org/api/v2/assets/ad7G92bXCJpMkqNXz97XDt/data/740247601/attachments/attmwNtvKCKqJWWY4MJYCCk9/</value>
          </Data>
          <Data name="OBSERVACION">
            <value/>
          </Data>
          <Data name="FIRMA">
            <value>https://kf.kobotoolbox.org/api/v2/assets/ad7G92bXCJpMkqNXz97XDt/data/740247601/attachments/attLsZxKFR7ytrsRzMn4c6ej/</value>
          </Data>
        </ExtendedData>
        <Point>
          <coordinates>
            -87.1711696,15.0471205,0
          </coordinates>
        </Point>
      </Placemark>
      <Placemark>
        <name>JORGE NOEL GARAY MEJIA</name>
        <description><![CDATA[﻿FECHA: 30/4/2026<br>LATITUD: 15.0478065<br>LONGITUD: -87.1700651<br>ALTITUD MSNM: 1535<br>DEPARTAMENTO: Yoro<br>MUNICIPIO: Yoro<br>FINCA: Finca Garay<br>DNI: 1801-1989-04721<br>IMAGEN DNI: https://kf.kobotoolbox.org/api/v2/assets/ad7G92bXCJpMkqNXz97XDt/data/740247606/attachments/attGLKpBg73Zm9NSYmYE6RVA/<br>EDAD: 36<br>RAZA: Hass<br>VARIEDAD: <br>TOTAL PLANTAS: 67<br>PLANTAS EN PRODUCCION: 17<br>AREA EN MZ: 0.25<br>ANALISIS DE SUELO: No<br>IMAGEN ANALISIS: <br>FERTILIZA: No<br>FUMIGA: Si<br>SISTEMA DE RIEGO: No<br>TIPO DE SISTEMA: <br>AREA CON RIEGO: <br>FUENTE DE AGUA: No<br>CAPACITACION: Si<br>REALIZA PODAS: No<br>AFILIADO A ASPAH: No<br>CREDITO: No<br>TRABAJADORES PERMANENTES: Si<br>CUANTOS TP: 1<br>TRANBAJADORES TEMPORALES: No<br>CUANTOS TT: <br>SALARIO POR DIA: 250<br>LIBRAS COSECHADAS: 0<br>UNIDADES COSECHADAS: <br>UNIDADES COSSECHADAS: <br>MESES DE COSECHA: Diciembre<br>DONDE VENDE: No he vendido aún.<br>PRECIO LIBRA: 0<br>PRECIO UNIDAD: <br>PRECIO UNNIDAD: <br>TRANSPORTE DE COSECHA: Ninguno<br>IMAGEN PRODUCTOR: https://kf.kobotoolbox.org/api/v2/assets/ad7G92bXCJpMkqNXz97XDt/data/740247606/attachments/att8NZrcq4ik9t8HYUyAU35v/<br>OBSERVACION: Tiene 17 plantas que van a empezar a producir y 50 recien sembradas, la foto se tomo con lideres<br>FIRMA: https://kf.kobotoolbox.org/api/v2/assets/ad7G92bXCJpMkqNXz97XDt/data/740247606/attachments/attV9HFJ7Nm2ZxWumAUgwW9m/]]></description>
        <styleUrl>#icon-1899-FFD600</styleUrl>
        <ExtendedData>
          <Data name="﻿FECHA">
            <value>30/4/2026</value>
          </Data>
          <Data name="LATITUD">
            <value>15.0478065</value>
          </Data>
          <Data name="LONGITUD">
            <value>-87.1700651</value>
          </Data>
          <Data name="ALTITUD MSNM">
            <value>1535.0</value>
          </Data>
          <Data name="DEPARTAMENTO">
            <value>Yoro</value>
          </Data>
          <Data name="MUNICIPIO">
            <value>Yoro</value>
          </Data>
          <Data name="FINCA">
            <value>Finca Garay</value>
          </Data>
          <Data name="DNI">
            <value>1801-1989-04721</value>
          </Data>
          <Data name="IMAGEN DNI">
            <value>https://kf.kobotoolbox.org/api/v2/assets/ad7G92bXCJpMkqNXz97XDt/data/740247606/attachments/attGLKpBg73Zm9NSYmYE6RVA/</value>
          </Data>
          <Data name="EDAD">
            <value>36.0</value>
          </Data>
          <Data name="RAZA">
            <value>Hass</value>
          </Data>
          <Data name="VARIEDAD">
            <value/>
          </Data>
          <Data name="TOTAL PLANTAS">
            <value>67.0</value>
          </Data>
          <Data name="PLANTAS EN PRODUCCION">
            <value>17.0</value>
          </Data>
          <Data name="AREA EN MZ">
            <value>0.25</value>
          </Data>
          <Data name="ANALISIS DE SUELO">
            <value>No</value>
          </Data>
          <Data name="IMAGEN ANALISIS">
            <value/>
          </Data>
          <Data name="FERTILIZA">
            <value>No</value>
          </Data>
          <Data name="FUMIGA">
            <value>Si</value>
          </Data>
          <Data name="SISTEMA DE RIEGO">
            <value>No</value>
          </Data>
          <Data name="TIPO DE SISTEMA">
            <value/>
          </Data>
          <Data name="AREA CON RIEGO">
            <value/>
          </Data>
          <Data name="FUENTE DE AGUA">
            <value>No</value>
          </Data>
          <Data name="CAPACITACION">
            <value>Si</value>
          </Data>
          <Data name="REALIZA PODAS">
            <value>No</value>
          </Data>
          <Data name="AFILIADO A ASPAH">
            <value>No</value>
          </Data>
          <Data name="CREDITO">
            <value>No</value>
          </Data>
          <Data name="TRABAJADORES PERMANENTES">
            <value>Si</value>
          </Data>
          <Data name="CUANTOS TP">
            <value>1.0</value>
          </Data>
          <Data name="TRANBAJADORES TEMPORALES">
            <value>No</value>
          </Data>
          <Data name="CUANTOS TT">
            <value/>
          </Data>
          <Data name="SALARIO POR DIA">
            <value>250.0</value>
          </Data>
          <Data name="LIBRAS COSECHADAS">
            <value>0.0</value>
          </Data>
          <Data name="UNIDADES COSECHADAS">
            <value/>
          </Data>
          <Data name="UNIDADES COSSECHADAS">
            <value/>
          </Data>
          <Data name="MESES DE COSECHA">
            <value>Diciembre</value>
          </Data>
          <Data name="DONDE VENDE">
            <value>No he vendido aún.</value>
          </Data>
          <Data name="PRECIO LIBRA">
            <value>0.0</value>
          </Data>
          <Data name="PRECIO UNIDAD">
            <value/>
          </Data>
          <Data name="PRECIO UNNIDAD">
            <value/>
          </Data>
          <Data name="TRANSPORTE DE COSECHA">
            <value>Ninguno</value>
          </Data>
          <Data name="IMAGEN PRODUCTOR">
            <value>https://kf.kobotoolbox.org/api/v2/assets/ad7G92bXCJpMkqNXz97XDt/data/740247606/attachments/att8NZrcq4ik9t8HYUyAU35v/</value>
          </Data>
          <Data name="OBSERVACION">
            <value>Tiene 17 plantas que van a empezar a producir y 50 recien sembradas, la foto se tomo con lideres</value>
          </Data>
          <Data name="FIRMA">
            <value>https://kf.kobotoolbox.org/api/v2/assets/ad7G92bXCJpMkqNXz97XDt/data/740247606/attachments/attV9HFJ7Nm2ZxWumAUgwW9m/</value>
          </Data>
        </ExtendedData>
        <Point>
          <coordinates>
            -87.1700651,15.0478065,0
          </coordinates>
        </Point>
      </Placemark>
      <Placemark>
        <name>JUANA UBALDINA GUTIERREZ MURILLO</name>
        <description><![CDATA[﻿FECHA: 30/4/2026<br>LATITUD: 15.0496123<br>LONGITUD: -87.1703043<br>ALTITUD MSNM: 1511<br>DEPARTAMENTO: Yoro<br>MUNICIPIO: Yoro<br>FINCA: Finca Bella Vista<br>DNI: 1801-1983-01087<br>IMAGEN DNI: https://kf.kobotoolbox.org/api/v2/assets/ad7G92bXCJpMkqNXz97XDt/data/740247609/attachments/att5pSNJ8KU9aXnL6FE3nQQL/<br>EDAD: 42<br>RAZA: Hass<br>VARIEDAD: <br>TOTAL PLANTAS: 300<br>PLANTAS EN PRODUCCION: 120<br>AREA EN MZ: 2.5<br>ANALISIS DE SUELO: No<br>IMAGEN ANALISIS: <br>FERTILIZA: Si<br>FUMIGA: Si<br>SISTEMA DE RIEGO: No<br>TIPO DE SISTEMA: <br>AREA CON RIEGO: <br>FUENTE DE AGUA: No<br>CAPACITACION: No<br>REALIZA PODAS: Si<br>AFILIADO A ASPAH: Si<br>CREDITO: No<br>TRABAJADORES PERMANENTES: Si<br>CUANTOS TP: 1<br>TRANBAJADORES TEMPORALES: Si<br>CUANTOS TT: 7<br>SALARIO POR DIA: 250<br>LIBRAS COSECHADAS: 2800<br>UNIDADES COSECHADAS: <br>UNIDADES COSSECHADAS: <br>MESES DE COSECHA: Enero Febrero Marzo<br>DONDE VENDE: Mercado de la ciudad.<br>PRECIO LIBRA: 13<br>PRECIO UNIDAD: <br>PRECIO UNNIDAD: <br>TRANSPORTE DE COSECHA: Vehiculo propio<br>IMAGEN PRODUCTOR: https://kf.kobotoolbox.org/api/v2/assets/ad7G92bXCJpMkqNXz97XDt/data/740247609/attachments/attShJ6pTbgJUsrE5isVraKJ/<br>OBSERVACION: El esposo Danis Castro Aguilar esta afiliado a ASPAH pero esta fuera del pais va a repeesentar la esposa <br>FIRMA: https://kf.kobotoolbox.org/api/v2/assets/ad7G92bXCJpMkqNXz97XDt/data/740247609/attachments/attKbt8oP3LpP3pT3BYkMD6y/]]></description>
        <styleUrl>#icon-1899-FFD600</styleUrl>
        <ExtendedData>
          <Data name="﻿FECHA">
            <value>30/4/2026</value>
          </Data>
          <Data name="LATITUD">
            <value>15.0496123</value>
          </Data>
          <Data name="LONGITUD">
            <value>-87.1703043</value>
          </Data>
          <Data name="ALTITUD MSNM">
            <value>1511.0</value>
          </Data>
          <Data name="DEPARTAMENTO">
            <value>Yoro</value>
          </Data>
          <Data name="MUNICIPIO">
            <value>Yoro</value>
          </Data>
          <Data name="FINCA">
            <value>Finca Bella Vista</value>
          </Data>
          <Data name="DNI">
            <value>1801-1983-01087</value>
          </Data>
          <Data name="IMAGEN DNI">
            <value>https://kf.kobotoolbox.org/api/v2/assets/ad7G92bXCJpMkqNXz97XDt/data/740247609/attachments/att5pSNJ8KU9aXnL6FE3nQQL/</value>
          </Data>
          <Data name="EDAD">
            <value>42.0</value>
          </Data>
          <Data name="RAZA">
            <value>Hass</value>
          </Data>
          <Data name="VARIEDAD">
            <value/>
          </Data>
          <Data name="TOTAL PLANTAS">
            <value>300.0</value>
          </Data>
          <Data name="PLANTAS EN PRODUCCION">
            <value>120.0</value>
          </Data>
          <Data name="AREA EN MZ">
            <value>2.5</value>
          </Data>
          <Data name="ANALISIS DE SUELO">
            <value>No</value>
          </Data>
          <Data name="IMAGEN ANALISIS">
            <value/>
          </Data>
          <Data name="FERTILIZA">
            <value>Si</value>
          </Data>
          <Data name="FUMIGA">
            <value>Si</value>
          </Data>
          <Data name="SISTEMA DE RIEGO">
            <value>No</value>
          </Data>
          <Data name="TIPO DE SISTEMA">
            <value/>
          </Data>
          <Data name="AREA CON RIEGO">
            <value/>
          </Data>
          <Data name="FUENTE DE AGUA">
            <value>No</value>
          </Data>
          <Data name="CAPACITACION">
            <value>No</value>
          </Data>
          <Data name="REALIZA PODAS">
            <value>Si</value>
          </Data>
          <Data name="AFILIADO A ASPAH">
            <value>Si</value>
          </Data>
          <Data name="CREDITO">
            <value>No</value>
          </Data>
          <Data name="TRABAJADORES PERMANENTES">
            <value>Si</value>
          </Data>
          <Data name="CUANTOS TP">
            <value>1.0</value>
          </Data>
          <Data name="TRANBAJADORES TEMPORALES">
            <value>Si</value>
          </Data>
          <Data name="CUANTOS TT">
            <value>7.0</value>
          </Data>
          <Data name="SALARIO POR DIA">
            <value>250.0</value>
          </Data>
          <Data name="LIBRAS COSECHADAS">
            <value>2800.0</value>
          </Data>
          <Data name="UNIDADES COSECHADAS">
            <value/>
          </Data>
          <Data name="UNIDADES COSSECHADAS">
            <value/>
          </Data>
          <Data name="MESES DE COSECHA">
            <value>Enero Febrero Marzo</value>
          </Data>
          <Data name="DONDE VENDE">
            <value>Mercado de la ciudad.</value>
          </Data>
          <Data name="PRECIO LIBRA">
            <value>13.0</value>
          </Data>
          <Data name="PRECIO UNIDAD">
            <value/>
          </Data>
          <Data name="PRECIO UNNIDAD">
            <value/>
          </Data>
          <Data name="TRANSPORTE DE COSECHA">
            <value>Vehiculo propio</value>
          </Data>
          <Data name="IMAGEN PRODUCTOR">
            <value>https://kf.kobotoolbox.org/api/v2/assets/ad7G92bXCJpMkqNXz97XDt/data/740247609/attachments/attShJ6pTbgJUsrE5isVraKJ/</value>
          </Data>
          <Data name="OBSERVACION">
            <value>El esposo Danis Castro Aguilar esta afiliado a ASPAH pero esta fuera del pais va a repeesentar la esposa </value>
          </Data>
          <Data name="FIRMA">
            <value>https://kf.kobotoolbox.org/api/v2/assets/ad7G92bXCJpMkqNXz97XDt/data/740247609/attachments/attKbt8oP3LpP3pT3BYkMD6y/</value>
          </Data>
        </ExtendedData>
        <Point>
          <coordinates>
            -87.1703043,15.0496123,0
          </coordinates>
        </Point>
      </Placemark>
      <Placemark>
        <name>EUGENIO CASTRO</name>
        <description><![CDATA[﻿FECHA: 30/4/2026<br>LATITUD: 15.0521252<br>LONGITUD: -87.1697928<br>ALTITUD MSNM: 1461<br>DEPARTAMENTO: Yoro<br>MUNICIPIO: Yoro<br>FINCA: Finca Nueva Esperanza <br>DNI: 1801-1957-00445<br>IMAGEN DNI: https://kf.kobotoolbox.org/api/v2/assets/ad7G92bXCJpMkqNXz97XDt/data/740247614/attachments/attuMsF8ZBiyNDgpcJFy8zxp/<br>EDAD: 68<br>RAZA: Hass<br>VARIEDAD: <br>TOTAL PLANTAS: 330<br>PLANTAS EN PRODUCCION: 330<br>AREA EN MZ: 2.5<br>ANALISIS DE SUELO: Si<br>IMAGEN ANALISIS: <br>FERTILIZA: Si<br>FUMIGA: Si<br>SISTEMA DE RIEGO: No<br>TIPO DE SISTEMA: <br>AREA CON RIEGO: <br>FUENTE DE AGUA: No<br>CAPACITACION: Si<br>REALIZA PODAS: Si<br>AFILIADO A ASPAH: Si<br>CREDITO: No<br>TRABAJADORES PERMANENTES: Si<br>CUANTOS TP: 1<br>TRANBAJADORES TEMPORALES: Si<br>CUANTOS TT: 8<br>SALARIO POR DIA: 250<br>LIBRAS COSECHADAS: 5000<br>UNIDADES COSECHADAS: <br>UNIDADES COSSECHADAS: <br>MESES DE COSECHA: Enero Febrero Marzo<br>DONDE VENDE: Mercado de la ciudad.<br>PRECIO LIBRA: 13<br>PRECIO UNIDAD: <br>PRECIO UNNIDAD: <br>TRANSPORTE DE COSECHA: Vehiculo propio<br>IMAGEN PRODUCTOR: https://kf.kobotoolbox.org/api/v2/assets/ad7G92bXCJpMkqNXz97XDt/data/740247614/attachments/attuXhez4e3fc6N7kb8GNJCS/<br>OBSERVACION: <br>FIRMA: https://kf.kobotoolbox.org/api/v2/assets/ad7G92bXCJpMkqNXz97XDt/data/740247614/attachments/attsNq7FLfzgwJ5csyDmc7qL/]]></description>
        <styleUrl>#icon-1899-FFD600</styleUrl>
        <ExtendedData>
          <Data name="﻿FECHA">
            <value>30/4/2026</value>
          </Data>
          <Data name="LATITUD">
            <value>15.0521252</value>
          </Data>
          <Data name="LONGITUD">
            <value>-87.1697928</value>
          </Data>
          <Data name="ALTITUD MSNM">
            <value>1461.0</value>
          </Data>
          <Data name="DEPARTAMENTO">
            <value>Yoro</value>
          </Data>
          <Data name="MUNICIPIO">
            <value>Yoro</value>
          </Data>
          <Data name="FINCA">
            <value>Finca Nueva Esperanza </value>
          </Data>
          <Data name="DNI">
            <value>1801-1957-00445</value>
          </Data>
          <Data name="IMAGEN DNI">
            <value>https://kf.kobotoolbox.org/api/v2/assets/ad7G92bXCJpMkqNXz97XDt/data/740247614/attachments/attuMsF8ZBiyNDgpcJFy8zxp/</value>
          </Data>
          <Data name="EDAD">
            <value>68.0</value>
          </Data>
          <Data name="RAZA">
            <value>Hass</value>
          </Data>
          <Data name="VARIEDAD">
            <value/>
          </Data>
          <Data name="TOTAL PLANTAS">
            <value>330.0</value>
          </Data>
          <Data name="PLANTAS EN PRODUCCION">
            <value>330.0</value>
          </Data>
          <Data name="AREA EN MZ">
            <value>2.5</value>
          </Data>
          <Data name="ANALISIS DE SUELO">
            <value>Si</value>
          </Data>
          <Data name="IMAGEN ANALISIS">
            <value/>
          </Data>
          <Data name="FERTILIZA">
            <value>Si</value>
          </Data>
          <Data name="FUMIGA">
            <value>Si</value>
          </Data>
          <Data name="SISTEMA DE RIEGO">
            <value>No</value>
          </Data>
          <Data name="TIPO DE SISTEMA">
            <value/>
          </Data>
          <Data name="AREA CON RIEGO">
            <value/>
          </Data>
          <Data name="FUENTE DE AGUA">
            <value>No</value>
          </Data>
          <Data name="CAPACITACION">
            <value>Si</value>
          </Data>
          <Data name="REALIZA PODAS">
            <value>Si</value>
          </Data>
          <Data name="AFILIADO A ASPAH">
            <value>Si</value>
          </Data>
          <Data name="CREDITO">
            <value>No</value>
          </Data>
          <Data name="TRABAJADORES PERMANENTES">
            <value>Si</value>
          </Data>
          <Data name="CUANTOS TP">
            <value>1.0</value>
          </Data>
          <Data name="TRANBAJADORES TEMPORALES">
            <value>Si</value>
          </Data>
          <Data name="CUANTOS TT">
            <value>8.0</value>
          </Data>
          <Data name="SALARIO POR DIA">
            <value>250.0</value>
          </Data>
          <Data name="LIBRAS COSECHADAS">
            <value>5000.0</value>
          </Data>
          <Data name="UNIDADES COSECHADAS">
            <value/>
          </Data>
          <Data name="UNIDADES COSSECHADAS">
            <value/>
          </Data>
          <Data name="MESES DE COSECHA">
            <value>Enero Febrero Marzo</value>
          </Data>
          <Data name="DONDE VENDE">
            <value>Mercado de la ciudad.</value>
          </Data>
          <Data name="PRECIO LIBRA">
            <value>13.0</value>
          </Data>
          <Data name="PRECIO UNIDAD">
            <value/>
          </Data>
          <Data name="PRECIO UNNIDAD">
            <value/>
          </Data>
          <Data name="TRANSPORTE DE COSECHA">
            <value>Vehiculo propio</value>
          </Data>
          <Data name="IMAGEN PRODUCTOR">
            <value>https://kf.kobotoolbox.org/api/v2/assets/ad7G92bXCJpMkqNXz97XDt/data/740247614/attachments/attuXhez4e3fc6N7kb8GNJCS/</value>
          </Data>
          <Data name="OBSERVACION">
            <value/>
          </Data>
          <Data name="FIRMA">
            <value>https://kf.kobotoolbox.org/api/v2/assets/ad7G92bXCJpMkqNXz97XDt/data/740247614/attachments/attsNq7FLfzgwJ5csyDmc7qL/</value>
          </Data>
        </ExtendedData>
        <Point>
          <coordinates>
            -87.1697928,15.0521252,0
          </coordinates>
        </Point>
      </Placemark>
      <Placemark>
        <name>FREDYS PEÑA</name>
        <description><![CDATA[﻿FECHA: 30/4/2026<br>LATITUD: 15.0628625<br>LONGITUD: -87.1541833<br>ALTITUD MSNM: 1208<br>DEPARTAMENTO: Yoro<br>MUNICIPIO: Yoro<br>FINCA: Finca El Esfuerzo<br>DNI: 1706-1958-00157<br>IMAGEN DNI: https://kf.kobotoolbox.org/api/v2/assets/ad7G92bXCJpMkqNXz97XDt/data/740247620/attachments/attXMrF5UgNDCgAxT6coTZdd/<br>EDAD: 67<br>RAZA: Hass<br>VARIEDAD: <br>TOTAL PLANTAS: 70<br>PLANTAS EN PRODUCCION: 70<br>AREA EN MZ: 0.5<br>ANALISIS DE SUELO: Si<br>IMAGEN ANALISIS: https://kf.kobotoolbox.org/api/v2/assets/ad7G92bXCJpMkqNXz97XDt/data/740247620/attachments/att8sWSsAoskLcaP7x3Vcvot/<br>FERTILIZA: Si<br>FUMIGA: Si<br>SISTEMA DE RIEGO: No<br>TIPO DE SISTEMA: <br>AREA CON RIEGO: <br>FUENTE DE AGUA: No<br>CAPACITACION: Si<br>REALIZA PODAS: No<br>AFILIADO A ASPAH: No<br>CREDITO: No<br>TRABAJADORES PERMANENTES: Si<br>CUANTOS TP: 1<br>TRANBAJADORES TEMPORALES: Si<br>CUANTOS TT: 2<br>SALARIO POR DIA: 250<br>LIBRAS COSECHADAS: 0<br>UNIDADES COSECHADAS: <br>UNIDADES COSSECHADAS: <br>MESES DE COSECHA: Octubre<br>DONDE VENDE: No he vendido aún.<br>PRECIO LIBRA: 0<br>PRECIO UNIDAD: <br>PRECIO UNNIDAD: <br>TRANSPORTE DE COSECHA: Ninguno<br>IMAGEN PRODUCTOR: https://kf.kobotoolbox.org/api/v2/assets/ad7G92bXCJpMkqNXz97XDt/data/740247620/attachments/att7MkzpFyDB3XdfxPAvgdBU/<br>OBSERVACION: 3 años sin cosechar plantas bien desarrolladas pero con falta de podas, aplica fertilización y fumigacion<br>FIRMA: https://kf.kobotoolbox.org/api/v2/assets/ad7G92bXCJpMkqNXz97XDt/data/740247620/attachments/attbQTBVncMQ2onL5MLVZEFL/]]></description>
        <styleUrl>#icon-1899-FFD600</styleUrl>
        <ExtendedData>
          <Data name="﻿FECHA">
            <value>30/4/2026</value>
          </Data>
          <Data name="LATITUD">
            <value>15.0628625</value>
          </Data>
          <Data name="LONGITUD">
            <value>-87.1541833</value>
          </Data>
          <Data name="ALTITUD MSNM">
            <value>1208.0</value>
          </Data>
          <Data name="DEPARTAMENTO">
            <value>Yoro</value>
          </Data>
          <Data name="MUNICIPIO">
            <value>Yoro</value>
          </Data>
          <Data name="FINCA">
            <value>Finca El Esfuerzo</value>
          </Data>
          <Data name="DNI">
            <value>1706-1958-00157</value>
          </Data>
          <Data name="IMAGEN DNI">
            <value>https://kf.kobotoolbox.org/api/v2/assets/ad7G92bXCJpMkqNXz97XDt/data/740247620/attachments/attXMrF5UgNDCgAxT6coTZdd/</value>
          </Data>
          <Data name="EDAD">
            <value>67.0</value>
          </Data>
          <Data name="RAZA">
            <value>Hass</value>
          </Data>
          <Data name="VARIEDAD">
            <value/>
          </Data>
          <Data name="TOTAL PLANTAS">
            <value>70.0</value>
          </Data>
          <Data name="PLANTAS EN PRODUCCION">
            <value>70.0</value>
          </Data>
          <Data name="AREA EN MZ">
            <value>0.5</value>
          </Data>
          <Data name="ANALISIS DE SUELO">
            <value>Si</value>
          </Data>
          <Data name="IMAGEN ANALISIS">
            <value>https://kf.kobotoolbox.org/api/v2/assets/ad7G92bXCJpMkqNXz97XDt/data/740247620/attachments/att8sWSsAoskLcaP7x3Vcvot/</value>
          </Data>
          <Data name="FERTILIZA">
            <value>Si</value>
          </Data>
          <Data name="FUMIGA">
            <value>Si</value>
          </Data>
          <Data name="SISTEMA DE RIEGO">
            <value>No</value>
          </Data>
          <Data name="TIPO DE SISTEMA">
            <value/>
          </Data>
          <Data name="AREA CON RIEGO">
            <value/>
          </Data>
          <Data name="FUENTE DE AGUA">
            <value>No</value>
          </Data>
          <Data name="CAPACITACION">
            <value>Si</value>
          </Data>
          <Data name="REALIZA PODAS">
            <value>No</value>
          </Data>
          <Data name="AFILIADO A ASPAH">
            <value>No</value>
          </Data>
          <Data name="CREDITO">
            <value>No</value>
          </Data>
          <Data name="TRABAJADORES PERMANENTES">
            <value>Si</value>
          </Data>
          <Data name="CUANTOS TP">
            <value>1.0</value>
          </Data>
          <Data name="TRANBAJADORES TEMPORALES">
            <value>Si</value>
          </Data>
          <Data name="CUANTOS TT">
            <value>2.0</value>
          </Data>
          <Data name="SALARIO POR DIA">
            <value>250.0</value>
          </Data>
          <Data name="LIBRAS COSECHADAS">
            <value>0.0</value>
          </Data>
          <Data name="UNIDADES COSECHADAS">
            <value/>
          </Data>
          <Data name="UNIDADES COSSECHADAS">
            <value/>
          </Data>
          <Data name="MESES DE COSECHA">
            <value>Octubre</value>
          </Data>
          <Data name="DONDE VENDE">
            <value>No he vendido aún.</value>
          </Data>
          <Data name="PRECIO LIBRA">
            <value>0.0</value>
          </Data>
          <Data name="PRECIO UNIDAD">
            <value/>
          </Data>
          <Data name="PRECIO UNNIDAD">
            <value/>
          </Data>
          <Data name="TRANSPORTE DE COSECHA">
            <value>Ninguno</value>
          </Data>
          <Data name="IMAGEN PRODUCTOR">
            <value>https://kf.kobotoolbox.org/api/v2/assets/ad7G92bXCJpMkqNXz97XDt/data/740247620/attachments/att7MkzpFyDB3XdfxPAvgdBU/</value>
          </Data>
          <Data name="OBSERVACION">
            <value>3 años sin cosechar plantas bien desarrolladas pero con falta de podas, aplica fertilización y fumigacion</value>
          </Data>
          <Data name="FIRMA">
            <value>https://kf.kobotoolbox.org/api/v2/assets/ad7G92bXCJpMkqNXz97XDt/data/740247620/attachments/attbQTBVncMQ2onL5MLVZEFL/</value>
          </Data>
        </ExtendedData>
        <Point>
          <coordinates>
            -87.1541833,15.0628625,0
          </coordinates>
        </Point>
      </Placemark>
      <Placemark>
        <name>JOSE SANTOS PEREZ GALO</name>
        <description><![CDATA[﻿FECHA: 30/4/2026<br>LATITUD: 15.0586458<br>LONGITUD: -87.1550149<br>ALTITUD MSNM: 1269<br>DEPARTAMENTO: Yoro<br>MUNICIPIO: Yoro<br>FINCA: Finca Mi Esperanza<br>DNI: 0804-1976-00092<br>IMAGEN DNI: https://kf.kobotoolbox.org/api/v2/assets/ad7G92bXCJpMkqNXz97XDt/data/740247622/attachments/attoCSV9wc6iKsX5XxJG9Gzz/<br>EDAD: 49<br>RAZA: Hass<br>VARIEDAD: <br>TOTAL PLANTAS: 100<br>PLANTAS EN PRODUCCION: 100<br>AREA EN MZ: 0.75<br>ANALISIS DE SUELO: Si<br>IMAGEN ANALISIS: <br>FERTILIZA: Si<br>FUMIGA: Si<br>SISTEMA DE RIEGO: No<br>TIPO DE SISTEMA: <br>AREA CON RIEGO: <br>FUENTE DE AGUA: No<br>CAPACITACION: Si<br>REALIZA PODAS: Si<br>AFILIADO A ASPAH: Si<br>CREDITO: No<br>TRABAJADORES PERMANENTES: Si<br>CUANTOS TP: 1<br>TRANBAJADORES TEMPORALES: Si<br>CUANTOS TT: 4<br>SALARIO POR DIA: 250<br>LIBRAS COSECHADAS: 0<br>UNIDADES COSECHADAS: <br>UNIDADES COSSECHADAS: <br>MESES DE COSECHA: Septiembre Octubre Noviembre<br>DONDE VENDE: No he vendido aún.<br>PRECIO LIBRA: 0<br>PRECIO UNIDAD: <br>PRECIO UNNIDAD: <br>TRANSPORTE DE COSECHA: Ninguno<br>IMAGEN PRODUCTOR: https://kf.kobotoolbox.org/api/v2/assets/ad7G92bXCJpMkqNXz97XDt/data/740247622/attachments/attTvHEH8sXhC7tyHMHrKKnG/<br>OBSERVACION: Hace 2 años cosecho y se esta presentando problema de botar mucha flor y fruto en cerillo<br>FIRMA: https://kf.kobotoolbox.org/api/v2/assets/ad7G92bXCJpMkqNXz97XDt/data/740247622/attachments/att5aQ2uUdJjLRk7heYhPHf6/]]></description>
        <styleUrl>#icon-1899-FFD600</styleUrl>
        <ExtendedData>
          <Data name="﻿FECHA">
            <value>30/4/2026</value>
          </Data>
          <Data name="LATITUD">
            <value>15.0586458</value>
          </Data>
          <Data name="LONGITUD">
            <value>-87.1550149</value>
          </Data>
          <Data name="ALTITUD MSNM">
            <value>1269.0</value>
          </Data>
          <Data name="DEPARTAMENTO">
            <value>Yoro</value>
          </Data>
          <Data name="MUNICIPIO">
            <value>Yoro</value>
          </Data>
          <Data name="FINCA">
            <value>Finca Mi Esperanza</value>
          </Data>
          <Data name="DNI">
            <value>0804-1976-00092</value>
          </Data>
          <Data name="IMAGEN DNI">
            <value>https://kf.kobotoolbox.org/api/v2/assets/ad7G92bXCJpMkqNXz97XDt/data/740247622/attachments/attoCSV9wc6iKsX5XxJG9Gzz/</value>
          </Data>
          <Data name="EDAD">
            <value>49.0</value>
          </Data>
          <Data name="RAZA">
            <value>Hass</value>
          </Data>
          <Data name="VARIEDAD">
            <value/>
          </Data>
          <Data name="TOTAL PLANTAS">
            <value>100.0</value>
          </Data>
          <Data name="PLANTAS EN PRODUCCION">
            <value>100.0</value>
          </Data>
          <Data name="AREA EN MZ">
            <value>0.75</value>
          </Data>
          <Data name="ANALISIS DE SUELO">
            <value>Si</value>
          </Data>
          <Data name="IMAGEN ANALISIS">
            <value/>
          </Data>
          <Data name="FERTILIZA">
            <value>Si</value>
          </Data>
          <Data name="FUMIGA">
            <value>Si</value>
          </Data>
          <Data name="SISTEMA DE RIEGO">
            <value>No</value>
          </Data>
          <Data name="TIPO DE SISTEMA">
            <value/>
          </Data>
          <Data name="AREA CON RIEGO">
            <value/>
          </Data>
          <Data name="FUENTE DE AGUA">
            <value>No</value>
          </Data>
          <Data name="CAPACITACION">
            <value>Si</value>
          </Data>
          <Data name="REALIZA PODAS">
            <value>Si</value>
          </Data>
          <Data name="AFILIADO A ASPAH">
            <value>Si</value>
          </Data>
          <Data name="CREDITO">
            <value>No</value>
          </Data>
          <Data name="TRABAJADORES PERMANENTES">
            <value>Si</value>
          </Data>
          <Data name="CUANTOS TP">
            <value>1.0</value>
          </Data>
          <Data name="TRANBAJADORES TEMPORALES">
            <value>Si</value>
          </Data>
          <Data name="CUANTOS TT">
            <value>4.0</value>
          </Data>
          <Data name="SALARIO POR DIA">
            <value>250.0</value>
          </Data>
          <Data name="LIBRAS COSECHADAS">
            <value>0.0</value>
          </Data>
          <Data name="UNIDADES COSECHADAS">
            <value/>
          </Data>
          <Data name="UNIDADES COSSECHADAS">
            <value/>
          </Data>
          <Data name="MESES DE COSECHA">
            <value>Septiembre Octubre Noviembre</value>
          </Data>
          <Data name="DONDE VENDE">
            <value>No he vendido aún.</value>
          </Data>
          <Data name="PRECIO LIBRA">
            <value>0.0</value>
          </Data>
          <Data name="PRECIO UNIDAD">
            <value/>
          </Data>
          <Data name="PRECIO UNNIDAD">
            <value/>
          </Data>
          <Data name="TRANSPORTE DE COSECHA">
            <value>Ninguno</value>
          </Data>
          <Data name="IMAGEN PRODUCTOR">
            <value>https://kf.kobotoolbox.org/api/v2/assets/ad7G92bXCJpMkqNXz97XDt/data/740247622/attachments/attTvHEH8sXhC7tyHMHrKKnG/</value>
          </Data>
          <Data name="OBSERVACION">
            <value>Hace 2 años cosecho y se esta presentando problema de botar mucha flor y fruto en cerillo</value>
          </Data>
          <Data name="FIRMA">
            <value>https://kf.kobotoolbox.org/api/v2/assets/ad7G92bXCJpMkqNXz97XDt/data/740247622/attachments/att5aQ2uUdJjLRk7heYhPHf6/</value>
          </Data>
        </ExtendedData>
        <Point>
          <coordinates>
            -87.1550149,15.0586458,0
          </coordinates>
        </Point>
      </Placemark>
      <Placemark>
        <name>LUIS ALBERTO TROCHEZ</name>
        <description><![CDATA[﻿FECHA: 30/4/2026<br>LATITUD: 15.079789<br>LONGITUD: -87.1552618<br>ALTITUD MSNM: 1087<br>DEPARTAMENTO: Yoro<br>MUNICIPIO: Yoro<br>FINCA: Finca El Volcán <br>DNI: 0801-1978-01167<br>IMAGEN DNI: https://kf.kobotoolbox.org/api/v2/assets/ad7G92bXCJpMkqNXz97XDt/data/740247625/attachments/attXKUFtP3Qs8wrDCiHhxYg8/<br>EDAD: 48<br>RAZA: Hass<br>VARIEDAD: <br>TOTAL PLANTAS: 180<br>PLANTAS EN PRODUCCION: 180<br>AREA EN MZ: 1.5<br>ANALISIS DE SUELO: Si<br>IMAGEN ANALISIS: <br>FERTILIZA: Si<br>FUMIGA: Si<br>SISTEMA DE RIEGO: No<br>TIPO DE SISTEMA: <br>AREA CON RIEGO: <br>FUENTE DE AGUA: No<br>CAPACITACION: Si<br>REALIZA PODAS: Si<br>AFILIADO A ASPAH: Si<br>CREDITO: No<br>TRABAJADORES PERMANENTES: Si<br>CUANTOS TP: 1<br>TRANBAJADORES TEMPORALES: Si<br>CUANTOS TT: 2<br>SALARIO POR DIA: 250<br>LIBRAS COSECHADAS: 2500<br>UNIDADES COSECHADAS: <br>UNIDADES COSSECHADAS: <br>MESES DE COSECHA: Noviembre Diciembre Enero Febrero<br>DONDE VENDE: Mercado de la ciudad.<br>PRECIO LIBRA: 24<br>PRECIO UNIDAD: <br>PRECIO UNNIDAD: <br>TRANSPORTE DE COSECHA: Vehiculo propio<br>IMAGEN PRODUCTOR: https://kf.kobotoolbox.org/api/v2/assets/ad7G92bXCJpMkqNXz97XDt/data/740247625/attachments/attPrwBUA7RAP4LZFB99CzK8/<br>OBSERVACION: <br>FIRMA: https://kf.kobotoolbox.org/api/v2/assets/ad7G92bXCJpMkqNXz97XDt/data/740247625/attachments/attbuCX79ZfqkZc7jtiwKAap/]]></description>
        <styleUrl>#icon-1899-FFD600</styleUrl>
        <ExtendedData>
          <Data name="﻿FECHA">
            <value>30/4/2026</value>
          </Data>
          <Data name="LATITUD">
            <value>15.079789</value>
          </Data>
          <Data name="LONGITUD">
            <value>-87.1552618</value>
          </Data>
          <Data name="ALTITUD MSNM">
            <value>1087.0</value>
          </Data>
          <Data name="DEPARTAMENTO">
            <value>Yoro</value>
          </Data>
          <Data name="MUNICIPIO">
            <value>Yoro</value>
          </Data>
          <Data name="FINCA">
            <value>Finca El Volcán </value>
          </Data>
          <Data name="DNI">
            <value>0801-1978-01167</value>
          </Data>
          <Data name="IMAGEN DNI">
            <value>https://kf.kobotoolbox.org/api/v2/assets/ad7G92bXCJpMkqNXz97XDt/data/740247625/attachments/attXKUFtP3Qs8wrDCiHhxYg8/</value>
          </Data>
          <Data name="EDAD">
            <value>48.0</value>
          </Data>
          <Data name="RAZA">
            <value>Hass</value>
          </Data>
          <Data name="VARIEDAD">
            <value/>
          </Data>
          <Data name="TOTAL PLANTAS">
            <value>180.0</value>
          </Data>
          <Data name="PLANTAS EN PRODUCCION">
            <value>180.0</value>
          </Data>
          <Data name="AREA EN MZ">
            <value>1.5</value>
          </Data>
          <Data name="ANALISIS DE SUELO">
            <value>Si</value>
          </Data>
          <Data name="IMAGEN ANALISIS">
            <value/>
          </Data>
          <Data name="FERTILIZA">
            <value>Si</value>
          </Data>
          <Data name="FUMIGA">
            <value>Si</value>
          </Data>
          <Data name="SISTEMA DE RIEGO">
            <value>No</value>
          </Data>
          <Data name="TIPO DE SISTEMA">
            <value/>
          </Data>
          <Data name="AREA CON RIEGO">
            <value/>
          </Data>
          <Data name="FUENTE DE AGUA">
            <value>No</value>
          </Data>
          <Data name="CAPACITACION">
            <value>Si</value>
          </Data>
          <Data name="REALIZA PODAS">
            <value>Si</value>
          </Data>
          <Data name="AFILIADO A ASPAH">
            <value>Si</value>
          </Data>
          <Data name="CREDITO">
            <value>No</value>
          </Data>
          <Data name="TRABAJADORES PERMANENTES">
            <value>Si</value>
          </Data>
          <Data name="CUANTOS TP">
            <value>1.0</value>
          </Data>
          <Data name="TRANBAJADORES TEMPORALES">
            <value>Si</value>
          </Data>
          <Data name="CUANTOS TT">
            <value>2.0</value>
          </Data>
          <Data name="SALARIO POR DIA">
            <value>250.0</value>
          </Data>
          <Data name="LIBRAS COSECHADAS">
            <value>2500.0</value>
          </Data>
          <Data name="UNIDADES COSECHADAS">
            <value/>
          </Data>
          <Data name="UNIDADES COSSECHADAS">
            <value/>
          </Data>
          <Data name="MESES DE COSECHA">
            <value>Noviembre Diciembre Enero Febrero</value>
          </Data>
          <Data name="DONDE VENDE">
            <value>Mercado de la ciudad.</value>
          </Data>
          <Data name="PRECIO LIBRA">
            <value>24.0</value>
          </Data>
          <Data name="PRECIO UNIDAD">
            <value/>
          </Data>
          <Data name="PRECIO UNNIDAD">
            <value/>
          </Data>
          <Data name="TRANSPORTE DE COSECHA">
            <value>Vehiculo propio</value>
          </Data>
          <Data name="IMAGEN PRODUCTOR">
            <value>https://kf.kobotoolbox.org/api/v2/assets/ad7G92bXCJpMkqNXz97XDt/data/740247625/attachments/attPrwBUA7RAP4LZFB99CzK8/</value>
          </Data>
          <Data name="OBSERVACION">
            <value/>
          </Data>
          <Data name="FIRMA">
            <value>https://kf.kobotoolbox.org/api/v2/assets/ad7G92bXCJpMkqNXz97XDt/data/740247625/attachments/attbuCX79ZfqkZc7jtiwKAap/</value>
          </Data>
        </ExtendedData>
        <Point>
          <coordinates>
            -87.1552618,15.079789,0
          </coordinates>
        </Point>
      </Placemark>
      <Placemark>
        <name>VIRGILIO BETANCOURTY AGUILAR</name>
        <description><![CDATA[﻿FECHA: 30/4/2026<br>LATITUD: 15.1122208<br>LONGITUD: -87.1964305<br>ALTITUD MSNM: 648<br>DEPARTAMENTO: Yoro<br>MUNICIPIO: Yoro<br>FINCA: Finca Betancourth<br>DNI: 1801-1948-00155<br>IMAGEN DNI: https://kf.kobotoolbox.org/api/v2/assets/ad7G92bXCJpMkqNXz97XDt/data/740247629/attachments/attTD7gqisnM5rQZwEvxqYmR/<br>EDAD: 77<br>RAZA: Antillano<br>VARIEDAD: Choquette<br>TOTAL PLANTAS: 120<br>PLANTAS EN PRODUCCION: 120<br>AREA EN MZ: 1<br>ANALISIS DE SUELO: No<br>IMAGEN ANALISIS: <br>FERTILIZA: Si<br>FUMIGA: Si<br>SISTEMA DE RIEGO: Si<br>TIPO DE SISTEMA: Sistema de riego superficial<br>AREA CON RIEGO: 1<br>FUENTE DE AGUA: <br>CAPACITACION: Si<br>REALIZA PODAS: Si<br>AFILIADO A ASPAH: No<br>CREDITO: No<br>TRABAJADORES PERMANENTES: Si<br>CUANTOS TP: 2<br>TRANBAJADORES TEMPORALES: Si<br>CUANTOS TT: 2<br>SALARIO POR DIA: 250<br>LIBRAS COSECHADAS: <br>UNIDADES COSECHADAS: 5835<br>UNIDADES COSSECHADAS: <br>MESES DE COSECHA: Noviembre Diciembre Enero<br>DONDE VENDE: Un comprador viene a mi finca.<br>PRECIO LIBRA: <br>PRECIO UNIDAD: 10<br>PRECIO UNNIDAD: <br>TRANSPORTE DE COSECHA: Ninguno<br>IMAGEN PRODUCTOR: https://kf.kobotoolbox.org/api/v2/assets/ad7G92bXCJpMkqNXz97XDt/data/740247629/attachments/attBhJFrQAxUNQQvLjtpWhyj/<br>OBSERVACION: Riego por gravedad<br>FIRMA: https://kf.kobotoolbox.org/api/v2/assets/ad7G92bXCJpMkqNXz97XDt/data/740247629/attachments/attw7cbDfwH4Xh4YvGTHGwrV/]]></description>
        <styleUrl>#icon-1899-FFD600</styleUrl>
        <ExtendedData>
          <Data name="﻿FECHA">
            <value>30/4/2026</value>
          </Data>
          <Data name="LATITUD">
            <value>15.1122208</value>
          </Data>
          <Data name="LONGITUD">
            <value>-87.1964305</value>
          </Data>
          <Data name="ALTITUD MSNM">
            <value>648.0</value>
          </Data>
          <Data name="DEPARTAMENTO">
            <value>Yoro</value>
          </Data>
          <Data name="MUNICIPIO">
            <value>Yoro</value>
          </Data>
          <Data name="FINCA">
            <value>Finca Betancourth</value>
          </Data>
          <Data name="DNI">
            <value>1801-1948-00155</value>
          </Data>
          <Data name="IMAGEN DNI">
            <value>https://kf.kobotoolbox.org/api/v2/assets/ad7G92bXCJpMkqNXz97XDt/data/740247629/attachments/attTD7gqisnM5rQZwEvxqYmR/</value>
          </Data>
          <Data name="EDAD">
            <value>77.0</value>
          </Data>
          <Data name="RAZA">
            <value>Antillano</value>
          </Data>
          <Data name="VARIEDAD">
            <value>Choquette</value>
          </Data>
          <Data name="TOTAL PLANTAS">
            <value>120.0</value>
          </Data>
          <Data name="PLANTAS EN PRODUCCION">
            <value>120.0</value>
          </Data>
          <Data name="AREA EN MZ">
            <value>1</value>
          </Data>
          <Data name="ANALISIS DE SUELO">
            <value>No</value>
          </Data>
          <Data name="IMAGEN ANALISIS">
            <value/>
          </Data>
          <Data name="FERTILIZA">
            <value>Si</value>
          </Data>
          <Data name="FUMIGA">
            <value>Si</value>
          </Data>
          <Data name="SISTEMA DE RIEGO">
            <value>Si</value>
          </Data>
          <Data name="TIPO DE SISTEMA">
            <value>Sistema de riego superficial</value>
          </Data>
          <Data name="AREA CON RIEGO">
            <value>1</value>
          </Data>
          <Data name="FUENTE DE AGUA">
            <value/>
          </Data>
          <Data name="CAPACITACION">
            <value>Si</value>
          </Data>
          <Data name="REALIZA PODAS">
            <value>Si</value>
          </Data>
          <Data name="AFILIADO A ASPAH">
            <value>No</value>
          </Data>
          <Data name="CREDITO">
            <value>No</value>
          </Data>
          <Data name="TRABAJADORES PERMANENTES">
            <value>Si</value>
          </Data>
          <Data name="CUANTOS TP">
            <value>2.0</value>
          </Data>
          <Data name="TRANBAJADORES TEMPORALES">
            <value>Si</value>
          </Data>
          <Data name="CUANTOS TT">
            <value>2.0</value>
          </Data>
          <Data name="SALARIO POR DIA">
            <value>250.0</value>
          </Data>
          <Data name="LIBRAS COSECHADAS">
            <value/>
          </Data>
          <Data name="UNIDADES COSECHADAS">
            <value>5835.0</value>
          </Data>
          <Data name="UNIDADES COSSECHADAS">
            <value/>
          </Data>
          <Data name="MESES DE COSECHA">
            <value>Noviembre Diciembre Enero</value>
          </Data>
          <Data name="DONDE VENDE">
            <value>Un comprador viene a mi finca.</value>
          </Data>
          <Data name="PRECIO LIBRA">
            <value/>
          </Data>
          <Data name="PRECIO UNIDAD">
            <value>10.0</value>
          </Data>
          <Data name="PRECIO UNNIDAD">
            <value/>
          </Data>
          <Data name="TRANSPORTE DE COSECHA">
            <value>Ninguno</value>
          </Data>
          <Data name="IMAGEN PRODUCTOR">
            <value>https://kf.kobotoolbox.org/api/v2/assets/ad7G92bXCJpMkqNXz97XDt/data/740247629/attachments/attBhJFrQAxUNQQvLjtpWhyj/</value>
          </Data>
          <Data name="OBSERVACION">
            <value>Riego por gravedad</value>
          </Data>
          <Data name="FIRMA">
            <value>https://kf.kobotoolbox.org/api/v2/assets/ad7G92bXCJpMkqNXz97XDt/data/740247629/attachments/attw7cbDfwH4Xh4YvGTHGwrV/</value>
          </Data>
        </ExtendedData>
        <Point>
          <coordinates>
            -87.1964305,15.1122208,0
          </coordinates>
        </Point>
      </Placemark>
      <Placemark>
        <name>PAULO SALOMON GEORGE GARAY</name>
        <description><![CDATA[﻿FECHA: 30/4/2026<br>LATITUD: 15.102862<br>LONGITUD: -87.1824251<br>ALTITUD MSNM: 665<br>DEPARTAMENTO: Yoro<br>MUNICIPIO: Yoro<br>FINCA: Finca Ayapa<br>DNI: 1801-1989-03636<br>IMAGEN DNI: https://kf.kobotoolbox.org/api/v2/assets/ad7G92bXCJpMkqNXz97XDt/data/740247634/attachments/attVQWMsXxr5G5wshiy9rRzc/<br>EDAD: 36<br>RAZA: Antillano<br>VARIEDAD: Choquette<br>TOTAL PLANTAS: 25<br>PLANTAS EN PRODUCCION: 25<br>AREA EN MZ: 0.25<br>ANALISIS DE SUELO: Si<br>IMAGEN ANALISIS: <br>FERTILIZA: Si<br>FUMIGA: No<br>SISTEMA DE RIEGO: Si<br>TIPO DE SISTEMA: Sistema de riego superficial<br>AREA CON RIEGO: 0.25<br>FUENTE DE AGUA: <br>CAPACITACION: Si<br>REALIZA PODAS: Si<br>AFILIADO A ASPAH: Si<br>CREDITO: No<br>TRABAJADORES PERMANENTES: Si<br>CUANTOS TP: 1<br>TRANBAJADORES TEMPORALES: No<br>CUANTOS TT: <br>SALARIO POR DIA: 250<br>LIBRAS COSECHADAS: <br>UNIDADES COSECHADAS: 1500<br>UNIDADES COSSECHADAS: <br>MESES DE COSECHA: Noviembre Diciembre<br>DONDE VENDE: Mercado local, pulperias y en casa.<br>PRECIO LIBRA: <br>PRECIO UNIDAD: 10<br>PRECIO UNNIDAD: <br>TRANSPORTE DE COSECHA: Vehiculo propio<br>IMAGEN PRODUCTOR: https://kf.kobotoolbox.org/api/v2/assets/ad7G92bXCJpMkqNXz97XDt/data/740247634/attachments/attTXZr3WMwjBKrrXA7U8qt6/<br>OBSERVACION: Tiene problemas con slgunas plantas con fitoftora<br>FIRMA: https://kf.kobotoolbox.org/api/v2/assets/ad7G92bXCJpMkqNXz97XDt/data/740247634/attachments/attEHc7SKAV2svjtoaQntjFp/]]></description>
        <styleUrl>#icon-1899-FFD600</styleUrl>
        <ExtendedData>
          <Data name="﻿FECHA">
            <value>30/4/2026</value>
          </Data>
          <Data name="LATITUD">
            <value>15.102862</value>
          </Data>
          <Data name="LONGITUD">
            <value>-87.1824251</value>
          </Data>
          <Data name="ALTITUD MSNM">
            <value>665.0</value>
          </Data>
          <Data name="DEPARTAMENTO">
            <value>Yoro</value>
          </Data>
          <Data name="MUNICIPIO">
            <value>Yoro</value>
          </Data>
          <Data name="FINCA">
            <value>Finca Ayapa</value>
          </Data>
          <Data name="DNI">
            <value>1801-1989-03636</value>
          </Data>
          <Data name="IMAGEN DNI">
            <value>https://kf.kobotoolbox.org/api/v2/assets/ad7G92bXCJpMkqNXz97XDt/data/740247634/attachments/attVQWMsXxr5G5wshiy9rRzc/</value>
          </Data>
          <Data name="EDAD">
            <value>36.0</value>
          </Data>
          <Data name="RAZA">
            <value>Antillano</value>
          </Data>
          <Data name="VARIEDAD">
            <value>Choquette</value>
          </Data>
          <Data name="TOTAL PLANTAS">
            <value>25.0</value>
          </Data>
          <Data name="PLANTAS EN PRODUCCION">
            <value>25.0</value>
          </Data>
          <Data name="AREA EN MZ">
            <value>0.25</value>
          </Data>
          <Data name="ANALISIS DE SUELO">
            <value>Si</value>
          </Data>
          <Data name="IMAGEN ANALISIS">
            <value/>
          </Data>
          <Data name="FERTILIZA">
            <value>Si</value>
          </Data>
          <Data name="FUMIGA">
            <value>No</value>
          </Data>
          <Data name="SISTEMA DE RIEGO">
            <value>Si</value>
          </Data>
          <Data name="TIPO DE SISTEMA">
            <value>Sistema de riego superficial</value>
          </Data>
          <Data name="AREA CON RIEGO">
            <value>0.25</value>
          </Data>
          <Data name="FUENTE DE AGUA">
            <value/>
          </Data>
          <Data name="CAPACITACION">
            <value>Si</value>
          </Data>
          <Data name="REALIZA PODAS">
            <value>Si</value>
          </Data>
          <Data name="AFILIADO A ASPAH">
            <value>Si</value>
          </Data>
          <Data name="CREDITO">
            <value>No</value>
          </Data>
          <Data name="TRABAJADORES PERMANENTES">
            <value>Si</value>
          </Data>
          <Data name="CUANTOS TP">
            <value>1.0</value>
          </Data>
          <Data name="TRANBAJADORES TEMPORALES">
            <value>No</value>
          </Data>
          <Data name="CUANTOS TT">
            <value/>
          </Data>
          <Data name="SALARIO POR DIA">
            <value>250.0</value>
          </Data>
          <Data name="LIBRAS COSECHADAS">
            <value/>
          </Data>
          <Data name="UNIDADES COSECHADAS">
            <value>1500.0</value>
          </Data>
          <Data name="UNIDADES COSSECHADAS">
            <value/>
          </Data>
          <Data name="MESES DE COSECHA">
            <value>Noviembre Diciembre</value>
          </Data>
          <Data name="DONDE VENDE">
            <value>Mercado local, pulperias y en casa.</value>
          </Data>
          <Data name="PRECIO LIBRA">
            <value/>
          </Data>
          <Data name="PRECIO UNIDAD">
            <value>10.0</value>
          </Data>
          <Data name="PRECIO UNNIDAD">
            <value/>
          </Data>
          <Data name="TRANSPORTE DE COSECHA">
            <value>Vehiculo propio</value>
          </Data>
          <Data name="IMAGEN PRODUCTOR">
            <value>https://kf.kobotoolbox.org/api/v2/assets/ad7G92bXCJpMkqNXz97XDt/data/740247634/attachments/attTXZr3WMwjBKrrXA7U8qt6/</value>
          </Data>
          <Data name="OBSERVACION">
            <value>Tiene problemas con slgunas plantas con fitoftora</value>
          </Data>
          <Data name="FIRMA">
            <value>https://kf.kobotoolbox.org/api/v2/assets/ad7G92bXCJpMkqNXz97XDt/data/740247634/attachments/attEHc7SKAV2svjtoaQntjFp/</value>
          </Data>
        </ExtendedData>
        <Point>
          <coordinates>
            -87.1824251,15.102862,0
          </coordinates>
        </Point>
      </Placemark>
      <Placemark>
        <name>PEDRO GARCIA</name>
        <description><![CDATA[﻿FECHA: 1/5/2026<br>LATITUD: 15.0782085<br>LONGITUD: -87.1338431<br>ALTITUD MSNM: 1188<br>DEPARTAMENTO: Yoro<br>MUNICIPIO: Yoro<br>FINCA: Finca Mateo<br>DNI: 0804-1981-01321<br>IMAGEN DNI: https://kf.kobotoolbox.org/api/v2/assets/ad7G92bXCJpMkqNXz97XDt/data/740733940/attachments/attxueVoe87XdtAPAETfwETV/<br>EDAD: 66<br>RAZA: Hass<br>VARIEDAD: <br>TOTAL PLANTAS: 180<br>PLANTAS EN PRODUCCION: 180<br>AREA EN MZ: 1<br>ANALISIS DE SUELO: Si<br>IMAGEN ANALISIS: <br>FERTILIZA: Si<br>FUMIGA: Si<br>SISTEMA DE RIEGO: No<br>TIPO DE SISTEMA: <br>AREA CON RIEGO: <br>FUENTE DE AGUA: Si<br>CAPACITACION: Si<br>REALIZA PODAS: Si<br>AFILIADO A ASPAH: Si<br>CREDITO: No<br>TRABAJADORES PERMANENTES: Si<br>CUANTOS TP: 1<br>TRANBAJADORES TEMPORALES: Si<br>CUANTOS TT: 2<br>SALARIO POR DIA: 250<br>LIBRAS COSECHADAS: 4000<br>UNIDADES COSECHADAS: <br>UNIDADES COSSECHADAS: <br>MESES DE COSECHA: Diciembre Enero<br>DONDE VENDE: Mercado de la ciudad.<br>PRECIO LIBRA: 18<br>PRECIO UNIDAD: <br>PRECIO UNNIDAD: <br>TRANSPORTE DE COSECHA: Vehiculo propio<br>IMAGEN PRODUCTOR: https://kf.kobotoolbox.org/api/v2/assets/ad7G92bXCJpMkqNXz97XDt/data/740733940/attachments/attqrDT5myne848SnyGaK2tm/<br>OBSERVACION: <br>FIRMA: https://kf.kobotoolbox.org/api/v2/assets/ad7G92bXCJpMkqNXz97XDt/data/740733940/attachments/attcWh9sfQnurSbDq4yfkLjJ/]]></description>
        <styleUrl>#icon-1899-FFD600</styleUrl>
        <ExtendedData>
          <Data name="﻿FECHA">
            <value>1/5/2026</value>
          </Data>
          <Data name="LATITUD">
            <value>15.0782085</value>
          </Data>
          <Data name="LONGITUD">
            <value>-87.1338431</value>
          </Data>
          <Data name="ALTITUD MSNM">
            <value>1188.0</value>
          </Data>
          <Data name="DEPARTAMENTO">
            <value>Yoro</value>
          </Data>
          <Data name="MUNICIPIO">
            <value>Yoro</value>
          </Data>
          <Data name="FINCA">
            <value>Finca Mateo</value>
          </Data>
          <Data name="DNI">
            <value>0804-1981-01321</value>
          </Data>
          <Data name="IMAGEN DNI">
            <value>https://kf.kobotoolbox.org/api/v2/assets/ad7G92bXCJpMkqNXz97XDt/data/740733940/attachments/attxueVoe87XdtAPAETfwETV/</value>
          </Data>
          <Data name="EDAD">
            <value>66.0</value>
          </Data>
          <Data name="RAZA">
            <value>Hass</value>
          </Data>
          <Data name="VARIEDAD">
            <value/>
          </Data>
          <Data name="TOTAL PLANTAS">
            <value>180.0</value>
          </Data>
          <Data name="PLANTAS EN PRODUCCION">
            <value>180.0</value>
          </Data>
          <Data name="AREA EN MZ">
            <value>1</value>
          </Data>
          <Data name="ANALISIS DE SUELO">
            <value>Si</value>
          </Data>
          <Data name="IMAGEN ANALISIS">
            <value/>
          </Data>
          <Data name="FERTILIZA">
            <value>Si</value>
          </Data>
          <Data name="FUMIGA">
            <value>Si</value>
          </Data>
          <Data name="SISTEMA DE RIEGO">
            <value>No</value>
          </Data>
          <Data name="TIPO DE SISTEMA">
            <value/>
          </Data>
          <Data name="AREA CON RIEGO">
            <value/>
          </Data>
          <Data name="FUENTE DE AGUA">
            <value>Si</value>
          </Data>
          <Data name="CAPACITACION">
            <value>Si</value>
          </Data>
          <Data name="REALIZA PODAS">
            <value>Si</value>
          </Data>
          <Data name="AFILIADO A ASPAH">
            <value>Si</value>
          </Data>
          <Data name="CREDITO">
            <value>No</value>
          </Data>
          <Data name="TRABAJADORES PERMANENTES">
            <value>Si</value>
          </Data>
          <Data name="CUANTOS TP">
            <value>1.0</value>
          </Data>
          <Data name="TRANBAJADORES TEMPORALES">
            <value>Si</value>
          </Data>
          <Data name="CUANTOS TT">
            <value>2.0</value>
          </Data>
          <Data name="SALARIO POR DIA">
            <value>250.0</value>
          </Data>
          <Data name="LIBRAS COSECHADAS">
            <value>4000.0</value>
          </Data>
          <Data name="UNIDADES COSECHADAS">
            <value/>
          </Data>
          <Data name="UNIDADES COSSECHADAS">
            <value/>
          </Data>
          <Data name="MESES DE COSECHA">
            <value>Diciembre Enero</value>
          </Data>
          <Data name="DONDE VENDE">
            <value>Mercado de la ciudad.</value>
          </Data>
          <Data name="PRECIO LIBRA">
            <value>18.0</value>
          </Data>
          <Data name="PRECIO UNIDAD">
            <value/>
          </Data>
          <Data name="PRECIO UNNIDAD">
            <value/>
          </Data>
          <Data name="TRANSPORTE DE COSECHA">
            <value>Vehiculo propio</value>
          </Data>
          <Data name="IMAGEN PRODUCTOR">
            <value>https://kf.kobotoolbox.org/api/v2/assets/ad7G92bXCJpMkqNXz97XDt/data/740733940/attachments/attqrDT5myne848SnyGaK2tm/</value>
          </Data>
          <Data name="OBSERVACION">
            <value/>
          </Data>
          <Data name="FIRMA">
            <value>https://kf.kobotoolbox.org/api/v2/assets/ad7G92bXCJpMkqNXz97XDt/data/740733940/attachments/attcWh9sfQnurSbDq4yfkLjJ/</value>
          </Data>
        </ExtendedData>
        <Point>
          <coordinates>
            -87.1338431,15.0782085,0
          </coordinates>
        </Point>
      </Placemark>
      <Placemark>
        <name>ANGEL MARIA MONTES CASTRO</name>
        <description><![CDATA[﻿FECHA: 1/5/2026<br>LATITUD: 15.0798306<br>LONGITUD: -87.1290644<br>ALTITUD MSNM: 1235<br>DEPARTAMENTO: Yoro<br>MUNICIPIO: Yoro<br>FINCA: Finca Los Angeles<br>DNI: 1801-1972-00149<br>IMAGEN DNI: https://kf.kobotoolbox.org/api/v2/assets/ad7G92bXCJpMkqNXz97XDt/data/740733946/attachments/attYNw6LDLSXt7ygLdb6JRNQ/<br>EDAD: 54<br>RAZA: Hass<br>VARIEDAD: <br>TOTAL PLANTAS: 23<br>PLANTAS EN PRODUCCION: 0<br>AREA EN MZ: 0.25<br>ANALISIS DE SUELO: Si<br>IMAGEN ANALISIS: <br>FERTILIZA: Si<br>FUMIGA: No<br>SISTEMA DE RIEGO: No<br>TIPO DE SISTEMA: <br>AREA CON RIEGO: <br>FUENTE DE AGUA: Si<br>CAPACITACION: No<br>REALIZA PODAS: Si<br>AFILIADO A ASPAH: No<br>CREDITO: No<br>TRABAJADORES PERMANENTES: No<br>CUANTOS TP: <br>TRANBAJADORES TEMPORALES: Si<br>CUANTOS TT: 1<br>SALARIO POR DIA: 250<br>LIBRAS COSECHADAS: 0<br>UNIDADES COSECHADAS: <br>UNIDADES COSSECHADAS: <br>MESES DE COSECHA: Diciembre<br>DONDE VENDE: No he vendido aún.<br>PRECIO LIBRA: 0<br>PRECIO UNIDAD: <br>PRECIO UNNIDAD: <br>TRANSPORTE DE COSECHA: Ninguno<br>IMAGEN PRODUCTOR: https://kf.kobotoolbox.org/api/v2/assets/ad7G92bXCJpMkqNXz97XDt/data/740733946/attachments/att23fSPhRWmX3DrxLEozfDL/<br>OBSERVACION: 70 plantas se las daño el sompopo<br>FIRMA: https://kf.kobotoolbox.org/api/v2/assets/ad7G92bXCJpMkqNXz97XDt/data/740733946/attachments/attsLD2AGVZC426Jme2Gohrf/]]></description>
        <styleUrl>#icon-1899-FFD600</styleUrl>
        <ExtendedData>
          <Data name="﻿FECHA">
            <value>1/5/2026</value>
          </Data>
          <Data name="LATITUD">
            <value>15.0798306</value>
          </Data>
          <Data name="LONGITUD">
            <value>-87.1290644</value>
          </Data>
          <Data name="ALTITUD MSNM">
            <value>1235.0</value>
          </Data>
          <Data name="DEPARTAMENTO">
            <value>Yoro</value>
          </Data>
          <Data name="MUNICIPIO">
            <value>Yoro</value>
          </Data>
          <Data name="FINCA">
            <value>Finca Los Angeles</value>
          </Data>
          <Data name="DNI">
            <value>1801-1972-00149</value>
          </Data>
          <Data name="IMAGEN DNI">
            <value>https://kf.kobotoolbox.org/api/v2/assets/ad7G92bXCJpMkqNXz97XDt/data/740733946/attachments/attYNw6LDLSXt7ygLdb6JRNQ/</value>
          </Data>
          <Data name="EDAD">
            <value>54.0</value>
          </Data>
          <Data name="RAZA">
            <value>Hass</value>
          </Data>
          <Data name="VARIEDAD">
            <value/>
          </Data>
          <Data name="TOTAL PLANTAS">
            <value>23.0</value>
          </Data>
          <Data name="PLANTAS EN PRODUCCION">
            <value>0.0</value>
          </Data>
          <Data name="AREA EN MZ">
            <value>0.25</value>
          </Data>
          <Data name="ANALISIS DE SUELO">
            <value>Si</value>
          </Data>
          <Data name="IMAGEN ANALISIS">
            <value/>
          </Data>
          <Data name="FERTILIZA">
            <value>Si</value>
          </Data>
          <Data name="FUMIGA">
            <value>No</value>
          </Data>
          <Data name="SISTEMA DE RIEGO">
            <value>No</value>
          </Data>
          <Data name="TIPO DE SISTEMA">
            <value/>
          </Data>
          <Data name="AREA CON RIEGO">
            <value/>
          </Data>
          <Data name="FUENTE DE AGUA">
            <value>Si</value>
          </Data>
          <Data name="CAPACITACION">
            <value>No</value>
          </Data>
          <Data name="REALIZA PODAS">
            <value>Si</value>
          </Data>
          <Data name="AFILIADO A ASPAH">
            <value>No</value>
          </Data>
          <Data name="CREDITO">
            <value>No</value>
          </Data>
          <Data name="TRABAJADORES PERMANENTES">
            <value>No</value>
          </Data>
          <Data name="CUANTOS TP">
            <value/>
          </Data>
          <Data name="TRANBAJADORES TEMPORALES">
            <value>Si</value>
          </Data>
          <Data name="CUANTOS TT">
            <value>1.0</value>
          </Data>
          <Data name="SALARIO POR DIA">
            <value>250.0</value>
          </Data>
          <Data name="LIBRAS COSECHADAS">
            <value>0.0</value>
          </Data>
          <Data name="UNIDADES COSECHADAS">
            <value/>
          </Data>
          <Data name="UNIDADES COSSECHADAS">
            <value/>
          </Data>
          <Data name="MESES DE COSECHA">
            <value>Diciembre</value>
          </Data>
          <Data name="DONDE VENDE">
            <value>No he vendido aún.</value>
          </Data>
          <Data name="PRECIO LIBRA">
            <value>0.0</value>
          </Data>
          <Data name="PRECIO UNIDAD">
            <value/>
          </Data>
          <Data name="PRECIO UNNIDAD">
            <value/>
          </Data>
          <Data name="TRANSPORTE DE COSECHA">
            <value>Ninguno</value>
          </Data>
          <Data name="IMAGEN PRODUCTOR">
            <value>https://kf.kobotoolbox.org/api/v2/assets/ad7G92bXCJpMkqNXz97XDt/data/740733946/attachments/att23fSPhRWmX3DrxLEozfDL/</value>
          </Data>
          <Data name="OBSERVACION">
            <value>70 plantas se las daño el sompopo</value>
          </Data>
          <Data name="FIRMA">
            <value>https://kf.kobotoolbox.org/api/v2/assets/ad7G92bXCJpMkqNXz97XDt/data/740733946/attachments/attsLD2AGVZC426Jme2Gohrf/</value>
          </Data>
        </ExtendedData>
        <Point>
          <coordinates>
            -87.1290644,15.0798306,0
          </coordinates>
        </Point>
      </Placemark>
      <Placemark>
        <name>ISAIAS BANEGAS RAMIREZ</name>
        <description><![CDATA[﻿FECHA: 1/5/2026<br>LATITUD: 14.9213601<br>LONGITUD: -87.4920172<br>ALTITUD MSNM: 808<br>DEPARTAMENTO: Comayagua<br>MUNICIPIO: Minas de oro<br>FINCA: Finca Los Arrayanes<br>DNI: 0311-1970-00102<br>IMAGEN DNI: https://kf.kobotoolbox.org/api/v2/assets/ad7G92bXCJpMkqNXz97XDt/data/740733952/attachments/attmvFbtY4AKEXCTKyWQs2hj/<br>EDAD: 55<br>RAZA: Antillano<br>VARIEDAD: Choquette Boot 7 Belice<br>TOTAL PLANTAS: 700<br>PLANTAS EN PRODUCCION: 450<br>AREA EN MZ: 3<br>ANALISIS DE SUELO: Si<br>IMAGEN ANALISIS: <br>FERTILIZA: Si<br>FUMIGA: Si<br>SISTEMA DE RIEGO: No<br>TIPO DE SISTEMA: <br>AREA CON RIEGO: <br>FUENTE DE AGUA: Si<br>CAPACITACION: Si<br>REALIZA PODAS: Si<br>AFILIADO A ASPAH: Si<br>CREDITO: No<br>TRABAJADORES PERMANENTES: No<br>CUANTOS TP: <br>TRANBAJADORES TEMPORALES: Si<br>CUANTOS TT: 4<br>SALARIO POR DIA: 250<br>LIBRAS COSECHADAS: <br>UNIDADES COSECHADAS: 950<br>UNIDADES COSSECHADAS: <br>MESES DE COSECHA: Enero Diciembre Febrero<br>DONDE VENDE: Mercado local, pulperias y en casa.<br>PRECIO LIBRA: <br>PRECIO UNIDAD: 25<br>PRECIO UNNIDAD: <br>TRANSPORTE DE COSECHA: En bus<br>IMAGEN PRODUCTOR: https://kf.kobotoolbox.org/api/v2/assets/ad7G92bXCJpMkqNXz97XDt/data/740733952/attachments/attZPCkmx5KZZcn8Vye7YdZV/<br>OBSERVACION: Va a perforar pozo<br>FIRMA: https://kf.kobotoolbox.org/api/v2/assets/ad7G92bXCJpMkqNXz97XDt/data/740733952/attachments/attWH2Y3Ht3mb3AQVNx8WwZu/]]></description>
        <styleUrl>#icon-1899-FFD600</styleUrl>
        <ExtendedData>
          <Data name="﻿FECHA">
            <value>1/5/2026</value>
          </Data>
          <Data name="LATITUD">
            <value>14.9213601</value>
          </Data>
          <Data name="LONGITUD">
            <value>-87.4920172</value>
          </Data>
          <Data name="ALTITUD MSNM">
            <value>808.0</value>
          </Data>
          <Data name="DEPARTAMENTO">
            <value>Comayagua</value>
          </Data>
          <Data name="MUNICIPIO">
            <value>Minas de oro</value>
          </Data>
          <Data name="FINCA">
            <value>Finca Los Arrayanes</value>
          </Data>
          <Data name="DNI">
            <value>0311-1970-00102</value>
          </Data>
          <Data name="IMAGEN DNI">
            <value>https://kf.kobotoolbox.org/api/v2/assets/ad7G92bXCJpMkqNXz97XDt/data/740733952/attachments/attmvFbtY4AKEXCTKyWQs2hj/</value>
          </Data>
          <Data name="EDAD">
            <value>55.0</value>
          </Data>
          <Data name="RAZA">
            <value>Antillano</value>
          </Data>
          <Data name="VARIEDAD">
            <value>Choquette Boot 7 Belice</value>
          </Data>
          <Data name="TOTAL PLANTAS">
            <value>700.0</value>
          </Data>
          <Data name="PLANTAS EN PRODUCCION">
            <value>450.0</value>
          </Data>
          <Data name="AREA EN MZ">
            <value>3</value>
          </Data>
          <Data name="ANALISIS DE SUELO">
            <value>Si</value>
          </Data>
          <Data name="IMAGEN ANALISIS">
            <value/>
          </Data>
          <Data name="FERTILIZA">
            <value>Si</value>
          </Data>
          <Data name="FUMIGA">
            <value>Si</value>
          </Data>
          <Data name="SISTEMA DE RIEGO">
            <value>No</value>
          </Data>
          <Data name="TIPO DE SISTEMA">
            <value/>
          </Data>
          <Data name="AREA CON RIEGO">
            <value/>
          </Data>
          <Data name="FUENTE DE AGUA">
            <value>Si</value>
          </Data>
          <Data name="CAPACITACION">
            <value>Si</value>
          </Data>
          <Data name="REALIZA PODAS">
            <value>Si</value>
          </Data>
          <Data name="AFILIADO A ASPAH">
            <value>Si</value>
          </Data>
          <Data name="CREDITO">
            <value>No</value>
          </Data>
          <Data name="TRABAJADORES PERMANENTES">
            <value>No</value>
          </Data>
          <Data name="CUANTOS TP">
            <value/>
          </Data>
          <Data name="TRANBAJADORES TEMPORALES">
            <value>Si</value>
          </Data>
          <Data name="CUANTOS TT">
            <value>4.0</value>
          </Data>
          <Data name="SALARIO POR DIA">
            <value>250.0</value>
          </Data>
          <Data name="LIBRAS COSECHADAS">
            <value/>
          </Data>
          <Data name="UNIDADES COSECHADAS">
            <value>950.0</value>
          </Data>
          <Data name="UNIDADES COSSECHADAS">
            <value/>
          </Data>
          <Data name="MESES DE COSECHA">
            <value>Enero Diciembre Febrero</value>
          </Data>
          <Data name="DONDE VENDE">
            <value>Mercado local, pulperias y en casa.</value>
          </Data>
          <Data name="PRECIO LIBRA">
            <value/>
          </Data>
          <Data name="PRECIO UNIDAD">
            <value>25.0</value>
          </Data>
          <Data name="PRECIO UNNIDAD">
            <value/>
          </Data>
          <Data name="TRANSPORTE DE COSECHA">
            <value>En bus</value>
          </Data>
          <Data name="IMAGEN PRODUCTOR">
            <value>https://kf.kobotoolbox.org/api/v2/assets/ad7G92bXCJpMkqNXz97XDt/data/740733952/attachments/attZPCkmx5KZZcn8Vye7YdZV/</value>
          </Data>
          <Data name="OBSERVACION">
            <value>Va a perforar pozo</value>
          </Data>
          <Data name="FIRMA">
            <value>https://kf.kobotoolbox.org/api/v2/assets/ad7G92bXCJpMkqNXz97XDt/data/740733952/attachments/attWH2Y3Ht3mb3AQVNx8WwZu/</value>
          </Data>
        </ExtendedData>
        <Point>
          <coordinates>
            -87.4920172,14.9213601,0
          </coordinates>
        </Point>
      </Placemark>
      <Placemark>
        <name>MERCEDES MARITZA RAMIREZ MURILLO</name>
        <description><![CDATA[﻿FECHA: 2/5/2026<br>LATITUD: 14.9707219<br>LONGITUD: -87.4386805<br>ALTITUD MSNM: 345<br>DEPARTAMENTO: Yoro<br>MUNICIPIO: Victoria<br>FINCA: Finca Ramirez<br>DNI: 1810-1979-00798<br>IMAGEN DNI: https://kf.kobotoolbox.org/api/v2/assets/ad7G92bXCJpMkqNXz97XDt/data/741284255/attachments/att7SPJHfYg8nUsF8JsXUzkR/<br>EDAD: 46<br>RAZA: Antillano<br>VARIEDAD: Choquette Belice<br>TOTAL PLANTAS: 45<br>PLANTAS EN PRODUCCION: 30<br>AREA EN MZ: 0.25<br>ANALISIS DE SUELO: No<br>IMAGEN ANALISIS: <br>FERTILIZA: Si<br>FUMIGA: Si<br>SISTEMA DE RIEGO: Si<br>TIPO DE SISTEMA: Sistema de riego por goteo<br>AREA CON RIEGO: 0.25<br>FUENTE DE AGUA: <br>CAPACITACION: Si<br>REALIZA PODAS: Si<br>AFILIADO A ASPAH: No<br>CREDITO: No<br>TRABAJADORES PERMANENTES: No<br>CUANTOS TP: <br>TRANBAJADORES TEMPORALES: Si<br>CUANTOS TT: 2<br>SALARIO POR DIA: 250<br>LIBRAS COSECHADAS: <br>UNIDADES COSECHADAS: 2000<br>UNIDADES COSSECHADAS: <br>MESES DE COSECHA: Julio Agosto Octubre Noviembre<br>DONDE VENDE: Un comprador viene a mi finca.<br>PRECIO LIBRA: <br>PRECIO UNIDAD: 10<br>PRECIO UNNIDAD: <br>TRANSPORTE DE COSECHA: Ninguno<br>IMAGEN PRODUCTOR: https://kf.kobotoolbox.org/api/v2/assets/ad7G92bXCJpMkqNXz97XDt/data/741284255/attachments/atthLnZxDgRngJ5xMXaZfsjM/<br>OBSERVACION: Fertiliza organico unicamente con materia vegetal y materia animal<br>FIRMA: https://kf.kobotoolbox.org/api/v2/assets/ad7G92bXCJpMkqNXz97XDt/data/741284255/attachments/attL6R9vN8Jpz5D5obbazzg6/]]></description>
        <styleUrl>#icon-1899-FFD600</styleUrl>
        <ExtendedData>
          <Data name="﻿FECHA">
            <value>2/5/2026</value>
          </Data>
          <Data name="LATITUD">
            <value>14.9707219</value>
          </Data>
          <Data name="LONGITUD">
            <value>-87.4386805</value>
          </Data>
          <Data name="ALTITUD MSNM">
            <value>345.0</value>
          </Data>
          <Data name="DEPARTAMENTO">
            <value>Yoro</value>
          </Data>
          <Data name="MUNICIPIO">
            <value>Victoria</value>
          </Data>
          <Data name="FINCA">
            <value>Finca Ramirez</value>
          </Data>
          <Data name="DNI">
            <value>1810-1979-00798</value>
          </Data>
          <Data name="IMAGEN DNI">
            <value>https://kf.kobotoolbox.org/api/v2/assets/ad7G92bXCJpMkqNXz97XDt/data/741284255/attachments/att7SPJHfYg8nUsF8JsXUzkR/</value>
          </Data>
          <Data name="EDAD">
            <value>46.0</value>
          </Data>
          <Data name="RAZA">
            <value>Antillano</value>
          </Data>
          <Data name="VARIEDAD">
            <value>Choquette Belice</value>
          </Data>
          <Data name="TOTAL PLANTAS">
            <value>45.0</value>
          </Data>
          <Data name="PLANTAS EN PRODUCCION">
            <value>30.0</value>
          </Data>
          <Data name="AREA EN MZ">
            <value>0.25</value>
          </Data>
          <Data name="ANALISIS DE SUELO">
            <value>No</value>
          </Data>
          <Data name="IMAGEN ANALISIS">
            <value/>
          </Data>
          <Data name="FERTILIZA">
            <value>Si</value>
          </Data>
          <Data name="FUMIGA">
            <value>Si</value>
          </Data>
          <Data name="SISTEMA DE RIEGO">
            <value>Si</value>
          </Data>
          <Data name="TIPO DE SISTEMA">
            <value>Sistema de riego por goteo</value>
          </Data>
          <Data name="AREA CON RIEGO">
            <value>0.25</value>
          </Data>
          <Data name="FUENTE DE AGUA">
            <value/>
          </Data>
          <Data name="CAPACITACION">
            <value>Si</value>
          </Data>
          <Data name="REALIZA PODAS">
            <value>Si</value>
          </Data>
          <Data name="AFILIADO A ASPAH">
            <value>No</value>
          </Data>
          <Data name="CREDITO">
            <value>No</value>
          </Data>
          <Data name="TRABAJADORES PERMANENTES">
            <value>No</value>
          </Data>
          <Data name="CUANTOS TP">
            <value/>
          </Data>
          <Data name="TRANBAJADORES TEMPORALES">
            <value>Si</value>
          </Data>
          <Data name="CUANTOS TT">
            <value>2.0</value>
          </Data>
          <Data name="SALARIO POR DIA">
            <value>250.0</value>
          </Data>
          <Data name="LIBRAS COSECHADAS">
            <value/>
          </Data>
          <Data name="UNIDADES COSECHADAS">
            <value>2000.0</value>
          </Data>
          <Data name="UNIDADES COSSECHADAS">
            <value/>
          </Data>
          <Data name="MESES DE COSECHA">
            <value>Julio Agosto Octubre Noviembre</value>
          </Data>
          <Data name="DONDE VENDE">
            <value>Un comprador viene a mi finca.</value>
          </Data>
          <Data name="PRECIO LIBRA">
            <value/>
          </Data>
          <Data name="PRECIO UNIDAD">
            <value>10.0</value>
          </Data>
          <Data name="PRECIO UNNIDAD">
            <value/>
          </Data>
          <Data name="TRANSPORTE DE COSECHA">
            <value>Ninguno</value>
          </Data>
          <Data name="IMAGEN PRODUCTOR">
            <value>https://kf.kobotoolbox.org/api/v2/assets/ad7G92bXCJpMkqNXz97XDt/data/741284255/attachments/atthLnZxDgRngJ5xMXaZfsjM/</value>
          </Data>
          <Data name="OBSERVACION">
            <value>Fertiliza organico unicamente con materia vegetal y materia animal</value>
          </Data>
          <Data name="FIRMA">
            <value>https://kf.kobotoolbox.org/api/v2/assets/ad7G92bXCJpMkqNXz97XDt/data/741284255/attachments/attL6R9vN8Jpz5D5obbazzg6/</value>
          </Data>
        </ExtendedData>
        <Point>
          <coordinates>
            -87.4386805,14.9707219,0
          </coordinates>
        </Point>
      </Placemark>
      <Placemark>
        <name>JUVENAL PINEDA MURILLO</name>
        <description><![CDATA[﻿FECHA: 2/5/2026<br>LATITUD: 14.9725532<br>LONGITUD: -87.4351614<br>ALTITUD MSNM: 331<br>DEPARTAMENTO: Yoro<br>MUNICIPIO: Victoria<br>FINCA: Finca Pineda<br>DNI: 1810-1985-00240<br>IMAGEN DNI: https://kf.kobotoolbox.org/api/v2/assets/ad7G92bXCJpMkqNXz97XDt/data/741284259/attachments/attiCzQ4CzZdfo8R3HoUAQ7a/<br>EDAD: 41<br>RAZA: Antillano<br>VARIEDAD: Choquette<br>TOTAL PLANTAS: 35<br>PLANTAS EN PRODUCCION: 8<br>AREA EN MZ: 0.25<br>ANALISIS DE SUELO: No<br>IMAGEN ANALISIS: <br>FERTILIZA: Si<br>FUMIGA: Si<br>SISTEMA DE RIEGO: Si<br>TIPO DE SISTEMA: Otro sistema de riego<br>AREA CON RIEGO: 0.25<br>FUENTE DE AGUA: <br>CAPACITACION: Si<br>REALIZA PODAS: No<br>AFILIADO A ASPAH: No<br>CREDITO: No<br>TRABAJADORES PERMANENTES: No<br>CUANTOS TP: <br>TRANBAJADORES TEMPORALES: Si<br>CUANTOS TT: 3<br>SALARIO POR DIA: 250<br>LIBRAS COSECHADAS: <br>UNIDADES COSECHADAS: 0<br>UNIDADES COSSECHADAS: <br>MESES DE COSECHA: Noviembre<br>DONDE VENDE: No he vendido aún.<br>PRECIO LIBRA: <br>PRECIO UNIDAD: 0<br>PRECIO UNNIDAD: <br>TRANSPORTE DE COSECHA: Ninguno<br>IMAGEN PRODUCTOR: https://kf.kobotoolbox.org/api/v2/assets/ad7G92bXCJpMkqNXz97XDt/data/741284259/attachments/attRNAvLVFEDzyfPBdN5DoyQ/<br>OBSERVACION: Primer año de cosecha muy buen manejo y tiene bastante cuaje de fruto <br>FIRMA: https://kf.kobotoolbox.org/api/v2/assets/ad7G92bXCJpMkqNXz97XDt/data/741284259/attachments/att7pM8wMPaqg83esY63ET4t/]]></description>
        <styleUrl>#icon-1899-FFD600</styleUrl>
        <ExtendedData>
          <Data name="﻿FECHA">
            <value>2/5/2026</value>
          </Data>
          <Data name="LATITUD">
            <value>14.9725532</value>
          </Data>
          <Data name="LONGITUD">
            <value>-87.4351614</value>
          </Data>
          <Data name="ALTITUD MSNM">
            <value>331.0</value>
          </Data>
          <Data name="DEPARTAMENTO">
            <value>Yoro</value>
          </Data>
          <Data name="MUNICIPIO">
            <value>Victoria</value>
          </Data>
          <Data name="FINCA">
            <value>Finca Pineda</value>
          </Data>
          <Data name="DNI">
            <value>1810-1985-00240</value>
          </Data>
          <Data name="IMAGEN DNI">
            <value>https://kf.kobotoolbox.org/api/v2/assets/ad7G92bXCJpMkqNXz97XDt/data/741284259/attachments/attiCzQ4CzZdfo8R3HoUAQ7a/</value>
          </Data>
          <Data name="EDAD">
            <value>41.0</value>
          </Data>
          <Data name="RAZA">
            <value>Antillano</value>
          </Data>
          <Data name="VARIEDAD">
            <value>Choquette</value>
          </Data>
          <Data name="TOTAL PLANTAS">
            <value>35.0</value>
          </Data>
          <Data name="PLANTAS EN PRODUCCION">
            <value>8.0</value>
          </Data>
          <Data name="AREA EN MZ">
            <value>0.25</value>
          </Data>
          <Data name="ANALISIS DE SUELO">
            <value>No</value>
          </Data>
          <Data name="IMAGEN ANALISIS">
            <value/>
          </Data>
          <Data name="FERTILIZA">
            <value>Si</value>
          </Data>
          <Data name="FUMIGA">
            <value>Si</value>
          </Data>
          <Data name="SISTEMA DE RIEGO">
            <value>Si</value>
          </Data>
          <Data name="TIPO DE SISTEMA">
            <value>Otro sistema de riego</value>
          </Data>
          <Data name="AREA CON RIEGO">
            <value>0.25</value>
          </Data>
          <Data name="FUENTE DE AGUA">
            <value/>
          </Data>
          <Data name="CAPACITACION">
            <value>Si</value>
          </Data>
          <Data name="REALIZA PODAS">
            <value>No</value>
          </Data>
          <Data name="AFILIADO A ASPAH">
            <value>No</value>
          </Data>
          <Data name="CREDITO">
            <value>No</value>
          </Data>
          <Data name="TRABAJADORES PERMANENTES">
            <value>No</value>
          </Data>
          <Data name="CUANTOS TP">
            <value/>
          </Data>
          <Data name="TRANBAJADORES TEMPORALES">
            <value>Si</value>
          </Data>
          <Data name="CUANTOS TT">
            <value>3.0</value>
          </Data>
          <Data name="SALARIO POR DIA">
            <value>250.0</value>
          </Data>
          <Data name="LIBRAS COSECHADAS">
            <value/>
          </Data>
          <Data name="UNIDADES COSECHADAS">
            <value>0.0</value>
          </Data>
          <Data name="UNIDADES COSSECHADAS">
            <value/>
          </Data>
          <Data name="MESES DE COSECHA">
            <value>Noviembre</value>
          </Data>
          <Data name="DONDE VENDE">
            <value>No he vendido aún.</value>
          </Data>
          <Data name="PRECIO LIBRA">
            <value/>
          </Data>
          <Data name="PRECIO UNIDAD">
            <value>0.0</value>
          </Data>
          <Data name="PRECIO UNNIDAD">
            <value/>
          </Data>
          <Data name="TRANSPORTE DE COSECHA">
            <value>Ninguno</value>
          </Data>
          <Data name="IMAGEN PRODUCTOR">
            <value>https://kf.kobotoolbox.org/api/v2/assets/ad7G92bXCJpMkqNXz97XDt/data/741284259/attachments/attRNAvLVFEDzyfPBdN5DoyQ/</value>
          </Data>
          <Data name="OBSERVACION">
            <value>Primer año de cosecha muy buen manejo y tiene bastante cuaje de fruto </value>
          </Data>
          <Data name="FIRMA">
            <value>https://kf.kobotoolbox.org/api/v2/assets/ad7G92bXCJpMkqNXz97XDt/data/741284259/attachments/att7pM8wMPaqg83esY63ET4t/</value>
          </Data>
        </ExtendedData>
        <Point>
          <coordinates>
            -87.4351614,14.9725532,0
          </coordinates>
        </Point>
      </Placemark>
      <Placemark>
        <name>JUAN BLAS CRUZ</name>
        <description><![CDATA[﻿FECHA: 2/5/2026<br>LATITUD: 14.9748626<br>LONGITUD: -87.4396525<br>ALTITUD MSNM: 310<br>DEPARTAMENTO: Yoro<br>MUNICIPIO: Victoria<br>FINCA: Finca Tomas<br>DNI: 1810-1971-00067<br>IMAGEN DNI: https://kf.kobotoolbox.org/api/v2/assets/ad7G92bXCJpMkqNXz97XDt/data/741284265/attachments/attUdnDTz5kUDFi2NA6yHGBH/<br>EDAD: 55<br>RAZA: Antillano<br>VARIEDAD: Choquette Belice<br>TOTAL PLANTAS: 54<br>PLANTAS EN PRODUCCION: 50<br>AREA EN MZ: 0.5<br>ANALISIS DE SUELO: No<br>IMAGEN ANALISIS: <br>FERTILIZA: Si<br>FUMIGA: Si<br>SISTEMA DE RIEGO: Si<br>TIPO DE SISTEMA: Sistema de riego por micro-aspersion<br>AREA CON RIEGO: 0.5<br>FUENTE DE AGUA: <br>CAPACITACION: Si<br>REALIZA PODAS: Si<br>AFILIADO A ASPAH: No<br>CREDITO: Si<br>TRABAJADORES PERMANENTES: No<br>CUANTOS TP: <br>TRANBAJADORES TEMPORALES: Si<br>CUANTOS TT: 4<br>SALARIO POR DIA: 250<br>LIBRAS COSECHADAS: <br>UNIDADES COSECHADAS: 6000<br>UNIDADES COSSECHADAS: <br>MESES DE COSECHA: Noviembre<br>DONDE VENDE: Un comprador viene a mi finca.<br>PRECIO LIBRA: <br>PRECIO UNIDAD: 8<br>PRECIO UNNIDAD: <br>TRANSPORTE DE COSECHA: Ninguno<br>IMAGEN PRODUCTOR: https://kf.kobotoolbox.org/api/v2/assets/ad7G92bXCJpMkqNXz97XDt/data/741284265/attachments/attHvkhHjVLjmojEupyYd5ze/<br>OBSERVACION: 8 - Muy buen manejo, tiene prestamo con BANDESA<br>FIRMA: https://kf.kobotoolbox.org/api/v2/assets/ad7G92bXCJpMkqNXz97XDt/data/741284265/attachments/att3rgjFfoDZXdEbZn5ehMvx/]]></description>
        <styleUrl>#icon-1899-FFD600</styleUrl>
        <ExtendedData>
          <Data name="﻿FECHA">
            <value>2/5/2026</value>
          </Data>
          <Data name="LATITUD">
            <value>14.9748626</value>
          </Data>
          <Data name="LONGITUD">
            <value>-87.4396525</value>
          </Data>
          <Data name="ALTITUD MSNM">
            <value>310.0</value>
          </Data>
          <Data name="DEPARTAMENTO">
            <value>Yoro</value>
          </Data>
          <Data name="MUNICIPIO">
            <value>Victoria</value>
          </Data>
          <Data name="FINCA">
            <value>Finca Tomas</value>
          </Data>
          <Data name="DNI">
            <value>1810-1971-00067</value>
          </Data>
          <Data name="IMAGEN DNI">
            <value>https://kf.kobotoolbox.org/api/v2/assets/ad7G92bXCJpMkqNXz97XDt/data/741284265/attachments/attUdnDTz5kUDFi2NA6yHGBH/</value>
          </Data>
          <Data name="EDAD">
            <value>55.0</value>
          </Data>
          <Data name="RAZA">
            <value>Antillano</value>
          </Data>
          <Data name="VARIEDAD">
            <value>Choquette Belice</value>
          </Data>
          <Data name="TOTAL PLANTAS">
            <value>54.0</value>
          </Data>
          <Data name="PLANTAS EN PRODUCCION">
            <value>50.0</value>
          </Data>
          <Data name="AREA EN MZ">
            <value>0.5</value>
          </Data>
          <Data name="ANALISIS DE SUELO">
            <value>No</value>
          </Data>
          <Data name="IMAGEN ANALISIS">
            <value/>
          </Data>
          <Data name="FERTILIZA">
            <value>Si</value>
          </Data>
          <Data name="FUMIGA">
            <value>Si</value>
          </Data>
          <Data name="SISTEMA DE RIEGO">
            <value>Si</value>
          </Data>
          <Data name="TIPO DE SISTEMA">
            <value>Sistema de riego por micro-aspersion</value>
          </Data>
          <Data name="AREA CON RIEGO">
            <value>0.5</value>
          </Data>
          <Data name="FUENTE DE AGUA">
            <value/>
          </Data>
          <Data name="CAPACITACION">
            <value>Si</value>
          </Data>
          <Data name="REALIZA PODAS">
            <value>Si</value>
          </Data>
          <Data name="AFILIADO A ASPAH">
            <value>No</value>
          </Data>
          <Data name="CREDITO">
            <value>Si</value>
          </Data>
          <Data name="TRABAJADORES PERMANENTES">
            <value>No</value>
          </Data>
          <Data name="CUANTOS TP">
            <value/>
          </Data>
          <Data name="TRANBAJADORES TEMPORALES">
            <value>Si</value>
          </Data>
          <Data name="CUANTOS TT">
            <value>4.0</value>
          </Data>
          <Data name="SALARIO POR DIA">
            <value>250.0</value>
          </Data>
          <Data name="LIBRAS COSECHADAS">
            <value/>
          </Data>
          <Data name="UNIDADES COSECHADAS">
            <value>6000.0</value>
          </Data>
          <Data name="UNIDADES COSSECHADAS">
            <value/>
          </Data>
          <Data name="MESES DE COSECHA">
            <value>Noviembre</value>
          </Data>
          <Data name="DONDE VENDE">
            <value>Un comprador viene a mi finca.</value>
          </Data>
          <Data name="PRECIO LIBRA">
            <value/>
          </Data>
          <Data name="PRECIO UNIDAD">
            <value>8.0</value>
          </Data>
          <Data name="PRECIO UNNIDAD">
            <value/>
          </Data>
          <Data name="TRANSPORTE DE COSECHA">
            <value>Ninguno</value>
          </Data>
          <Data name="IMAGEN PRODUCTOR">
            <value>https://kf.kobotoolbox.org/api/v2/assets/ad7G92bXCJpMkqNXz97XDt/data/741284265/attachments/attHvkhHjVLjmojEupyYd5ze/</value>
          </Data>
          <Data name="OBSERVACION">
            <value>8 - Muy buen manejo, tiene prestamo con BANDESA</value>
          </Data>
          <Data name="FIRMA">
            <value>https://kf.kobotoolbox.org/api/v2/assets/ad7G92bXCJpMkqNXz97XDt/data/741284265/attachments/att3rgjFfoDZXdEbZn5ehMvx/</value>
          </Data>
        </ExtendedData>
        <Point>
          <coordinates>
            -87.4396525,14.9748626,0
          </coordinates>
        </Point>
      </Placemark>
      <Placemark>
        <name>LEONARDO CRUZ RODRÍGUEZ</name>
        <description><![CDATA[﻿FECHA: 2/5/2026<br>LATITUD: 15.0273633<br>LONGITUD: -87.4812451<br>ALTITUD MSNM: 704<br>DEPARTAMENTO: Yoro<br>MUNICIPIO: Victoria<br>FINCA: Finca El Oasis<br>DNI: 1810-1968-00289<br>IMAGEN DNI: https://kf.kobotoolbox.org/api/v2/assets/ad7G92bXCJpMkqNXz97XDt/data/741284282/attachments/attPdQLq5axgDJUneJk2movm/<br>EDAD: 57<br>RAZA: Antillano<br>VARIEDAD: Choquette Boot 7 Simmons<br>TOTAL PLANTAS: 80<br>PLANTAS EN PRODUCCION: 80<br>AREA EN MZ: 0.5<br>ANALISIS DE SUELO: Si<br>IMAGEN ANALISIS: <br>FERTILIZA: Si<br>FUMIGA: Si<br>SISTEMA DE RIEGO: No<br>TIPO DE SISTEMA: <br>AREA CON RIEGO: <br>FUENTE DE AGUA: No<br>CAPACITACION: No<br>REALIZA PODAS: Si<br>AFILIADO A ASPAH: No<br>CREDITO: No<br>TRABAJADORES PERMANENTES: No<br>CUANTOS TP: <br>TRANBAJADORES TEMPORALES: Si<br>CUANTOS TT: 2<br>SALARIO POR DIA: 250<br>LIBRAS COSECHADAS: <br>UNIDADES COSECHADAS: 6500<br>UNIDADES COSSECHADAS: <br>MESES DE COSECHA: Octubre Noviembre Diciembre<br>DONDE VENDE: Un comprador viene a mi finca.<br>PRECIO LIBRA: <br>PRECIO UNIDAD: 10<br>PRECIO UNNIDAD: <br>TRANSPORTE DE COSECHA: Ninguno<br>IMAGEN PRODUCTOR: https://kf.kobotoolbox.org/api/v2/assets/ad7G92bXCJpMkqNXz97XDt/data/741284282/attachments/att38rULwby5m2rW2G94hN75/<br>OBSERVACION: Verificar si esta afiliado a ASPAH ya que no sabe, el telefono es el numero del hijo<br>FIRMA: https://kf.kobotoolbox.org/api/v2/assets/ad7G92bXCJpMkqNXz97XDt/data/741284282/attachments/attoHfQCC56VnwqEsdZo56ni/]]></description>
        <styleUrl>#icon-1899-FFD600</styleUrl>
        <ExtendedData>
          <Data name="﻿FECHA">
            <value>2/5/2026</value>
          </Data>
          <Data name="LATITUD">
            <value>15.0273633</value>
          </Data>
          <Data name="LONGITUD">
            <value>-87.4812451</value>
          </Data>
          <Data name="ALTITUD MSNM">
            <value>704.0</value>
          </Data>
          <Data name="DEPARTAMENTO">
            <value>Yoro</value>
          </Data>
          <Data name="MUNICIPIO">
            <value>Victoria</value>
          </Data>
          <Data name="FINCA">
            <value>Finca El Oasis</value>
          </Data>
          <Data name="DNI">
            <value>1810-1968-00289</value>
          </Data>
          <Data name="IMAGEN DNI">
            <value>https://kf.kobotoolbox.org/api/v2/assets/ad7G92bXCJpMkqNXz97XDt/data/741284282/attachments/attPdQLq5axgDJUneJk2movm/</value>
          </Data>
          <Data name="EDAD">
            <value>57.0</value>
          </Data>
          <Data name="RAZA">
            <value>Antillano</value>
          </Data>
          <Data name="VARIEDAD">
            <value>Choquette Boot 7 Simmons</value>
          </Data>
          <Data name="TOTAL PLANTAS">
            <value>80.0</value>
          </Data>
          <Data name="PLANTAS EN PRODUCCION">
            <value>80.0</value>
          </Data>
          <Data name="AREA EN MZ">
            <value>0.5</value>
          </Data>
          <Data name="ANALISIS DE SUELO">
            <value>Si</value>
          </Data>
          <Data name="IMAGEN ANALISIS">
            <value/>
          </Data>
          <Data name="FERTILIZA">
            <value>Si</value>
          </Data>
          <Data name="FUMIGA">
            <value>Si</value>
          </Data>
          <Data name="SISTEMA DE RIEGO">
            <value>No</value>
          </Data>
          <Data name="TIPO DE SISTEMA">
            <value/>
          </Data>
          <Data name="AREA CON RIEGO">
            <value/>
          </Data>
          <Data name="FUENTE DE AGUA">
            <value>No</value>
          </Data>
          <Data name="CAPACITACION">
            <value>No</value>
          </Data>
          <Data name="REALIZA PODAS">
            <value>Si</value>
          </Data>
          <Data name="AFILIADO A ASPAH">
            <value>No</value>
          </Data>
          <Data name="CREDITO">
            <value>No</value>
          </Data>
          <Data name="TRABAJADORES PERMANENTES">
            <value>No</value>
          </Data>
          <Data name="CUANTOS TP">
            <value/>
          </Data>
          <Data name="TRANBAJADORES TEMPORALES">
            <value>Si</value>
          </Data>
          <Data name="CUANTOS TT">
            <value>2.0</value>
          </Data>
          <Data name="SALARIO POR DIA">
            <value>250.0</value>
          </Data>
          <Data name="LIBRAS COSECHADAS">
            <value/>
          </Data>
          <Data name="UNIDADES COSECHADAS">
            <value>6500.0</value>
          </Data>
          <Data name="UNIDADES COSSECHADAS">
            <value/>
          </Data>
          <Data name="MESES DE COSECHA">
            <value>Octubre Noviembre Diciembre</value>
          </Data>
          <Data name="DONDE VENDE">
            <value>Un comprador viene a mi finca.</value>
          </Data>
          <Data name="PRECIO LIBRA">
            <value/>
          </Data>
          <Data name="PRECIO UNIDAD">
            <value>10.0</value>
          </Data>
          <Data name="PRECIO UNNIDAD">
            <value/>
          </Data>
          <Data name="TRANSPORTE DE COSECHA">
            <value>Ninguno</value>
          </Data>
          <Data name="IMAGEN PRODUCTOR">
            <value>https://kf.kobotoolbox.org/api/v2/assets/ad7G92bXCJpMkqNXz97XDt/data/741284282/attachments/att38rULwby5m2rW2G94hN75/</value>
          </Data>
          <Data name="OBSERVACION">
            <value>Verificar si esta afiliado a ASPAH ya que no sabe, el telefono es el numero del hijo</value>
          </Data>
          <Data name="FIRMA">
            <value>https://kf.kobotoolbox.org/api/v2/assets/ad7G92bXCJpMkqNXz97XDt/data/741284282/attachments/attoHfQCC56VnwqEsdZo56ni/</value>
          </Data>
        </ExtendedData>
        <Point>
          <coordinates>
            -87.4812451,15.0273633,0
          </coordinates>
        </Point>
      </Placemark>
      <Placemark>
        <name>MODESTO CASTRO GUTIÉRREZ</name>
        <description><![CDATA[﻿FECHA: 2/5/2026<br>LATITUD: 15.0292547<br>LONGITUD: -87.4836622<br>ALTITUD MSNM: 693<br>DEPARTAMENTO: Yoro<br>MUNICIPIO: Victoria<br>FINCA: Finca la Manzana<br>DNI: 1810-1963-00134<br>IMAGEN DNI: https://kf.kobotoolbox.org/api/v2/assets/ad7G92bXCJpMkqNXz97XDt/data/741284297/attachments/attY25iYZSQgogrfxppKBGLH/<br>EDAD: 62<br>RAZA: Antillano<br>VARIEDAD: Choquette Boot 7 Simmons<br>TOTAL PLANTAS: 130<br>PLANTAS EN PRODUCCION: 130<br>AREA EN MZ: 1.5<br>ANALISIS DE SUELO: Si<br>IMAGEN ANALISIS: <br>FERTILIZA: Si<br>FUMIGA: Si<br>SISTEMA DE RIEGO: No<br>TIPO DE SISTEMA: <br>AREA CON RIEGO: <br>FUENTE DE AGUA: Si<br>CAPACITACION: Si<br>REALIZA PODAS: Si<br>AFILIADO A ASPAH: Si<br>CREDITO: Si<br>TRABAJADORES PERMANENTES: No<br>CUANTOS TP: <br>TRANBAJADORES TEMPORALES: Si<br>CUANTOS TT: 5<br>SALARIO POR DIA: 250<br>LIBRAS COSECHADAS: <br>UNIDADES COSECHADAS: 4200<br>UNIDADES COSSECHADAS: <br>MESES DE COSECHA: Abril Mayo Julio Octubre Noviembre<br>DONDE VENDE: Un comprador viene a mi finca.<br>PRECIO LIBRA: <br>PRECIO UNIDAD: 12<br>PRECIO UNNIDAD: <br>TRANSPORTE DE COSECHA: Ninguno<br>IMAGEN PRODUCTOR: https://kf.kobotoolbox.org/api/v2/assets/ad7G92bXCJpMkqNXz97XDt/data/741284297/attachments/attmsctjaYu3Haha3AayAFxr/<br>OBSERVACION: Prestamo con BANADESA, TIENE QUEBRADA QUE NO SE SECA<br>FIRMA: https://kf.kobotoolbox.org/api/v2/assets/ad7G92bXCJpMkqNXz97XDt/data/741284297/attachments/attbUoJ22MPtvx8pKzKvAni7/]]></description>
        <styleUrl>#icon-1899-FFD600</styleUrl>
        <ExtendedData>
          <Data name="﻿FECHA">
            <value>2/5/2026</value>
          </Data>
          <Data name="LATITUD">
            <value>15.0292547</value>
          </Data>
          <Data name="LONGITUD">
            <value>-87.4836622</value>
          </Data>
          <Data name="ALTITUD MSNM">
            <value>693.0</value>
          </Data>
          <Data name="DEPARTAMENTO">
            <value>Yoro</value>
          </Data>
          <Data name="MUNICIPIO">
            <value>Victoria</value>
          </Data>
          <Data name="FINCA">
            <value>Finca la Manzana</value>
          </Data>
          <Data name="DNI">
            <value>1810-1963-00134</value>
          </Data>
          <Data name="IMAGEN DNI">
            <value>https://kf.kobotoolbox.org/api/v2/assets/ad7G92bXCJpMkqNXz97XDt/data/741284297/attachments/attY25iYZSQgogrfxppKBGLH/</value>
          </Data>
          <Data name="EDAD">
            <value>62.0</value>
          </Data>
          <Data name="RAZA">
            <value>Antillano</value>
          </Data>
          <Data name="VARIEDAD">
            <value>Choquette Boot 7 Simmons</value>
          </Data>
          <Data name="TOTAL PLANTAS">
            <value>130.0</value>
          </Data>
          <Data name="PLANTAS EN PRODUCCION">
            <value>130.0</value>
          </Data>
          <Data name="AREA EN MZ">
            <value>1.5</value>
          </Data>
          <Data name="ANALISIS DE SUELO">
            <value>Si</value>
          </Data>
          <Data name="IMAGEN ANALISIS">
            <value/>
          </Data>
          <Data name="FERTILIZA">
            <value>Si</value>
          </Data>
          <Data name="FUMIGA">
            <value>Si</value>
          </Data>
          <Data name="SISTEMA DE RIEGO">
            <value>No</value>
          </Data>
          <Data name="TIPO DE SISTEMA">
            <value/>
          </Data>
          <Data name="AREA CON RIEGO">
            <value/>
          </Data>
          <Data name="FUENTE DE AGUA">
            <value>Si</value>
          </Data>
          <Data name="CAPACITACION">
            <value>Si</value>
          </Data>
          <Data name="REALIZA PODAS">
            <value>Si</value>
          </Data>
          <Data name="AFILIADO A ASPAH">
            <value>Si</value>
          </Data>
          <Data name="CREDITO">
            <value>Si</value>
          </Data>
          <Data name="TRABAJADORES PERMANENTES">
            <value>No</value>
          </Data>
          <Data name="CUANTOS TP">
            <value/>
          </Data>
          <Data name="TRANBAJADORES TEMPORALES">
            <value>Si</value>
          </Data>
          <Data name="CUANTOS TT">
            <value>5.0</value>
          </Data>
          <Data name="SALARIO POR DIA">
            <value>250.0</value>
          </Data>
          <Data name="LIBRAS COSECHADAS">
            <value/>
          </Data>
          <Data name="UNIDADES COSECHADAS">
            <value>4200.0</value>
          </Data>
          <Data name="UNIDADES COSSECHADAS">
            <value/>
          </Data>
          <Data name="MESES DE COSECHA">
            <value>Abril Mayo Julio Octubre Noviembre</value>
          </Data>
          <Data name="DONDE VENDE">
            <value>Un comprador viene a mi finca.</value>
          </Data>
          <Data name="PRECIO LIBRA">
            <value/>
          </Data>
          <Data name="PRECIO UNIDAD">
            <value>12.0</value>
          </Data>
          <Data name="PRECIO UNNIDAD">
            <value/>
          </Data>
          <Data name="TRANSPORTE DE COSECHA">
            <value>Ninguno</value>
          </Data>
          <Data name="IMAGEN PRODUCTOR">
            <value>https://kf.kobotoolbox.org/api/v2/assets/ad7G92bXCJpMkqNXz97XDt/data/741284297/attachments/attmsctjaYu3Haha3AayAFxr/</value>
          </Data>
          <Data name="OBSERVACION">
            <value>Prestamo con BANADESA, TIENE QUEBRADA QUE NO SE SECA</value>
          </Data>
          <Data name="FIRMA">
            <value>https://kf.kobotoolbox.org/api/v2/assets/ad7G92bXCJpMkqNXz97XDt/data/741284297/attachments/attbUoJ22MPtvx8pKzKvAni7/</value>
          </Data>
        </ExtendedData>
        <Point>
          <coordinates>
            -87.4836622,15.0292547,0
          </coordinates>
        </Point>
      </Placemark>
      <Placemark>
        <name>ANTONIO CRUZ FIGUEROA</name>
        <description><![CDATA[﻿FECHA: 2/5/2026<br>LATITUD: 15.0112344<br>LONGITUD: -87.4657946<br>ALTITUD MSNM: 688<br>DEPARTAMENTO: Yoro<br>MUNICIPIO: Victoria<br>FINCA: Finca El Chele<br>DNI: 1810-1971-00350<br>IMAGEN DNI: https://kf.kobotoolbox.org/api/v2/assets/ad7G92bXCJpMkqNXz97XDt/data/741284308/attachments/attWyBQnapyiXBY7uvDA3JTE/<br>EDAD: 54<br>RAZA: Antillano<br>VARIEDAD: Choquette<br>TOTAL PLANTAS: 80<br>PLANTAS EN PRODUCCION: 20<br>AREA EN MZ: 0.5<br>ANALISIS DE SUELO: No<br>IMAGEN ANALISIS: <br>FERTILIZA: Si<br>FUMIGA: Si<br>SISTEMA DE RIEGO: No<br>TIPO DE SISTEMA: <br>AREA CON RIEGO: <br>FUENTE DE AGUA: Si<br>CAPACITACION: No<br>REALIZA PODAS: No<br>AFILIADO A ASPAH: No<br>CREDITO: No<br>TRABAJADORES PERMANENTES: No<br>CUANTOS TP: <br>TRANBAJADORES TEMPORALES: Si<br>CUANTOS TT: 1<br>SALARIO POR DIA: 250<br>LIBRAS COSECHADAS: <br>UNIDADES COSECHADAS: 3800<br>UNIDADES COSSECHADAS: <br>MESES DE COSECHA: Noviembre<br>DONDE VENDE: Un comprador viene a mi finca.<br>PRECIO LIBRA: <br>PRECIO UNIDAD: 10<br>PRECIO UNNIDAD: <br>TRANSPORTE DE COSECHA: Ninguno<br>IMAGEN PRODUCTOR: https://kf.kobotoolbox.org/api/v2/assets/ad7G92bXCJpMkqNXz97XDt/data/741284308/attachments/att3yrUnZK9xGk5bp96iimde/<br>OBSERVACION: <br>FIRMA: https://kf.kobotoolbox.org/api/v2/assets/ad7G92bXCJpMkqNXz97XDt/data/741284308/attachments/attATiG39xwEdRDCpTXrLswU/]]></description>
        <styleUrl>#icon-1899-FFD600</styleUrl>
        <ExtendedData>
          <Data name="﻿FECHA">
            <value>2/5/2026</value>
          </Data>
          <Data name="LATITUD">
            <value>15.0112344</value>
          </Data>
          <Data name="LONGITUD">
            <value>-87.4657946</value>
          </Data>
          <Data name="ALTITUD MSNM">
            <value>688.0</value>
          </Data>
          <Data name="DEPARTAMENTO">
            <value>Yoro</value>
          </Data>
          <Data name="MUNICIPIO">
            <value>Victoria</value>
          </Data>
          <Data name="FINCA">
            <value>Finca El Chele</value>
          </Data>
          <Data name="DNI">
            <value>1810-1971-00350</value>
          </Data>
          <Data name="IMAGEN DNI">
            <value>https://kf.kobotoolbox.org/api/v2/assets/ad7G92bXCJpMkqNXz97XDt/data/741284308/attachments/attWyBQnapyiXBY7uvDA3JTE/</value>
          </Data>
          <Data name="EDAD">
            <value>54.0</value>
          </Data>
          <Data name="RAZA">
            <value>Antillano</value>
          </Data>
          <Data name="VARIEDAD">
            <value>Choquette</value>
          </Data>
          <Data name="TOTAL PLANTAS">
            <value>80.0</value>
          </Data>
          <Data name="PLANTAS EN PRODUCCION">
            <value>20.0</value>
          </Data>
          <Data name="AREA EN MZ">
            <value>0.5</value>
          </Data>
          <Data name="ANALISIS DE SUELO">
            <value>No</value>
          </Data>
          <Data name="IMAGEN ANALISIS">
            <value/>
          </Data>
          <Data name="FERTILIZA">
            <value>Si</value>
          </Data>
          <Data name="FUMIGA">
            <value>Si</value>
          </Data>
          <Data name="SISTEMA DE RIEGO">
            <value>No</value>
          </Data>
          <Data name="TIPO DE SISTEMA">
            <value/>
          </Data>
          <Data name="AREA CON RIEGO">
            <value/>
          </Data>
          <Data name="FUENTE DE AGUA">
            <value>Si</value>
          </Data>
          <Data name="CAPACITACION">
            <value>No</value>
          </Data>
          <Data name="REALIZA PODAS">
            <value>No</value>
          </Data>
          <Data name="AFILIADO A ASPAH">
            <value>No</value>
          </Data>
          <Data name="CREDITO">
            <value>No</value>
          </Data>
          <Data name="TRABAJADORES PERMANENTES">
            <value>No</value>
          </Data>
          <Data name="CUANTOS TP">
            <value/>
          </Data>
          <Data name="TRANBAJADORES TEMPORALES">
            <value>Si</value>
          </Data>
          <Data name="CUANTOS TT">
            <value>1.0</value>
          </Data>
          <Data name="SALARIO POR DIA">
            <value>250.0</value>
          </Data>
          <Data name="LIBRAS COSECHADAS">
            <value/>
          </Data>
          <Data name="UNIDADES COSECHADAS">
            <value>3800.0</value>
          </Data>
          <Data name="UNIDADES COSSECHADAS">
            <value/>
          </Data>
          <Data name="MESES DE COSECHA">
            <value>Noviembre</value>
          </Data>
          <Data name="DONDE VENDE">
            <value>Un comprador viene a mi finca.</value>
          </Data>
          <Data name="PRECIO LIBRA">
            <value/>
          </Data>
          <Data name="PRECIO UNIDAD">
            <value>10.0</value>
          </Data>
          <Data name="PRECIO UNNIDAD">
            <value/>
          </Data>
          <Data name="TRANSPORTE DE COSECHA">
            <value>Ninguno</value>
          </Data>
          <Data name="IMAGEN PRODUCTOR">
            <value>https://kf.kobotoolbox.org/api/v2/assets/ad7G92bXCJpMkqNXz97XDt/data/741284308/attachments/att3yrUnZK9xGk5bp96iimde/</value>
          </Data>
          <Data name="OBSERVACION">
            <value/>
          </Data>
          <Data name="FIRMA">
            <value>https://kf.kobotoolbox.org/api/v2/assets/ad7G92bXCJpMkqNXz97XDt/data/741284308/attachments/attATiG39xwEdRDCpTXrLswU/</value>
          </Data>
        </ExtendedData>
        <Point>
          <coordinates>
            -87.4657946,15.0112344,0
          </coordinates>
        </Point>
      </Placemark>
      <Placemark>
        <name>NEYDA IDANIA CRUZ MENCIAS</name>
        <description><![CDATA[﻿FECHA: 2/5/2026<br>LATITUD: 15.0125225<br>LONGITUD: -87.46388<br>ALTITUD MSNM: 698<br>DEPARTAMENTO: Yoro<br>MUNICIPIO: Victoria<br>FINCA: Finca Valentina<br>DNI: 1810-1997-00265<br>IMAGEN DNI: https://kf.kobotoolbox.org/api/v2/assets/ad7G92bXCJpMkqNXz97XDt/data/741284330/attachments/attd3hRudr5tHupe2oiaHTvZ/<br>EDAD: 29<br>RAZA: Antillano<br>VARIEDAD: Choquette<br>TOTAL PLANTAS: 50<br>PLANTAS EN PRODUCCION: 0<br>AREA EN MZ: 0.25<br>ANALISIS DE SUELO: No<br>IMAGEN ANALISIS: <br>FERTILIZA: Si<br>FUMIGA: Si<br>SISTEMA DE RIEGO: No<br>TIPO DE SISTEMA: <br>AREA CON RIEGO: <br>FUENTE DE AGUA: No<br>CAPACITACION: No<br>REALIZA PODAS: No<br>AFILIADO A ASPAH: No<br>CREDITO: No<br>TRABAJADORES PERMANENTES: No<br>CUANTOS TP: <br>TRANBAJADORES TEMPORALES: Si<br>CUANTOS TT: 2<br>SALARIO POR DIA: 250<br>LIBRAS COSECHADAS: <br>UNIDADES COSECHADAS: 0<br>UNIDADES COSSECHADAS: <br>MESES DE COSECHA: Noviembre<br>DONDE VENDE: No he vendido aún.<br>PRECIO LIBRA: <br>PRECIO UNIDAD: 0<br>PRECIO UNNIDAD: <br>TRANSPORTE DE COSECHA: Ninguno<br>IMAGEN PRODUCTOR: https://kf.kobotoolbox.org/api/v2/assets/ad7G92bXCJpMkqNXz97XDt/data/741284330/attachments/attZ3Vrq2zPT8Sou8Dxxu6dU/<br>OBSERVACION: Finca recien sembrada de 10 meses, la foto de DNI y de la planta esta el papá <br>FIRMA: https://kf.kobotoolbox.org/api/v2/assets/ad7G92bXCJpMkqNXz97XDt/data/741284330/attachments/attCfRHW48qVK5nvpXGtgbr7/]]></description>
        <styleUrl>#icon-1899-FFD600</styleUrl>
        <ExtendedData>
          <Data name="﻿FECHA">
            <value>2/5/2026</value>
          </Data>
          <Data name="LATITUD">
            <value>15.0125225</value>
          </Data>
          <Data name="LONGITUD">
            <value>-87.46388</value>
          </Data>
          <Data name="ALTITUD MSNM">
            <value>698.0</value>
          </Data>
          <Data name="DEPARTAMENTO">
            <value>Yoro</value>
          </Data>
          <Data name="MUNICIPIO">
            <value>Victoria</value>
          </Data>
          <Data name="FINCA">
            <value>Finca Valentina</value>
          </Data>
          <Data name="DNI">
            <value>1810-1997-00265</value>
          </Data>
          <Data name="IMAGEN DNI">
            <value>https://kf.kobotoolbox.org/api/v2/assets/ad7G92bXCJpMkqNXz97XDt/data/741284330/attachments/attd3hRudr5tHupe2oiaHTvZ/</value>
          </Data>
          <Data name="EDAD">
            <value>29.0</value>
          </Data>
          <Data name="RAZA">
            <value>Antillano</value>
          </Data>
          <Data name="VARIEDAD">
            <value>Choquette</value>
          </Data>
          <Data name="TOTAL PLANTAS">
            <value>50.0</value>
          </Data>
          <Data name="PLANTAS EN PRODUCCION">
            <value>0.0</value>
          </Data>
          <Data name="AREA EN MZ">
            <value>0.25</value>
          </Data>
          <Data name="ANALISIS DE SUELO">
            <value>No</value>
          </Data>
          <Data name="IMAGEN ANALISIS">
            <value/>
          </Data>
          <Data name="FERTILIZA">
            <value>Si</value>
          </Data>
          <Data name="FUMIGA">
            <value>Si</value>
          </Data>
          <Data name="SISTEMA DE RIEGO">
            <value>No</value>
          </Data>
          <Data name="TIPO DE SISTEMA">
            <value/>
          </Data>
          <Data name="AREA CON RIEGO">
            <value/>
          </Data>
          <Data name="FUENTE DE AGUA">
            <value>No</value>
          </Data>
          <Data name="CAPACITACION">
            <value>No</value>
          </Data>
          <Data name="REALIZA PODAS">
            <value>No</value>
          </Data>
          <Data name="AFILIADO A ASPAH">
            <value>No</value>
          </Data>
          <Data name="CREDITO">
            <value>No</value>
          </Data>
          <Data name="TRABAJADORES PERMANENTES">
            <value>No</value>
          </Data>
          <Data name="CUANTOS TP">
            <value/>
          </Data>
          <Data name="TRANBAJADORES TEMPORALES">
            <value>Si</value>
          </Data>
          <Data name="CUANTOS TT">
            <value>2.0</value>
          </Data>
          <Data name="SALARIO POR DIA">
            <value>250.0</value>
          </Data>
          <Data name="LIBRAS COSECHADAS">
            <value/>
          </Data>
          <Data name="UNIDADES COSECHADAS">
            <value>0.0</value>
          </Data>
          <Data name="UNIDADES COSSECHADAS">
            <value/>
          </Data>
          <Data name="MESES DE COSECHA">
            <value>Noviembre</value>
          </Data>
          <Data name="DONDE VENDE">
            <value>No he vendido aún.</value>
          </Data>
          <Data name="PRECIO LIBRA">
            <value/>
          </Data>
          <Data name="PRECIO UNIDAD">
            <value>0.0</value>
          </Data>
          <Data name="PRECIO UNNIDAD">
            <value/>
          </Data>
          <Data name="TRANSPORTE DE COSECHA">
            <value>Ninguno</value>
          </Data>
          <Data name="IMAGEN PRODUCTOR">
            <value>https://kf.kobotoolbox.org/api/v2/assets/ad7G92bXCJpMkqNXz97XDt/data/741284330/attachments/attZ3Vrq2zPT8Sou8Dxxu6dU/</value>
          </Data>
          <Data name="OBSERVACION">
            <value>Finca recien sembrada de 10 meses, la foto de DNI y de la planta esta el papá </value>
          </Data>
          <Data name="FIRMA">
            <value>https://kf.kobotoolbox.org/api/v2/assets/ad7G92bXCJpMkqNXz97XDt/data/741284330/attachments/attCfRHW48qVK5nvpXGtgbr7/</value>
          </Data>
        </ExtendedData>
        <Point>
          <coordinates>
            -87.46388,15.0125225,0
          </coordinates>
        </Point>
      </Placemark>
      <Placemark>
        <name>KARLA SUYAPA MOLINA RAMIREZ </name>
        <description><![CDATA[﻿FECHA: 2/5/2026<br>LATITUD: 15.0152348<br>LONGITUD: -87.4454427<br>ALTITUD MSNM: 419<br>DEPARTAMENTO: Yoro<br>MUNICIPIO: Victoria<br>FINCA: Finca Mi Paraiso<br>DNI: 1810-1999-00414<br>IMAGEN DNI: https://kf.kobotoolbox.org/api/v2/assets/ad7G92bXCJpMkqNXz97XDt/data/741284337/attachments/attoHmKmh2Ex47QJH3UBKEmQ/<br>EDAD: 27<br>RAZA: Antillano<br>VARIEDAD: Choquette<br>TOTAL PLANTAS: 47<br>PLANTAS EN PRODUCCION: 0<br>AREA EN MZ: 0.25<br>ANALISIS DE SUELO: No<br>IMAGEN ANALISIS: <br>FERTILIZA: Si<br>FUMIGA: Si<br>SISTEMA DE RIEGO: Si<br>TIPO DE SISTEMA: Sistema de riego por goteo<br>AREA CON RIEGO: 0.25<br>FUENTE DE AGUA: <br>CAPACITACION: No<br>REALIZA PODAS: Si<br>AFILIADO A ASPAH: No<br>CREDITO: No<br>TRABAJADORES PERMANENTES: No<br>CUANTOS TP: <br>TRANBAJADORES TEMPORALES: Si<br>CUANTOS TT: 1<br>SALARIO POR DIA: 250<br>LIBRAS COSECHADAS: <br>UNIDADES COSECHADAS: 0<br>UNIDADES COSSECHADAS: <br>MESES DE COSECHA: Noviembre<br>DONDE VENDE: No he vendido aún.<br>PRECIO LIBRA: <br>PRECIO UNIDAD: 0<br>PRECIO UNNIDAD: <br>TRANSPORTE DE COSECHA: Ninguno<br>IMAGEN PRODUCTOR: https://kf.kobotoolbox.org/api/v2/assets/ad7G92bXCJpMkqNXz97XDt/data/741284337/attachments/attawwFWFrXXKPWVATEtPcgU/<br>OBSERVACION: Esposo en USA<br>FIRMA: https://kf.kobotoolbox.org/api/v2/assets/ad7G92bXCJpMkqNXz97XDt/data/741284337/attachments/attB4LHWM4pPtJiNRoCKaijC/]]></description>
        <styleUrl>#icon-1899-FFD600</styleUrl>
        <ExtendedData>
          <Data name="﻿FECHA">
            <value>2/5/2026</value>
          </Data>
          <Data name="LATITUD">
            <value>15.0152348</value>
          </Data>
          <Data name="LONGITUD">
            <value>-87.4454427</value>
          </Data>
          <Data name="ALTITUD MSNM">
            <value>419.0</value>
          </Data>
          <Data name="DEPARTAMENTO">
            <value>Yoro</value>
          </Data>
          <Data name="MUNICIPIO">
            <value>Victoria</value>
          </Data>
          <Data name="FINCA">
            <value>Finca Mi Paraiso</value>
          </Data>
          <Data name="DNI">
            <value>1810-1999-00414</value>
          </Data>
          <Data name="IMAGEN DNI">
            <value>https://kf.kobotoolbox.org/api/v2/assets/ad7G92bXCJpMkqNXz97XDt/data/741284337/attachments/attoHmKmh2Ex47QJH3UBKEmQ/</value>
          </Data>
          <Data name="EDAD">
            <value>27.0</value>
          </Data>
          <Data name="RAZA">
            <value>Antillano</value>
          </Data>
          <Data name="VARIEDAD">
            <value>Choquette</value>
          </Data>
          <Data name="TOTAL PLANTAS">
            <value>47.0</value>
          </Data>
          <Data name="PLANTAS EN PRODUCCION">
            <value>0.0</value>
          </Data>
          <Data name="AREA EN MZ">
            <value>0.25</value>
          </Data>
          <Data name="ANALISIS DE SUELO">
            <value>No</value>
          </Data>
          <Data name="IMAGEN ANALISIS">
            <value/>
          </Data>
          <Data name="FERTILIZA">
            <value>Si</value>
          </Data>
          <Data name="FUMIGA">
            <value>Si</value>
          </Data>
          <Data name="SISTEMA DE RIEGO">
            <value>Si</value>
          </Data>
          <Data name="TIPO DE SISTEMA">
            <value>Sistema de riego por goteo</value>
          </Data>
          <Data name="AREA CON RIEGO">
            <value>0.25</value>
          </Data>
          <Data name="FUENTE DE AGUA">
            <value/>
          </Data>
          <Data name="CAPACITACION">
            <value>No</value>
          </Data>
          <Data name="REALIZA PODAS">
            <value>Si</value>
          </Data>
          <Data name="AFILIADO A ASPAH">
            <value>No</value>
          </Data>
          <Data name="CREDITO">
            <value>No</value>
          </Data>
          <Data name="TRABAJADORES PERMANENTES">
            <value>No</value>
          </Data>
          <Data name="CUANTOS TP">
            <value/>
          </Data>
          <Data name="TRANBAJADORES TEMPORALES">
            <value>Si</value>
          </Data>
          <Data name="CUANTOS TT">
            <value>1.0</value>
          </Data>
          <Data name="SALARIO POR DIA">
            <value>250.0</value>
          </Data>
          <Data name="LIBRAS COSECHADAS">
            <value/>
          </Data>
          <Data name="UNIDADES COSECHADAS">
            <value>0.0</value>
          </Data>
          <Data name="UNIDADES COSSECHADAS">
            <value/>
          </Data>
          <Data name="MESES DE COSECHA">
            <value>Noviembre</value>
          </Data>
          <Data name="DONDE VENDE">
            <value>No he vendido aún.</value>
          </Data>
          <Data name="PRECIO LIBRA">
            <value/>
          </Data>
          <Data name="PRECIO UNIDAD">
            <value>0.0</value>
          </Data>
          <Data name="PRECIO UNNIDAD">
            <value/>
          </Data>
          <Data name="TRANSPORTE DE COSECHA">
            <value>Ninguno</value>
          </Data>
          <Data name="IMAGEN PRODUCTOR">
            <value>https://kf.kobotoolbox.org/api/v2/assets/ad7G92bXCJpMkqNXz97XDt/data/741284337/attachments/attawwFWFrXXKPWVATEtPcgU/</value>
          </Data>
          <Data name="OBSERVACION">
            <value>Esposo en USA</value>
          </Data>
          <Data name="FIRMA">
            <value>https://kf.kobotoolbox.org/api/v2/assets/ad7G92bXCJpMkqNXz97XDt/data/741284337/attachments/attB4LHWM4pPtJiNRoCKaijC/</value>
          </Data>
        </ExtendedData>
        <Point>
          <coordinates>
            -87.4454427,15.0152348,0
          </coordinates>
        </Point>
      </Placemark>
      <Placemark>
        <name>OSCAR ALEXIS MARTÍNEZ CARCAMO</name>
        <description><![CDATA[﻿FECHA: 2/5/2026<br>LATITUD: 15.0130577<br>LONGITUD: -87.444858<br>ALTITUD MSNM: 429<br>DEPARTAMENTO: Yoro<br>MUNICIPIO: Victoria<br>FINCA: Finca Buen Futuro<br>DNI: 1807-1980-00811<br>IMAGEN DNI: https://kf.kobotoolbox.org/api/v2/assets/ad7G92bXCJpMkqNXz97XDt/data/741284343/attachments/attusyVzid8fCNdnbdtesT3c/<br>EDAD: 46<br>RAZA: Antillano<br>VARIEDAD: Choquette<br>TOTAL PLANTAS: 100<br>PLANTAS EN PRODUCCION: 30<br>AREA EN MZ: 0.75<br>ANALISIS DE SUELO: No<br>IMAGEN ANALISIS: <br>FERTILIZA: Si<br>FUMIGA: Si<br>SISTEMA DE RIEGO: Si<br>TIPO DE SISTEMA: Sistema de riego por goteo<br>AREA CON RIEGO: 0.3<br>FUENTE DE AGUA: <br>CAPACITACION: Si<br>REALIZA PODAS: No<br>AFILIADO A ASPAH: No<br>CREDITO: Si<br>TRABAJADORES PERMANENTES: No<br>CUANTOS TP: <br>TRANBAJADORES TEMPORALES: Si<br>CUANTOS TT: 1<br>SALARIO POR DIA: 250<br>LIBRAS COSECHADAS: <br>UNIDADES COSECHADAS: 150<br>UNIDADES COSSECHADAS: <br>MESES DE COSECHA: Noviembre<br>DONDE VENDE: Un comprador viene a mi finca.<br>PRECIO LIBRA: <br>PRECIO UNIDAD: 10<br>PRECIO UNNIDAD: <br>TRANSPORTE DE COSECHA: Ninguno<br>IMAGEN PRODUCTOR: https://kf.kobotoolbox.org/api/v2/assets/ad7G92bXCJpMkqNXz97XDt/data/741284343/attachments/attUZ6zxpcg6nk47nyP2dKdV/<br>OBSERVACION: Zona con un rio<br>FIRMA: https://kf.kobotoolbox.org/api/v2/assets/ad7G92bXCJpMkqNXz97XDt/data/741284343/attachments/attaoFotpZh3uSXwbxopPQTV/]]></description>
        <styleUrl>#icon-1899-FFD600</styleUrl>
        <ExtendedData>
          <Data name="﻿FECHA">
            <value>2/5/2026</value>
          </Data>
          <Data name="LATITUD">
            <value>15.0130577</value>
          </Data>
          <Data name="LONGITUD">
            <value>-87.444858</value>
          </Data>
          <Data name="ALTITUD MSNM">
            <value>429.0</value>
          </Data>
          <Data name="DEPARTAMENTO">
            <value>Yoro</value>
          </Data>
          <Data name="MUNICIPIO">
            <value>Victoria</value>
          </Data>
          <Data name="FINCA">
            <value>Finca Buen Futuro</value>
          </Data>
          <Data name="DNI">
            <value>1807-1980-00811</value>
          </Data>
          <Data name="IMAGEN DNI">
            <value>https://kf.kobotoolbox.org/api/v2/assets/ad7G92bXCJpMkqNXz97XDt/data/741284343/attachments/attusyVzid8fCNdnbdtesT3c/</value>
          </Data>
          <Data name="EDAD">
            <value>46.0</value>
          </Data>
          <Data name="RAZA">
            <value>Antillano</value>
          </Data>
          <Data name="VARIEDAD">
            <value>Choquette</value>
          </Data>
          <Data name="TOTAL PLANTAS">
            <value>100.0</value>
          </Data>
          <Data name="PLANTAS EN PRODUCCION">
            <value>30.0</value>
          </Data>
          <Data name="AREA EN MZ">
            <value>0.75</value>
          </Data>
          <Data name="ANALISIS DE SUELO">
            <value>No</value>
          </Data>
          <Data name="IMAGEN ANALISIS">
            <value/>
          </Data>
          <Data name="FERTILIZA">
            <value>Si</value>
          </Data>
          <Data name="FUMIGA">
            <value>Si</value>
          </Data>
          <Data name="SISTEMA DE RIEGO">
            <value>Si</value>
          </Data>
          <Data name="TIPO DE SISTEMA">
            <value>Sistema de riego por goteo</value>
          </Data>
          <Data name="AREA CON RIEGO">
            <value>0.3</value>
          </Data>
          <Data name="FUENTE DE AGUA">
            <value/>
          </Data>
          <Data name="CAPACITACION">
            <value>Si</value>
          </Data>
          <Data name="REALIZA PODAS">
            <value>No</value>
          </Data>
          <Data name="AFILIADO A ASPAH">
            <value>No</value>
          </Data>
          <Data name="CREDITO">
            <value>Si</value>
          </Data>
          <Data name="TRABAJADORES PERMANENTES">
            <value>No</value>
          </Data>
          <Data name="CUANTOS TP">
            <value/>
          </Data>
          <Data name="TRANBAJADORES TEMPORALES">
            <value>Si</value>
          </Data>
          <Data name="CUANTOS TT">
            <value>1.0</value>
          </Data>
          <Data name="SALARIO POR DIA">
            <value>250.0</value>
          </Data>
          <Data name="LIBRAS COSECHADAS">
            <value/>
          </Data>
          <Data name="UNIDADES COSECHADAS">
            <value>150.0</value>
          </Data>
          <Data name="UNIDADES COSSECHADAS">
            <value/>
          </Data>
          <Data name="MESES DE COSECHA">
            <value>Noviembre</value>
          </Data>
          <Data name="DONDE VENDE">
            <value>Un comprador viene a mi finca.</value>
          </Data>
          <Data name="PRECIO LIBRA">
            <value/>
          </Data>
          <Data name="PRECIO UNIDAD">
            <value>10.0</value>
          </Data>
          <Data name="PRECIO UNNIDAD">
            <value/>
          </Data>
          <Data name="TRANSPORTE DE COSECHA">
            <value>Ninguno</value>
          </Data>
          <Data name="IMAGEN PRODUCTOR">
            <value>https://kf.kobotoolbox.org/api/v2/assets/ad7G92bXCJpMkqNXz97XDt/data/741284343/attachments/attUZ6zxpcg6nk47nyP2dKdV/</value>
          </Data>
          <Data name="OBSERVACION">
            <value>Zona con un rio</value>
          </Data>
          <Data name="FIRMA">
            <value>https://kf.kobotoolbox.org/api/v2/assets/ad7G92bXCJpMkqNXz97XDt/data/741284343/attachments/attaoFotpZh3uSXwbxopPQTV/</value>
          </Data>
        </ExtendedData>
        <Point>
          <coordinates>
            -87.444858,15.0130577,0
          </coordinates>
        </Point>
      </Placemark>
      <Placemark>
        <name>REMBERTO BARAHONA VELASQUEZ</name>
        <description><![CDATA[﻿FECHA: 2/5/2026<br>LATITUD: 15.0138609<br>LONGITUD: -87.4418776<br>ALTITUD MSNM: 427<br>DEPARTAMENTO: Yoro<br>MUNICIPIO: Victoria<br>FINCA: Finca La Esperanza<br>DNI: 1810-1971-00147<br>IMAGEN DNI: https://kf.kobotoolbox.org/api/v2/assets/ad7G92bXCJpMkqNXz97XDt/data/741284354/attachments/att2J7thtJPSy7wPthAFAhcD/<br>EDAD: 74<br>RAZA: Antillano<br>VARIEDAD: Choquette<br>TOTAL PLANTAS: 20<br>PLANTAS EN PRODUCCION: 0<br>AREA EN MZ: 0.25<br>ANALISIS DE SUELO: No<br>IMAGEN ANALISIS: <br>FERTILIZA: Si<br>FUMIGA: Si<br>SISTEMA DE RIEGO: No<br>TIPO DE SISTEMA: <br>AREA CON RIEGO: <br>FUENTE DE AGUA: Si<br>CAPACITACION: Si<br>REALIZA PODAS: No<br>AFILIADO A ASPAH: No<br>CREDITO: No<br>TRABAJADORES PERMANENTES: No<br>CUANTOS TP: <br>TRANBAJADORES TEMPORALES: Si<br>CUANTOS TT: 2<br>SALARIO POR DIA: 250<br>LIBRAS COSECHADAS: <br>UNIDADES COSECHADAS: 0<br>UNIDADES COSSECHADAS: <br>MESES DE COSECHA: Noviembre<br>DONDE VENDE: No he vendido aún.<br>PRECIO LIBRA: <br>PRECIO UNIDAD: 0<br>PRECIO UNNIDAD: <br>TRANSPORTE DE COSECHA: Ninguno<br>IMAGEN PRODUCTOR: https://kf.kobotoolbox.org/api/v2/assets/ad7G92bXCJpMkqNXz97XDt/data/741284354/attachments/attvJnytLAPs439PU8ds4uUY/<br>OBSERVACION: Le apoyan vecinos <br>FIRMA: https://kf.kobotoolbox.org/api/v2/assets/ad7G92bXCJpMkqNXz97XDt/data/741284354/attachments/attDsPig67aSGhUgZyK7nS2g/]]></description>
        <styleUrl>#icon-1899-FFD600</styleUrl>
        <ExtendedData>
          <Data name="﻿FECHA">
            <value>2/5/2026</value>
          </Data>
          <Data name="LATITUD">
            <value>15.0138609</value>
          </Data>
          <Data name="LONGITUD">
            <value>-87.4418776</value>
          </Data>
          <Data name="ALTITUD MSNM">
            <value>427.0</value>
          </Data>
          <Data name="DEPARTAMENTO">
            <value>Yoro</value>
          </Data>
          <Data name="MUNICIPIO">
            <value>Victoria</value>
          </Data>
          <Data name="FINCA">
            <value>Finca La Esperanza</value>
          </Data>
          <Data name="DNI">
            <value>1810-1971-00147</value>
          </Data>
          <Data name="IMAGEN DNI">
            <value>https://kf.kobotoolbox.org/api/v2/assets/ad7G92bXCJpMkqNXz97XDt/data/741284354/attachments/att2J7thtJPSy7wPthAFAhcD/</value>
          </Data>
          <Data name="EDAD">
            <value>74.0</value>
          </Data>
          <Data name="RAZA">
            <value>Antillano</value>
          </Data>
          <Data name="VARIEDAD">
            <value>Choquette</value>
          </Data>
          <Data name="TOTAL PLANTAS">
            <value>20.0</value>
          </Data>
          <Data name="PLANTAS EN PRODUCCION">
            <value>0.0</value>
          </Data>
          <Data name="AREA EN MZ">
            <value>0.25</value>
          </Data>
          <Data name="ANALISIS DE SUELO">
            <value>No</value>
          </Data>
          <Data name="IMAGEN ANALISIS">
            <value/>
          </Data>
          <Data name="FERTILIZA">
            <value>Si</value>
          </Data>
          <Data name="FUMIGA">
            <value>Si</value>
          </Data>
          <Data name="SISTEMA DE RIEGO">
            <value>No</value>
          </Data>
          <Data name="TIPO DE SISTEMA">
            <value/>
          </Data>
          <Data name="AREA CON RIEGO">
            <value/>
          </Data>
          <Data name="FUENTE DE AGUA">
            <value>Si</value>
          </Data>
          <Data name="CAPACITACION">
            <value>Si</value>
          </Data>
          <Data name="REALIZA PODAS">
            <value>No</value>
          </Data>
          <Data name="AFILIADO A ASPAH">
            <value>No</value>
          </Data>
          <Data name="CREDITO">
            <value>No</value>
          </Data>
          <Data name="TRABAJADORES PERMANENTES">
            <value>No</value>
          </Data>
          <Data name="CUANTOS TP">
            <value/>
          </Data>
          <Data name="TRANBAJADORES TEMPORALES">
            <value>Si</value>
          </Data>
          <Data name="CUANTOS TT">
            <value>2.0</value>
          </Data>
          <Data name="SALARIO POR DIA">
            <value>250.0</value>
          </Data>
          <Data name="LIBRAS COSECHADAS">
            <value/>
          </Data>
          <Data name="UNIDADES COSECHADAS">
            <value>0.0</value>
          </Data>
          <Data name="UNIDADES COSSECHADAS">
            <value/>
          </Data>
          <Data name="MESES DE COSECHA">
            <value>Noviembre</value>
          </Data>
          <Data name="DONDE VENDE">
            <value>No he vendido aún.</value>
          </Data>
          <Data name="PRECIO LIBRA">
            <value/>
          </Data>
          <Data name="PRECIO UNIDAD">
            <value>0.0</value>
          </Data>
          <Data name="PRECIO UNNIDAD">
            <value/>
          </Data>
          <Data name="TRANSPORTE DE COSECHA">
            <value>Ninguno</value>
          </Data>
          <Data name="IMAGEN PRODUCTOR">
            <value>https://kf.kobotoolbox.org/api/v2/assets/ad7G92bXCJpMkqNXz97XDt/data/741284354/attachments/attvJnytLAPs439PU8ds4uUY/</value>
          </Data>
          <Data name="OBSERVACION">
            <value>Le apoyan vecinos </value>
          </Data>
          <Data name="FIRMA">
            <value>https://kf.kobotoolbox.org/api/v2/assets/ad7G92bXCJpMkqNXz97XDt/data/741284354/attachments/attDsPig67aSGhUgZyK7nS2g/</value>
          </Data>
        </ExtendedData>
        <Point>
          <coordinates>
            -87.4418776,15.0138609,0
          </coordinates>
        </Point>
      </Placemark>
      <Placemark>
        <name>EUSTAQUIO ZELAYA MURILLO</name>
        <description><![CDATA[﻿FECHA: 2/5/2026<br>LATITUD: 15.0365363<br>LONGITUD: -87.4352826<br>ALTITUD MSNM: 650<br>DEPARTAMENTO: Yoro<br>MUNICIPIO: Victoria<br>FINCA: Finca La Guama<br>DNI: 1810-1965-00131<br>IMAGEN DNI: https://kf.kobotoolbox.org/api/v2/assets/ad7G92bXCJpMkqNXz97XDt/data/741284358/attachments/attx2UaUNKzAcYjGFHVBsGf2/<br>EDAD: 60<br>RAZA: Antillano<br>VARIEDAD: Choquette<br>TOTAL PLANTAS: 52<br>PLANTAS EN PRODUCCION: 0<br>AREA EN MZ: 0.5<br>ANALISIS DE SUELO: No<br>IMAGEN ANALISIS: <br>FERTILIZA: No<br>FUMIGA: Si<br>SISTEMA DE RIEGO: Si<br>TIPO DE SISTEMA: Sistema de riego por goteo<br>AREA CON RIEGO: 0.5<br>FUENTE DE AGUA: <br>CAPACITACION: Si<br>REALIZA PODAS: Si<br>AFILIADO A ASPAH: No<br>CREDITO: No<br>TRABAJADORES PERMANENTES: Si<br>CUANTOS TP: 2<br>TRANBAJADORES TEMPORALES: No<br>CUANTOS TT: <br>SALARIO POR DIA: 250<br>LIBRAS COSECHADAS: <br>UNIDADES COSECHADAS: 0<br>UNIDADES COSSECHADAS: <br>MESES DE COSECHA: Noviembre<br>DONDE VENDE: No he vendido aún.<br>PRECIO LIBRA: <br>PRECIO UNIDAD: 0<br>PRECIO UNNIDAD: <br>TRANSPORTE DE COSECHA: Ninguno<br>IMAGEN PRODUCTOR: https://kf.kobotoolbox.org/api/v2/assets/ad7G92bXCJpMkqNXz97XDt/data/741284358/attachments/attDPnJpP3RGrZoNxCEJQ3nz/<br>OBSERVACION: Esta por instalar sistema de riego aun le falta tubin tiene la linea de conduccion principal de 1/2 pulgada trae agua desde una quebrada por gravedad, tiene 16 plantas de 3 años y va a sembrar 36 en la foto se ve el vivero. Numero del hijo<br>FIRMA: https://kf.kobotoolbox.org/api/v2/assets/ad7G92bXCJpMkqNXz97XDt/data/741284358/attachments/attJLj7zuRWsprzYMiHeawzd/]]></description>
        <styleUrl>#icon-1899-FFD600</styleUrl>
        <ExtendedData>
          <Data name="﻿FECHA">
            <value>2/5/2026</value>
          </Data>
          <Data name="LATITUD">
            <value>15.0365363</value>
          </Data>
          <Data name="LONGITUD">
            <value>-87.4352826</value>
          </Data>
          <Data name="ALTITUD MSNM">
            <value>650.0</value>
          </Data>
          <Data name="DEPARTAMENTO">
            <value>Yoro</value>
          </Data>
          <Data name="MUNICIPIO">
            <value>Victoria</value>
          </Data>
          <Data name="FINCA">
            <value>Finca La Guama</value>
          </Data>
          <Data name="DNI">
            <value>1810-1965-00131</value>
          </Data>
          <Data name="IMAGEN DNI">
            <value>https://kf.kobotoolbox.org/api/v2/assets/ad7G92bXCJpMkqNXz97XDt/data/741284358/attachments/attx2UaUNKzAcYjGFHVBsGf2/</value>
          </Data>
          <Data name="EDAD">
            <value>60.0</value>
          </Data>
          <Data name="RAZA">
            <value>Antillano</value>
          </Data>
          <Data name="VARIEDAD">
            <value>Choquette</value>
          </Data>
          <Data name="TOTAL PLANTAS">
            <value>52.0</value>
          </Data>
          <Data name="PLANTAS EN PRODUCCION">
            <value>0.0</value>
          </Data>
          <Data name="AREA EN MZ">
            <value>0.5</value>
          </Data>
          <Data name="ANALISIS DE SUELO">
            <value>No</value>
          </Data>
          <Data name="IMAGEN ANALISIS">
            <value/>
          </Data>
          <Data name="FERTILIZA">
            <value>No</value>
          </Data>
          <Data name="FUMIGA">
            <value>Si</value>
          </Data>
          <Data name="SISTEMA DE RIEGO">
            <value>Si</value>
          </Data>
          <Data name="TIPO DE SISTEMA">
            <value>Sistema de riego por goteo</value>
          </Data>
          <Data name="AREA CON RIEGO">
            <value>0.5</value>
          </Data>
          <Data name="FUENTE DE AGUA">
            <value/>
          </Data>
          <Data name="CAPACITACION">
            <value>Si</value>
          </Data>
          <Data name="REALIZA PODAS">
            <value>Si</value>
          </Data>
          <Data name="AFILIADO A ASPAH">
            <value>No</value>
          </Data>
          <Data name="CREDITO">
            <value>No</value>
          </Data>
          <Data name="TRABAJADORES PERMANENTES">
            <value>Si</value>
          </Data>
          <Data name="CUANTOS TP">
            <value>2.0</value>
          </Data>
          <Data name="TRANBAJADORES TEMPORALES">
            <value>No</value>
          </Data>
          <Data name="CUANTOS TT">
            <value/>
          </Data>
          <Data name="SALARIO POR DIA">
            <value>250.0</value>
          </Data>
          <Data name="LIBRAS COSECHADAS">
            <value/>
          </Data>
          <Data name="UNIDADES COSECHADAS">
            <value>0.0</value>
          </Data>
          <Data name="UNIDADES COSSECHADAS">
            <value/>
          </Data>
          <Data name="MESES DE COSECHA">
            <value>Noviembre</value>
          </Data>
          <Data name="DONDE VENDE">
            <value>No he vendido aún.</value>
          </Data>
          <Data name="PRECIO LIBRA">
            <value/>
          </Data>
          <Data name="PRECIO UNIDAD">
            <value>0.0</value>
          </Data>
          <Data name="PRECIO UNNIDAD">
            <value/>
          </Data>
          <Data name="TRANSPORTE DE COSECHA">
            <value>Ninguno</value>
          </Data>
          <Data name="IMAGEN PRODUCTOR">
            <value>https://kf.kobotoolbox.org/api/v2/assets/ad7G92bXCJpMkqNXz97XDt/data/741284358/attachments/attDPnJpP3RGrZoNxCEJQ3nz/</value>
          </Data>
          <Data name="OBSERVACION">
            <value>Esta por instalar sistema de riego aun le falta tubin tiene la linea de conduccion principal de 1/2 pulgada trae agua desde una quebrada por gravedad, tiene 16 plantas de 3 años y va a sembrar 36 en la foto se ve el vivero. Numero del hijo</value>
          </Data>
          <Data name="FIRMA">
            <value>https://kf.kobotoolbox.org/api/v2/assets/ad7G92bXCJpMkqNXz97XDt/data/741284358/attachments/attJLj7zuRWsprzYMiHeawzd/</value>
          </Data>
        </ExtendedData>
        <Point>
          <coordinates>
            -87.4352826,15.0365363,0
          </coordinates>
        </Point>
      </Placemark>
      <Placemark>
        <name>SINTYA NEREYDA FIGUEROA RUBIO</name>
        <description><![CDATA[﻿FECHA: 2/5/2026<br>LATITUD: 15.0324897<br>LONGITUD: -87.4297505<br>ALTITUD MSNM: 836<br>DEPARTAMENTO: Yoro<br>MUNICIPIO: Victoria<br>FINCA: Finca <br>DNI: 1810-1987-00592<br>IMAGEN DNI: https://kf.kobotoolbox.org/api/v2/assets/ad7G92bXCJpMkqNXz97XDt/data/741286664/attachments/attce8m5nswbAwenTjY9DDC9/<br>EDAD: 38<br>RAZA: Antillano<br>VARIEDAD: Choquette Belice<br>TOTAL PLANTAS: 50<br>PLANTAS EN PRODUCCION: 40<br>AREA EN MZ: 0.5<br>ANALISIS DE SUELO: No<br>IMAGEN ANALISIS: <br>FERTILIZA: Si<br>FUMIGA: Si<br>SISTEMA DE RIEGO: Si<br>TIPO DE SISTEMA: Sistema de riego por goteo<br>AREA CON RIEGO: 0.5<br>FUENTE DE AGUA: <br>CAPACITACION: Si<br>REALIZA PODAS: Si<br>AFILIADO A ASPAH: No<br>CREDITO: No<br>TRABAJADORES PERMANENTES: No<br>CUANTOS TP: <br>TRANBAJADORES TEMPORALES: Si<br>CUANTOS TT: 4<br>SALARIO POR DIA: 250<br>LIBRAS COSECHADAS: <br>UNIDADES COSECHADAS: 1000<br>UNIDADES COSSECHADAS: <br>MESES DE COSECHA: Octubre Noviembre<br>DONDE VENDE: Mercado de la ciudad.<br>PRECIO LIBRA: <br>PRECIO UNIDAD: 18<br>PRECIO UNNIDAD: <br>TRANSPORTE DE COSECHA: Vehiculo propio<br>IMAGEN PRODUCTOR: https://kf.kobotoolbox.org/api/v2/assets/ad7G92bXCJpMkqNXz97XDt/data/741286664/attachments/attS6STekuedDCUktU2QXPcg/<br>OBSERVACION: 8 - Buen Manejo - 4 años de edad<br>FIRMA: https://kf.kobotoolbox.org/api/v2/assets/ad7G92bXCJpMkqNXz97XDt/data/741286664/attachments/attYuVGYXnDprS7HqeEGqbu2/]]></description>
        <styleUrl>#icon-1899-FFD600</styleUrl>
        <ExtendedData>
          <Data name="﻿FECHA">
            <value>2/5/2026</value>
          </Data>
          <Data name="LATITUD">
            <value>15.0324897</value>
          </Data>
          <Data name="LONGITUD">
            <value>-87.4297505</value>
          </Data>
          <Data name="ALTITUD MSNM">
            <value>836.0</value>
          </Data>
          <Data name="DEPARTAMENTO">
            <value>Yoro</value>
          </Data>
          <Data name="MUNICIPIO">
            <value>Victoria</value>
          </Data>
          <Data name="FINCA">
            <value>Finca </value>
          </Data>
          <Data name="DNI">
            <value>1810-1987-00592</value>
          </Data>
          <Data name="IMAGEN DNI">
            <value>https://kf.kobotoolbox.org/api/v2/assets/ad7G92bXCJpMkqNXz97XDt/data/741286664/attachments/attce8m5nswbAwenTjY9DDC9/</value>
          </Data>
          <Data name="EDAD">
            <value>38.0</value>
          </Data>
          <Data name="RAZA">
            <value>Antillano</value>
          </Data>
          <Data name="VARIEDAD">
            <value>Choquette Belice</value>
          </Data>
          <Data name="TOTAL PLANTAS">
            <value>50.0</value>
          </Data>
          <Data name="PLANTAS EN PRODUCCION">
            <value>40.0</value>
          </Data>
          <Data name="AREA EN MZ">
            <value>0.5</value>
          </Data>
          <Data name="ANALISIS DE SUELO">
            <value>No</value>
          </Data>
          <Data name="IMAGEN ANALISIS">
            <value/>
          </Data>
          <Data name="FERTILIZA">
            <value>Si</value>
          </Data>
          <Data name="FUMIGA">
            <value>Si</value>
          </Data>
          <Data name="SISTEMA DE RIEGO">
            <value>Si</value>
          </Data>
          <Data name="TIPO DE SISTEMA">
            <value>Sistema de riego por goteo</value>
          </Data>
          <Data name="AREA CON RIEGO">
            <value>0.5</value>
          </Data>
          <Data name="FUENTE DE AGUA">
            <value/>
          </Data>
          <Data name="CAPACITACION">
            <value>Si</value>
          </Data>
          <Data name="REALIZA PODAS">
            <value>Si</value>
          </Data>
          <Data name="AFILIADO A ASPAH">
            <value>No</value>
          </Data>
          <Data name="CREDITO">
            <value>No</value>
          </Data>
          <Data name="TRABAJADORES PERMANENTES">
            <value>No</value>
          </Data>
          <Data name="CUANTOS TP">
            <value/>
          </Data>
          <Data name="TRANBAJADORES TEMPORALES">
            <value>Si</value>
          </Data>
          <Data name="CUANTOS TT">
            <value>4.0</value>
          </Data>
          <Data name="SALARIO POR DIA">
            <value>250.0</value>
          </Data>
          <Data name="LIBRAS COSECHADAS">
            <value/>
          </Data>
          <Data name="UNIDADES COSECHADAS">
            <value>1000.0</value>
          </Data>
          <Data name="UNIDADES COSSECHADAS">
            <value/>
          </Data>
          <Data name="MESES DE COSECHA">
            <value>Octubre Noviembre</value>
          </Data>
          <Data name="DONDE VENDE">
            <value>Mercado de la ciudad.</value>
          </Data>
          <Data name="PRECIO LIBRA">
            <value/>
          </Data>
          <Data name="PRECIO UNIDAD">
            <value>18.0</value>
          </Data>
          <Data name="PRECIO UNNIDAD">
            <value/>
          </Data>
          <Data name="TRANSPORTE DE COSECHA">
            <value>Vehiculo propio</value>
          </Data>
          <Data name="IMAGEN PRODUCTOR">
            <value>https://kf.kobotoolbox.org/api/v2/assets/ad7G92bXCJpMkqNXz97XDt/data/741286664/attachments/attS6STekuedDCUktU2QXPcg/</value>
          </Data>
          <Data name="OBSERVACION">
            <value>8 - Buen Manejo - 4 años de edad</value>
          </Data>
          <Data name="FIRMA">
            <value>https://kf.kobotoolbox.org/api/v2/assets/ad7G92bXCJpMkqNXz97XDt/data/741286664/attachments/attYuVGYXnDprS7HqeEGqbu2/</value>
          </Data>
        </ExtendedData>
        <Point>
          <coordinates>
            -87.4297505,15.0324897,0
          </coordinates>
        </Point>
      </Placemark>
      <Placemark>
        <name>FAUSTO CRUZ</name>
        <description><![CDATA[﻿FECHA: 2/5/2026<br>LATITUD: 15.0290752<br>LONGITUD: -87.4447791<br>ALTITUD MSNM: 459<br>DEPARTAMENTO: Yoro<br>MUNICIPIO: Victoria<br>FINCA: Finca Brisas del Norte <br>DNI: 1810-1947-00034<br>IMAGEN DNI: https://kf.kobotoolbox.org/api/v2/assets/ad7G92bXCJpMkqNXz97XDt/data/741286683/attachments/attkTStDiQnu4WgA8Z5qDcez/<br>EDAD: 79<br>RAZA: Antillano<br>VARIEDAD: Belice Choquette<br>TOTAL PLANTAS: 54<br>PLANTAS EN PRODUCCION: 0<br>AREA EN MZ: 0.5<br>ANALISIS DE SUELO: No<br>IMAGEN ANALISIS: <br>FERTILIZA: Si<br>FUMIGA: No<br>SISTEMA DE RIEGO: Si<br>TIPO DE SISTEMA: Sistema de riego por goteo<br>AREA CON RIEGO: 0.5<br>FUENTE DE AGUA: <br>CAPACITACION: Si<br>REALIZA PODAS: Si<br>AFILIADO A ASPAH: Si<br>CREDITO: No<br>TRABAJADORES PERMANENTES: No<br>CUANTOS TP: <br>TRANBAJADORES TEMPORALES: Si<br>CUANTOS TT: 3<br>SALARIO POR DIA: 250<br>LIBRAS COSECHADAS: <br>UNIDADES COSECHADAS: 0<br>UNIDADES COSSECHADAS: <br>MESES DE COSECHA: Noviembre<br>DONDE VENDE: No he vendido aún.<br>PRECIO LIBRA: <br>PRECIO UNIDAD: 0<br>PRECIO UNNIDAD: <br>TRANSPORTE DE COSECHA: Ninguno<br>IMAGEN PRODUCTOR: https://kf.kobotoolbox.org/api/v2/assets/ad7G92bXCJpMkqNXz97XDt/data/741286683/attachments/attFGYBdMg7piVS6D4mj4k4A/<br>OBSERVACION: <br>FIRMA: https://kf.kobotoolbox.org/api/v2/assets/ad7G92bXCJpMkqNXz97XDt/data/741286683/attachments/attWevzXHYPLcKaf9AsvbQEp/]]></description>
        <styleUrl>#icon-1899-FFD600</styleUrl>
        <ExtendedData>
          <Data name="﻿FECHA">
            <value>2/5/2026</value>
          </Data>
          <Data name="LATITUD">
            <value>15.0290752</value>
          </Data>
          <Data name="LONGITUD">
            <value>-87.4447791</value>
          </Data>
          <Data name="ALTITUD MSNM">
            <value>459.0</value>
          </Data>
          <Data name="DEPARTAMENTO">
            <value>Yoro</value>
          </Data>
          <Data name="MUNICIPIO">
            <value>Victoria</value>
          </Data>
          <Data name="FINCA">
            <value>Finca Brisas del Norte </value>
          </Data>
          <Data name="DNI">
            <value>1810-1947-00034</value>
          </Data>
          <Data name="IMAGEN DNI">
            <value>https://kf.kobotoolbox.org/api/v2/assets/ad7G92bXCJpMkqNXz97XDt/data/741286683/attachments/attkTStDiQnu4WgA8Z5qDcez/</value>
          </Data>
          <Data name="EDAD">
            <value>79.0</value>
          </Data>
          <Data name="RAZA">
            <value>Antillano</value>
          </Data>
          <Data name="VARIEDAD">
            <value>Belice Choquette</value>
          </Data>
          <Data name="TOTAL PLANTAS">
            <value>54.0</value>
          </Data>
          <Data name="PLANTAS EN PRODUCCION">
            <value>0.0</value>
          </Data>
          <Data name="AREA EN MZ">
            <value>0.5</value>
          </Data>
          <Data name="ANALISIS DE SUELO">
            <value>No</value>
          </Data>
          <Data name="IMAGEN ANALISIS">
            <value/>
          </Data>
          <Data name="FERTILIZA">
            <value>Si</value>
          </Data>
          <Data name="FUMIGA">
            <value>No</value>
          </Data>
          <Data name="SISTEMA DE RIEGO">
            <value>Si</value>
          </Data>
          <Data name="TIPO DE SISTEMA">
            <value>Sistema de riego por goteo</value>
          </Data>
          <Data name="AREA CON RIEGO">
            <value>0.5</value>
          </Data>
          <Data name="FUENTE DE AGUA">
            <value/>
          </Data>
          <Data name="CAPACITACION">
            <value>Si</value>
          </Data>
          <Data name="REALIZA PODAS">
            <value>Si</value>
          </Data>
          <Data name="AFILIADO A ASPAH">
            <value>Si</value>
          </Data>
          <Data name="CREDITO">
            <value>No</value>
          </Data>
          <Data name="TRABAJADORES PERMANENTES">
            <value>No</value>
          </Data>
          <Data name="CUANTOS TP">
            <value/>
          </Data>
          <Data name="TRANBAJADORES TEMPORALES">
            <value>Si</value>
          </Data>
          <Data name="CUANTOS TT">
            <value>3.0</value>
          </Data>
          <Data name="SALARIO POR DIA">
            <value>250.0</value>
          </Data>
          <Data name="LIBRAS COSECHADAS">
            <value/>
          </Data>
          <Data name="UNIDADES COSECHADAS">
            <value>0.0</value>
          </Data>
          <Data name="UNIDADES COSSECHADAS">
            <value/>
          </Data>
          <Data name="MESES DE COSECHA">
            <value>Noviembre</value>
          </Data>
          <Data name="DONDE VENDE">
            <value>No he vendido aún.</value>
          </Data>
          <Data name="PRECIO LIBRA">
            <value/>
          </Data>
          <Data name="PRECIO UNIDAD">
            <value>0.0</value>
          </Data>
          <Data name="PRECIO UNNIDAD">
            <value/>
          </Data>
          <Data name="TRANSPORTE DE COSECHA">
            <value>Ninguno</value>
          </Data>
          <Data name="IMAGEN PRODUCTOR">
            <value>https://kf.kobotoolbox.org/api/v2/assets/ad7G92bXCJpMkqNXz97XDt/data/741286683/attachments/attFGYBdMg7piVS6D4mj4k4A/</value>
          </Data>
          <Data name="OBSERVACION">
            <value/>
          </Data>
          <Data name="FIRMA">
            <value>https://kf.kobotoolbox.org/api/v2/assets/ad7G92bXCJpMkqNXz97XDt/data/741286683/attachments/attWevzXHYPLcKaf9AsvbQEp/</value>
          </Data>
        </ExtendedData>
        <Point>
          <coordinates>
            -87.4447791,15.0290752,0
          </coordinates>
        </Point>
      </Placemark>
      <Placemark>
        <name>JOSE DE LA CRUZ CRUZ CASTRO</name>
        <description><![CDATA[﻿FECHA: 2/5/2026<br>LATITUD: 15.0281144<br>LONGITUD: -87.4440887<br>ALTITUD MSNM: 456<br>DEPARTAMENTO: Yoro<br>MUNICIPIO: Victoria<br>FINCA: Finca Brisas de Jacagua<br>DNI: 1810-1970-00167<br>IMAGEN DNI: https://kf.kobotoolbox.org/api/v2/assets/ad7G92bXCJpMkqNXz97XDt/data/741286690/attachments/attEBtuXP5u7Xk33xnuo35rf/<br>EDAD: 56<br>RAZA: Antillano<br>VARIEDAD: Choquette<br>TOTAL PLANTAS: 20<br>PLANTAS EN PRODUCCION: 10<br>AREA EN MZ: 0.25<br>ANALISIS DE SUELO: No<br>IMAGEN ANALISIS: <br>FERTILIZA: Si<br>FUMIGA: Si<br>SISTEMA DE RIEGO: No<br>TIPO DE SISTEMA: <br>AREA CON RIEGO: <br>FUENTE DE AGUA: Si<br>CAPACITACION: Si<br>REALIZA PODAS: No<br>AFILIADO A ASPAH: Si<br>CREDITO: No<br>TRABAJADORES PERMANENTES: No<br>CUANTOS TP: <br>TRANBAJADORES TEMPORALES: Si<br>CUANTOS TT: 1<br>SALARIO POR DIA: 250<br>LIBRAS COSECHADAS: <br>UNIDADES COSECHADAS: 1300<br>UNIDADES COSSECHADAS: <br>MESES DE COSECHA: Noviembre<br>DONDE VENDE: Un comprador viene a mi finca.<br>PRECIO LIBRA: <br>PRECIO UNIDAD: 12<br>PRECIO UNNIDAD: <br>TRANSPORTE DE COSECHA: Ninguno<br>IMAGEN PRODUCTOR: https://kf.kobotoolbox.org/api/v2/assets/ad7G92bXCJpMkqNXz97XDt/data/741286690/attachments/attZEjMBwrBXAAhpGzdXqgE7/<br>OBSERVACION: Le Falta tuberia para instalar riego tiene todas las condiciones <br>FIRMA: https://kf.kobotoolbox.org/api/v2/assets/ad7G92bXCJpMkqNXz97XDt/data/741286690/attachments/att9xtF5ux7DVYEig8iNirrN/]]></description>
        <styleUrl>#icon-1899-FFD600</styleUrl>
        <ExtendedData>
          <Data name="﻿FECHA">
            <value>2/5/2026</value>
          </Data>
          <Data name="LATITUD">
            <value>15.0281144</value>
          </Data>
          <Data name="LONGITUD">
            <value>-87.4440887</value>
          </Data>
          <Data name="ALTITUD MSNM">
            <value>456.0</value>
          </Data>
          <Data name="DEPARTAMENTO">
            <value>Yoro</value>
          </Data>
          <Data name="MUNICIPIO">
            <value>Victoria</value>
          </Data>
          <Data name="FINCA">
            <value>Finca Brisas de Jacagua</value>
          </Data>
          <Data name="DNI">
            <value>1810-1970-00167</value>
          </Data>
          <Data name="IMAGEN DNI">
            <value>https://kf.kobotoolbox.org/api/v2/assets/ad7G92bXCJpMkqNXz97XDt/data/741286690/attachments/attEBtuXP5u7Xk33xnuo35rf/</value>
          </Data>
          <Data name="EDAD">
            <value>56.0</value>
          </Data>
          <Data name="RAZA">
            <value>Antillano</value>
          </Data>
          <Data name="VARIEDAD">
            <value>Choquette</value>
          </Data>
          <Data name="TOTAL PLANTAS">
            <value>20.0</value>
          </Data>
          <Data name="PLANTAS EN PRODUCCION">
            <value>10.0</value>
          </Data>
          <Data name="AREA EN MZ">
            <value>0.25</value>
          </Data>
          <Data name="ANALISIS DE SUELO">
            <value>No</value>
          </Data>
          <Data name="IMAGEN ANALISIS">
            <value/>
          </Data>
          <Data name="FERTILIZA">
            <value>Si</value>
          </Data>
          <Data name="FUMIGA">
            <value>Si</value>
          </Data>
          <Data name="SISTEMA DE RIEGO">
            <value>No</value>
          </Data>
          <Data name="TIPO DE SISTEMA">
            <value/>
          </Data>
          <Data name="AREA CON RIEGO">
            <value/>
          </Data>
          <Data name="FUENTE DE AGUA">
            <value>Si</value>
          </Data>
          <Data name="CAPACITACION">
            <value>Si</value>
          </Data>
          <Data name="REALIZA PODAS">
            <value>No</value>
          </Data>
          <Data name="AFILIADO A ASPAH">
            <value>Si</value>
          </Data>
          <Data name="CREDITO">
            <value>No</value>
          </Data>
          <Data name="TRABAJADORES PERMANENTES">
            <value>No</value>
          </Data>
          <Data name="CUANTOS TP">
            <value/>
          </Data>
          <Data name="TRANBAJADORES TEMPORALES">
            <value>Si</value>
          </Data>
          <Data name="CUANTOS TT">
            <value>1.0</value>
          </Data>
          <Data name="SALARIO POR DIA">
            <value>250.0</value>
          </Data>
          <Data name="LIBRAS COSECHADAS">
            <value/>
          </Data>
          <Data name="UNIDADES COSECHADAS">
            <value>1300.0</value>
          </Data>
          <Data name="UNIDADES COSSECHADAS">
            <value/>
          </Data>
          <Data name="MESES DE COSECHA">
            <value>Noviembre</value>
          </Data>
          <Data name="DONDE VENDE">
            <value>Un comprador viene a mi finca.</value>
          </Data>
          <Data name="PRECIO LIBRA">
            <value/>
          </Data>
          <Data name="PRECIO UNIDAD">
            <value>12.0</value>
          </Data>
          <Data name="PRECIO UNNIDAD">
            <value/>
          </Data>
          <Data name="TRANSPORTE DE COSECHA">
            <value>Ninguno</value>
          </Data>
          <Data name="IMAGEN PRODUCTOR">
            <value>https://kf.kobotoolbox.org/api/v2/assets/ad7G92bXCJpMkqNXz97XDt/data/741286690/attachments/attZEjMBwrBXAAhpGzdXqgE7/</value>
          </Data>
          <Data name="OBSERVACION">
            <value>Le Falta tuberia para instalar riego tiene todas las condiciones </value>
          </Data>
          <Data name="FIRMA">
            <value>https://kf.kobotoolbox.org/api/v2/assets/ad7G92bXCJpMkqNXz97XDt/data/741286690/attachments/att9xtF5ux7DVYEig8iNirrN/</value>
          </Data>
        </ExtendedData>
        <Point>
          <coordinates>
            -87.4440887,15.0281144,0
          </coordinates>
        </Point>
      </Placemark>
      <Placemark>
        <name>JAVIER ALEXANDER CRUZ CASTRO </name>
        <description><![CDATA[﻿FECHA: 2/5/2026<br>LATITUD: 15.03032<br>LONGITUD: -87.445958<br>ALTITUD MSNM: 459<br>DEPARTAMENTO: Yoro<br>MUNICIPIO: Victoria<br>FINCA: Finca Cupertino<br>DNI: 1810-1982-00161<br>IMAGEN DNI: https://kf.kobotoolbox.org/api/v2/assets/ad7G92bXCJpMkqNXz97XDt/data/741286695/attachments/atteAWSu2AzVJkeNyDhMCvYk/<br>EDAD: 43<br>RAZA: Antillano<br>VARIEDAD: Choquette Belice<br>TOTAL PLANTAS: 22<br>PLANTAS EN PRODUCCION: 15<br>AREA EN MZ: 0.5<br>ANALISIS DE SUELO: No<br>IMAGEN ANALISIS: <br>FERTILIZA: Si<br>FUMIGA: No<br>SISTEMA DE RIEGO: Si<br>TIPO DE SISTEMA: Sistema de riego superficial<br>AREA CON RIEGO: 0.5<br>FUENTE DE AGUA: <br>CAPACITACION: No<br>REALIZA PODAS: Si<br>AFILIADO A ASPAH: No<br>CREDITO: No<br>TRABAJADORES PERMANENTES: No<br>CUANTOS TP: <br>TRANBAJADORES TEMPORALES: Si<br>CUANTOS TT: 2<br>SALARIO POR DIA: 200<br>LIBRAS COSECHADAS: <br>UNIDADES COSECHADAS: 700<br>UNIDADES COSSECHADAS: <br>MESES DE COSECHA: Noviembre<br>DONDE VENDE: Un comprador viene a mi finca.<br>PRECIO LIBRA: <br>PRECIO UNIDAD: 9<br>PRECIO UNNIDAD: <br>TRANSPORTE DE COSECHA: Ninguno<br>IMAGEN PRODUCTOR: https://kf.kobotoolbox.org/api/v2/assets/ad7G92bXCJpMkqNXz97XDt/data/741286695/attachments/attAqiDH7DLAWFWafdNnaK83/<br>OBSERVACION: <br>FIRMA: https://kf.kobotoolbox.org/api/v2/assets/ad7G92bXCJpMkqNXz97XDt/data/741286695/attachments/attiD2p8VbjANtE9wcZV5fMC/]]></description>
        <styleUrl>#icon-1899-FFD600</styleUrl>
        <ExtendedData>
          <Data name="﻿FECHA">
            <value>2/5/2026</value>
          </Data>
          <Data name="LATITUD">
            <value>15.03032</value>
          </Data>
          <Data name="LONGITUD">
            <value>-87.445958</value>
          </Data>
          <Data name="ALTITUD MSNM">
            <value>459.0</value>
          </Data>
          <Data name="DEPARTAMENTO">
            <value>Yoro</value>
          </Data>
          <Data name="MUNICIPIO">
            <value>Victoria</value>
          </Data>
          <Data name="FINCA">
            <value>Finca Cupertino</value>
          </Data>
          <Data name="DNI">
            <value>1810-1982-00161</value>
          </Data>
          <Data name="IMAGEN DNI">
            <value>https://kf.kobotoolbox.org/api/v2/assets/ad7G92bXCJpMkqNXz97XDt/data/741286695/attachments/atteAWSu2AzVJkeNyDhMCvYk/</value>
          </Data>
          <Data name="EDAD">
            <value>43.0</value>
          </Data>
          <Data name="RAZA">
            <value>Antillano</value>
          </Data>
          <Data name="VARIEDAD">
            <value>Choquette Belice</value>
          </Data>
          <Data name="TOTAL PLANTAS">
            <value>22.0</value>
          </Data>
          <Data name="PLANTAS EN PRODUCCION">
            <value>15.0</value>
          </Data>
          <Data name="AREA EN MZ">
            <value>0.5</value>
          </Data>
          <Data name="ANALISIS DE SUELO">
            <value>No</value>
          </Data>
          <Data name="IMAGEN ANALISIS">
            <value/>
          </Data>
          <Data name="FERTILIZA">
            <value>Si</value>
          </Data>
          <Data name="FUMIGA">
            <value>No</value>
          </Data>
          <Data name="SISTEMA DE RIEGO">
            <value>Si</value>
          </Data>
          <Data name="TIPO DE SISTEMA">
            <value>Sistema de riego superficial</value>
          </Data>
          <Data name="AREA CON RIEGO">
            <value>0.5</value>
          </Data>
          <Data name="FUENTE DE AGUA">
            <value/>
          </Data>
          <Data name="CAPACITACION">
            <value>No</value>
          </Data>
          <Data name="REALIZA PODAS">
            <value>Si</value>
          </Data>
          <Data name="AFILIADO A ASPAH">
            <value>No</value>
          </Data>
          <Data name="CREDITO">
            <value>No</value>
          </Data>
          <Data name="TRABAJADORES PERMANENTES">
            <value>No</value>
          </Data>
          <Data name="CUANTOS TP">
            <value/>
          </Data>
          <Data name="TRANBAJADORES TEMPORALES">
            <value>Si</value>
          </Data>
          <Data name="CUANTOS TT">
            <value>2.0</value>
          </Data>
          <Data name="SALARIO POR DIA">
            <value>200.0</value>
          </Data>
          <Data name="LIBRAS COSECHADAS">
            <value/>
          </Data>
          <Data name="UNIDADES COSECHADAS">
            <value>700.0</value>
          </Data>
          <Data name="UNIDADES COSSECHADAS">
            <value/>
          </Data>
          <Data name="MESES DE COSECHA">
            <value>Noviembre</value>
          </Data>
          <Data name="DONDE VENDE">
            <value>Un comprador viene a mi finca.</value>
          </Data>
          <Data name="PRECIO LIBRA">
            <value/>
          </Data>
          <Data name="PRECIO UNIDAD">
            <value>9.0</value>
          </Data>
          <Data name="PRECIO UNNIDAD">
            <value/>
          </Data>
          <Data name="TRANSPORTE DE COSECHA">
            <value>Ninguno</value>
          </Data>
          <Data name="IMAGEN PRODUCTOR">
            <value>https://kf.kobotoolbox.org/api/v2/assets/ad7G92bXCJpMkqNXz97XDt/data/741286695/attachments/attAqiDH7DLAWFWafdNnaK83/</value>
          </Data>
          <Data name="OBSERVACION">
            <value/>
          </Data>
          <Data name="FIRMA">
            <value>https://kf.kobotoolbox.org/api/v2/assets/ad7G92bXCJpMkqNXz97XDt/data/741286695/attachments/attiD2p8VbjANtE9wcZV5fMC/</value>
          </Data>
        </ExtendedData>
        <Point>
          <coordinates>
            -87.445958,15.03032,0
          </coordinates>
        </Point>
      </Placemark>
      <Placemark>
        <name>JOSE EDUARDO MARTÍNEZ CASTRO </name>
        <description><![CDATA[﻿FECHA: 2/5/2026<br>LATITUD: 15.0266089<br>LONGITUD: -87.4470541<br>ALTITUD MSNM: 458<br>DEPARTAMENTO: Yoro<br>MUNICIPIO: Victoria<br>FINCA: Finca los cocos<br>DNI: 1810-1968-00240<br>IMAGEN DNI: https://kf.kobotoolbox.org/api/v2/assets/ad7G92bXCJpMkqNXz97XDt/data/741286699/attachments/attXU4U6UnuVGioJrhwEaG5a/<br>EDAD: 58<br>RAZA: Antillano<br>VARIEDAD: Choquette Belice<br>TOTAL PLANTAS: 52<br>PLANTAS EN PRODUCCION: 45<br>AREA EN MZ: 0.75<br>ANALISIS DE SUELO: No<br>IMAGEN ANALISIS: <br>FERTILIZA: Si<br>FUMIGA: No<br>SISTEMA DE RIEGO: Si<br>TIPO DE SISTEMA: Sistema de riego por goteo<br>AREA CON RIEGO: 0.75<br>FUENTE DE AGUA: <br>CAPACITACION: No<br>REALIZA PODAS: No<br>AFILIADO A ASPAH: No<br>CREDITO: No<br>TRABAJADORES PERMANENTES: No<br>CUANTOS TP: <br>TRANBAJADORES TEMPORALES: Si<br>CUANTOS TT: 2<br>SALARIO POR DIA: 250<br>LIBRAS COSECHADAS: <br>UNIDADES COSECHADAS: 4500<br>UNIDADES COSSECHADAS: <br>MESES DE COSECHA: Agosto Octubre Noviembre<br>DONDE VENDE: Un comprador viene a mi finca.<br>PRECIO LIBRA: <br>PRECIO UNIDAD: 10<br>PRECIO UNNIDAD: <br>TRANSPORTE DE COSECHA: Ninguno<br>IMAGEN PRODUCTOR: https://kf.kobotoolbox.org/api/v2/assets/ad7G92bXCJpMkqNXz97XDt/data/741286699/attachments/attpc96t3dGAHUewnopHecii/<br>OBSERVACION: Tiene tuberia principal y le faltan las áreas de riego en plantas <br>FIRMA: https://kf.kobotoolbox.org/api/v2/assets/ad7G92bXCJpMkqNXz97XDt/data/741286699/attachments/attQoVdLPiDsUC7mkUauMzn8/]]></description>
        <styleUrl>#icon-1899-FFD600</styleUrl>
        <ExtendedData>
          <Data name="﻿FECHA">
            <value>2/5/2026</value>
          </Data>
          <Data name="LATITUD">
            <value>15.0266089</value>
          </Data>
          <Data name="LONGITUD">
            <value>-87.4470541</value>
          </Data>
          <Data name="ALTITUD MSNM">
            <value>458.0</value>
          </Data>
          <Data name="DEPARTAMENTO">
            <value>Yoro</value>
          </Data>
          <Data name="MUNICIPIO">
            <value>Victoria</value>
          </Data>
          <Data name="FINCA">
            <value>Finca los cocos</value>
          </Data>
          <Data name="DNI">
            <value>1810-1968-00240</value>
          </Data>
          <Data name="IMAGEN DNI">
            <value>https://kf.kobotoolbox.org/api/v2/assets/ad7G92bXCJpMkqNXz97XDt/data/741286699/attachments/attXU4U6UnuVGioJrhwEaG5a/</value>
          </Data>
          <Data name="EDAD">
            <value>58.0</value>
          </Data>
          <Data name="RAZA">
            <value>Antillano</value>
          </Data>
          <Data name="VARIEDAD">
            <value>Choquette Belice</value>
          </Data>
          <Data name="TOTAL PLANTAS">
            <value>52.0</value>
          </Data>
          <Data name="PLANTAS EN PRODUCCION">
            <value>45.0</value>
          </Data>
          <Data name="AREA EN MZ">
            <value>0.75</value>
          </Data>
          <Data name="ANALISIS DE SUELO">
            <value>No</value>
          </Data>
          <Data name="IMAGEN ANALISIS">
            <value/>
          </Data>
          <Data name="FERTILIZA">
            <value>Si</value>
          </Data>
          <Data name="FUMIGA">
            <value>No</value>
          </Data>
          <Data name="SISTEMA DE RIEGO">
            <value>Si</value>
          </Data>
          <Data name="TIPO DE SISTEMA">
            <value>Sistema de riego por goteo</value>
          </Data>
          <Data name="AREA CON RIEGO">
            <value>0.75</value>
          </Data>
          <Data name="FUENTE DE AGUA">
            <value/>
          </Data>
          <Data name="CAPACITACION">
            <value>No</value>
          </Data>
          <Data name="REALIZA PODAS">
            <value>No</value>
          </Data>
          <Data name="AFILIADO A ASPAH">
            <value>No</value>
          </Data>
          <Data name="CREDITO">
            <value>No</value>
          </Data>
          <Data name="TRABAJADORES PERMANENTES">
            <value>No</value>
          </Data>
          <Data name="CUANTOS TP">
            <value/>
          </Data>
          <Data name="TRANBAJADORES TEMPORALES">
            <value>Si</value>
          </Data>
          <Data name="CUANTOS TT">
            <value>2.0</value>
          </Data>
          <Data name="SALARIO POR DIA">
            <value>250.0</value>
          </Data>
          <Data name="LIBRAS COSECHADAS">
            <value/>
          </Data>
          <Data name="UNIDADES COSECHADAS">
            <value>4500.0</value>
          </Data>
          <Data name="UNIDADES COSSECHADAS">
            <value/>
          </Data>
          <Data name="MESES DE COSECHA">
            <value>Agosto Octubre Noviembre</value>
          </Data>
          <Data name="DONDE VENDE">
            <value>Un comprador viene a mi finca.</value>
          </Data>
          <Data name="PRECIO LIBRA">
            <value/>
          </Data>
          <Data name="PRECIO UNIDAD">
            <value>10.0</value>
          </Data>
          <Data name="PRECIO UNNIDAD">
            <value/>
          </Data>
          <Data name="TRANSPORTE DE COSECHA">
            <value>Ninguno</value>
          </Data>
          <Data name="IMAGEN PRODUCTOR">
            <value>https://kf.kobotoolbox.org/api/v2/assets/ad7G92bXCJpMkqNXz97XDt/data/741286699/attachments/attpc96t3dGAHUewnopHecii/</value>
          </Data>
          <Data name="OBSERVACION">
            <value>Tiene tuberia principal y le faltan las áreas de riego en plantas </value>
          </Data>
          <Data name="FIRMA">
            <value>https://kf.kobotoolbox.org/api/v2/assets/ad7G92bXCJpMkqNXz97XDt/data/741286699/attachments/attQoVdLPiDsUC7mkUauMzn8/</value>
          </Data>
        </ExtendedData>
        <Point>
          <coordinates>
            -87.4470541,15.0266089,0
          </coordinates>
        </Point>
      </Placemark>
      <Placemark>
        <name>JORGE ARMANDO MURILLO CRUZ </name>
        <description><![CDATA[﻿FECHA: 2/5/2026<br>LATITUD: 15.0105751<br>LONGITUD: -87.4300209<br>ALTITUD MSNM: 527<br>DEPARTAMENTO: Yoro<br>MUNICIPIO: Victoria<br>FINCA: Finca el calentuche<br>DNI: 1810-1961-00074<br>IMAGEN DNI: https://kf.kobotoolbox.org/api/v2/assets/ad7G92bXCJpMkqNXz97XDt/data/741286704/attachments/attDWCLvAgnAT3925CTBHf8f/<br>EDAD: 65<br>RAZA: Antillano<br>VARIEDAD: Choquette Belice<br>TOTAL PLANTAS: 56<br>PLANTAS EN PRODUCCION: 38<br>AREA EN MZ: 0.75<br>ANALISIS DE SUELO: No<br>IMAGEN ANALISIS: <br>FERTILIZA: Si<br>FUMIGA: Si<br>SISTEMA DE RIEGO: Si<br>TIPO DE SISTEMA: Sistema de riego por goteo<br>AREA CON RIEGO: 0.75<br>FUENTE DE AGUA: <br>CAPACITACION: No<br>REALIZA PODAS: Si<br>AFILIADO A ASPAH: No<br>CREDITO: No<br>TRABAJADORES PERMANENTES: No<br>CUANTOS TP: <br>TRANBAJADORES TEMPORALES: Si<br>CUANTOS TT: 2<br>SALARIO POR DIA: 250<br>LIBRAS COSECHADAS: <br>UNIDADES COSECHADAS: 3500<br>UNIDADES COSSECHADAS: <br>MESES DE COSECHA: Noviembre Diciembre<br>DONDE VENDE: Un comprador viene a mi finca.<br>PRECIO LIBRA: <br>PRECIO UNIDAD: 8<br>PRECIO UNNIDAD: <br>TRANSPORTE DE COSECHA: Ninguno<br>IMAGEN PRODUCTOR: https://kf.kobotoolbox.org/api/v2/assets/ad7G92bXCJpMkqNXz97XDt/data/741286704/attachments/attxJdL4n7krMbYiZ2zqtvFH/<br>OBSERVACION: <br>FIRMA: https://kf.kobotoolbox.org/api/v2/assets/ad7G92bXCJpMkqNXz97XDt/data/741286704/attachments/attpfkwt667Qupp9NFvLmDaQ/]]></description>
        <styleUrl>#icon-1899-FFD600</styleUrl>
        <ExtendedData>
          <Data name="﻿FECHA">
            <value>2/5/2026</value>
          </Data>
          <Data name="LATITUD">
            <value>15.0105751</value>
          </Data>
          <Data name="LONGITUD">
            <value>-87.4300209</value>
          </Data>
          <Data name="ALTITUD MSNM">
            <value>527.0</value>
          </Data>
          <Data name="DEPARTAMENTO">
            <value>Yoro</value>
          </Data>
          <Data name="MUNICIPIO">
            <value>Victoria</value>
          </Data>
          <Data name="FINCA">
            <value>Finca el calentuche</value>
          </Data>
          <Data name="DNI">
            <value>1810-1961-00074</value>
          </Data>
          <Data name="IMAGEN DNI">
            <value>https://kf.kobotoolbox.org/api/v2/assets/ad7G92bXCJpMkqNXz97XDt/data/741286704/attachments/attDWCLvAgnAT3925CTBHf8f/</value>
          </Data>
          <Data name="EDAD">
            <value>65.0</value>
          </Data>
          <Data name="RAZA">
            <value>Antillano</value>
          </Data>
          <Data name="VARIEDAD">
            <value>Choquette Belice</value>
          </Data>
          <Data name="TOTAL PLANTAS">
            <value>56.0</value>
          </Data>
          <Data name="PLANTAS EN PRODUCCION">
            <value>38.0</value>
          </Data>
          <Data name="AREA EN MZ">
            <value>0.75</value>
          </Data>
          <Data name="ANALISIS DE SUELO">
            <value>No</value>
          </Data>
          <Data name="IMAGEN ANALISIS">
            <value/>
          </Data>
          <Data name="FERTILIZA">
            <value>Si</value>
          </Data>
          <Data name="FUMIGA">
            <value>Si</value>
          </Data>
          <Data name="SISTEMA DE RIEGO">
            <value>Si</value>
          </Data>
          <Data name="TIPO DE SISTEMA">
            <value>Sistema de riego por goteo</value>
          </Data>
          <Data name="AREA CON RIEGO">
            <value>0.75</value>
          </Data>
          <Data name="FUENTE DE AGUA">
            <value/>
          </Data>
          <Data name="CAPACITACION">
            <value>No</value>
          </Data>
          <Data name="REALIZA PODAS">
            <value>Si</value>
          </Data>
          <Data name="AFILIADO A ASPAH">
            <value>No</value>
          </Data>
          <Data name="CREDITO">
            <value>No</value>
          </Data>
          <Data name="TRABAJADORES PERMANENTES">
            <value>No</value>
          </Data>
          <Data name="CUANTOS TP">
            <value/>
          </Data>
          <Data name="TRANBAJADORES TEMPORALES">
            <value>Si</value>
          </Data>
          <Data name="CUANTOS TT">
            <value>2.0</value>
          </Data>
          <Data name="SALARIO POR DIA">
            <value>250.0</value>
          </Data>
          <Data name="LIBRAS COSECHADAS">
            <value/>
          </Data>
          <Data name="UNIDADES COSECHADAS">
            <value>3500.0</value>
          </Data>
          <Data name="UNIDADES COSSECHADAS">
            <value/>
          </Data>
          <Data name="MESES DE COSECHA">
            <value>Noviembre Diciembre</value>
          </Data>
          <Data name="DONDE VENDE">
            <value>Un comprador viene a mi finca.</value>
          </Data>
          <Data name="PRECIO LIBRA">
            <value/>
          </Data>
          <Data name="PRECIO UNIDAD">
            <value>8.0</value>
          </Data>
          <Data name="PRECIO UNNIDAD">
            <value/>
          </Data>
          <Data name="TRANSPORTE DE COSECHA">
            <value>Ninguno</value>
          </Data>
          <Data name="IMAGEN PRODUCTOR">
            <value>https://kf.kobotoolbox.org/api/v2/assets/ad7G92bXCJpMkqNXz97XDt/data/741286704/attachments/attxJdL4n7krMbYiZ2zqtvFH/</value>
          </Data>
          <Data name="OBSERVACION">
            <value/>
          </Data>
          <Data name="FIRMA">
            <value>https://kf.kobotoolbox.org/api/v2/assets/ad7G92bXCJpMkqNXz97XDt/data/741286704/attachments/attpfkwt667Qupp9NFvLmDaQ/</value>
          </Data>
        </ExtendedData>
        <Point>
          <coordinates>
            -87.4300209,15.0105751,0
          </coordinates>
        </Point>
      </Placemark>
      <Placemark>
        <name>JOSE WILFREDO MENCIA ZELAYA</name>
        <description><![CDATA[﻿FECHA: 2/5/2026<br>LATITUD: 15.0059184<br>LONGITUD: -87.434976<br>ALTITUD MSNM: 441<br>DEPARTAMENTO: Yoro<br>MUNICIPIO: Victoria<br>FINCA: Finca MC<br>DNI: 1810-1965-00292<br>IMAGEN DNI: https://kf.kobotoolbox.org/api/v2/assets/ad7G92bXCJpMkqNXz97XDt/data/741286707/attachments/att6Ntg6q7wARTpQk2pPeEzG/<br>EDAD: 60<br>RAZA: Antillano<br>VARIEDAD: Choquette<br>TOTAL PLANTAS: 40<br>PLANTAS EN PRODUCCION: 20<br>AREA EN MZ: 0.5<br>ANALISIS DE SUELO: No<br>IMAGEN ANALISIS: <br>FERTILIZA: Si<br>FUMIGA: No<br>SISTEMA DE RIEGO: Si<br>TIPO DE SISTEMA: Sistema de riego por micro-aspersion<br>AREA CON RIEGO: 0.5<br>FUENTE DE AGUA: <br>CAPACITACION: Si<br>REALIZA PODAS: Si<br>AFILIADO A ASPAH: No<br>CREDITO: No<br>TRABAJADORES PERMANENTES: No<br>CUANTOS TP: <br>TRANBAJADORES TEMPORALES: Si<br>CUANTOS TT: 3<br>SALARIO POR DIA: 250<br>LIBRAS COSECHADAS: <br>UNIDADES COSECHADAS: 4000<br>UNIDADES COSSECHADAS: <br>MESES DE COSECHA: Julio Agosto Noviembre<br>DONDE VENDE: Un comprador viene a mi finca.<br>PRECIO LIBRA: <br>PRECIO UNIDAD: 10<br>PRECIO UNNIDAD: <br>TRANSPORTE DE COSECHA: Ninguno<br>IMAGEN PRODUCTOR: https://kf.kobotoolbox.org/api/v2/assets/ad7G92bXCJpMkqNXz97XDt/data/741286707/attachments/att4J5hcLV9bPqzdbEWoymzL/<br>OBSERVACION: Esta cultivando mas plantas<br>FIRMA: https://kf.kobotoolbox.org/api/v2/assets/ad7G92bXCJpMkqNXz97XDt/data/741286707/attachments/attfnQc7F9byesBnHu3AwA77/]]></description>
        <styleUrl>#icon-1899-FFD600</styleUrl>
        <ExtendedData>
          <Data name="﻿FECHA">
            <value>2/5/2026</value>
          </Data>
          <Data name="LATITUD">
            <value>15.0059184</value>
          </Data>
          <Data name="LONGITUD">
            <value>-87.434976</value>
          </Data>
          <Data name="ALTITUD MSNM">
            <value>441.0</value>
          </Data>
          <Data name="DEPARTAMENTO">
            <value>Yoro</value>
          </Data>
          <Data name="MUNICIPIO">
            <value>Victoria</value>
          </Data>
          <Data name="FINCA">
            <value>Finca MC</value>
          </Data>
          <Data name="DNI">
            <value>1810-1965-00292</value>
          </Data>
          <Data name="IMAGEN DNI">
            <value>https://kf.kobotoolbox.org/api/v2/assets/ad7G92bXCJpMkqNXz97XDt/data/741286707/attachments/att6Ntg6q7wARTpQk2pPeEzG/</value>
          </Data>
          <Data name="EDAD">
            <value>60.0</value>
          </Data>
          <Data name="RAZA">
            <value>Antillano</value>
          </Data>
          <Data name="VARIEDAD">
            <value>Choquette</value>
          </Data>
          <Data name="TOTAL PLANTAS">
            <value>40.0</value>
          </Data>
          <Data name="PLANTAS EN PRODUCCION">
            <value>20.0</value>
          </Data>
          <Data name="AREA EN MZ">
            <value>0.5</value>
          </Data>
          <Data name="ANALISIS DE SUELO">
            <value>No</value>
          </Data>
          <Data name="IMAGEN ANALISIS">
            <value/>
          </Data>
          <Data name="FERTILIZA">
            <value>Si</value>
          </Data>
          <Data name="FUMIGA">
            <value>No</value>
          </Data>
          <Data name="SISTEMA DE RIEGO">
            <value>Si</value>
          </Data>
          <Data name="TIPO DE SISTEMA">
            <value>Sistema de riego por micro-aspersion</value>
          </Data>
          <Data name="AREA CON RIEGO">
            <value>0.5</value>
          </Data>
          <Data name="FUENTE DE AGUA">
            <value/>
          </Data>
          <Data name="CAPACITACION">
            <value>Si</value>
          </Data>
          <Data name="REALIZA PODAS">
            <value>Si</value>
          </Data>
          <Data name="AFILIADO A ASPAH">
            <value>No</value>
          </Data>
          <Data name="CREDITO">
            <value>No</value>
          </Data>
          <Data name="TRABAJADORES PERMANENTES">
            <value>No</value>
          </Data>
          <Data name="CUANTOS TP">
            <value/>
          </Data>
          <Data name="TRANBAJADORES TEMPORALES">
            <value>Si</value>
          </Data>
          <Data name="CUANTOS TT">
            <value>3.0</value>
          </Data>
          <Data name="SALARIO POR DIA">
            <value>250.0</value>
          </Data>
          <Data name="LIBRAS COSECHADAS">
            <value/>
          </Data>
          <Data name="UNIDADES COSECHADAS">
            <value>4000.0</value>
          </Data>
          <Data name="UNIDADES COSSECHADAS">
            <value/>
          </Data>
          <Data name="MESES DE COSECHA">
            <value>Julio Agosto Noviembre</value>
          </Data>
          <Data name="DONDE VENDE">
            <value>Un comprador viene a mi finca.</value>
          </Data>
          <Data name="PRECIO LIBRA">
            <value/>
          </Data>
          <Data name="PRECIO UNIDAD">
            <value>10.0</value>
          </Data>
          <Data name="PRECIO UNNIDAD">
            <value/>
          </Data>
          <Data name="TRANSPORTE DE COSECHA">
            <value>Ninguno</value>
          </Data>
          <Data name="IMAGEN PRODUCTOR">
            <value>https://kf.kobotoolbox.org/api/v2/assets/ad7G92bXCJpMkqNXz97XDt/data/741286707/attachments/att4J5hcLV9bPqzdbEWoymzL/</value>
          </Data>
          <Data name="OBSERVACION">
            <value>Esta cultivando mas plantas</value>
          </Data>
          <Data name="FIRMA">
            <value>https://kf.kobotoolbox.org/api/v2/assets/ad7G92bXCJpMkqNXz97XDt/data/741286707/attachments/attfnQc7F9byesBnHu3AwA77/</value>
          </Data>
        </ExtendedData>
        <Point>
          <coordinates>
            -87.434976,15.0059184,0
          </coordinates>
        </Point>
      </Placemark>
      <Placemark>
        <name>RONAL NOE BUSTILLO VELASQUEZ</name>
        <description><![CDATA[﻿FECHA: 2/5/2026<br>LATITUD: 15.0107166<br>LONGITUD: -87.4389449<br>ALTITUD MSNM: 422<br>DEPARTAMENTO: Yoro<br>MUNICIPIO: Victoria<br>FINCA: Finca Temepechin<br>DNI: 1810-1963-00265<br>IMAGEN DNI: https://kf.kobotoolbox.org/api/v2/assets/ad7G92bXCJpMkqNXz97XDt/data/741286711/attachments/attiXYYLtFZkeFu6ug9JxxNE/<br>EDAD: 64<br>RAZA: Antillano<br>VARIEDAD: Choquette<br>TOTAL PLANTAS: 30<br>PLANTAS EN PRODUCCION: 22<br>AREA EN MZ: 0.5<br>ANALISIS DE SUELO: No<br>IMAGEN ANALISIS: <br>FERTILIZA: Si<br>FUMIGA: Si<br>SISTEMA DE RIEGO: Si<br>TIPO DE SISTEMA: Sistema de riego por micro-aspersion<br>AREA CON RIEGO: 0.5<br>FUENTE DE AGUA: <br>CAPACITACION: Si<br>REALIZA PODAS: Si<br>AFILIADO A ASPAH: No<br>CREDITO: No<br>TRABAJADORES PERMANENTES: No<br>CUANTOS TP: <br>TRANBAJADORES TEMPORALES: Si<br>CUANTOS TT: 2<br>SALARIO POR DIA: 250<br>LIBRAS COSECHADAS: <br>UNIDADES COSECHADAS: 2500<br>UNIDADES COSSECHADAS: <br>MESES DE COSECHA: Noviembre Diciembre<br>DONDE VENDE: Un comprador viene a mi finca.<br>PRECIO LIBRA: <br>PRECIO UNIDAD: 9<br>PRECIO UNNIDAD: <br>TRANSPORTE DE COSECHA: Ninguno<br>IMAGEN PRODUCTOR: https://kf.kobotoolbox.org/api/v2/assets/ad7G92bXCJpMkqNXz97XDt/data/741286711/attachments/attgdrjjnKDQoZRyV8e6yyTz/<br>OBSERVACION: <br>FIRMA: https://kf.kobotoolbox.org/api/v2/assets/ad7G92bXCJpMkqNXz97XDt/data/741286711/attachments/attTFH6Pi5EMPMjAZkTHDSSU/]]></description>
        <styleUrl>#icon-1899-FFD600</styleUrl>
        <ExtendedData>
          <Data name="﻿FECHA">
            <value>2/5/2026</value>
          </Data>
          <Data name="LATITUD">
            <value>15.0107166</value>
          </Data>
          <Data name="LONGITUD">
            <value>-87.4389449</value>
          </Data>
          <Data name="ALTITUD MSNM">
            <value>422.0</value>
          </Data>
          <Data name="DEPARTAMENTO">
            <value>Yoro</value>
          </Data>
          <Data name="MUNICIPIO">
            <value>Victoria</value>
          </Data>
          <Data name="FINCA">
            <value>Finca Temepechin</value>
          </Data>
          <Data name="DNI">
            <value>1810-1963-00265</value>
          </Data>
          <Data name="IMAGEN DNI">
            <value>https://kf.kobotoolbox.org/api/v2/assets/ad7G92bXCJpMkqNXz97XDt/data/741286711/attachments/attiXYYLtFZkeFu6ug9JxxNE/</value>
          </Data>
          <Data name="EDAD">
            <value>64.0</value>
          </Data>
          <Data name="RAZA">
            <value>Antillano</value>
          </Data>
          <Data name="VARIEDAD">
            <value>Choquette</value>
          </Data>
          <Data name="TOTAL PLANTAS">
            <value>30.0</value>
          </Data>
          <Data name="PLANTAS EN PRODUCCION">
            <value>22.0</value>
          </Data>
          <Data name="AREA EN MZ">
            <value>0.5</value>
          </Data>
          <Data name="ANALISIS DE SUELO">
            <value>No</value>
          </Data>
          <Data name="IMAGEN ANALISIS">
            <value/>
          </Data>
          <Data name="FERTILIZA">
            <value>Si</value>
          </Data>
          <Data name="FUMIGA">
            <value>Si</value>
          </Data>
          <Data name="SISTEMA DE RIEGO">
            <value>Si</value>
          </Data>
          <Data name="TIPO DE SISTEMA">
            <value>Sistema de riego por micro-aspersion</value>
          </Data>
          <Data name="AREA CON RIEGO">
            <value>0.5</value>
          </Data>
          <Data name="FUENTE DE AGUA">
            <value/>
          </Data>
          <Data name="CAPACITACION">
            <value>Si</value>
          </Data>
          <Data name="REALIZA PODAS">
            <value>Si</value>
          </Data>
          <Data name="AFILIADO A ASPAH">
            <value>No</value>
          </Data>
          <Data name="CREDITO">
            <value>No</value>
          </Data>
          <Data name="TRABAJADORES PERMANENTES">
            <value>No</value>
          </Data>
          <Data name="CUANTOS TP">
            <value/>
          </Data>
          <Data name="TRANBAJADORES TEMPORALES">
            <value>Si</value>
          </Data>
          <Data name="CUANTOS TT">
            <value>2.0</value>
          </Data>
          <Data name="SALARIO POR DIA">
            <value>250.0</value>
          </Data>
          <Data name="LIBRAS COSECHADAS">
            <value/>
          </Data>
          <Data name="UNIDADES COSECHADAS">
            <value>2500.0</value>
          </Data>
          <Data name="UNIDADES COSSECHADAS">
            <value/>
          </Data>
          <Data name="MESES DE COSECHA">
            <value>Noviembre Diciembre</value>
          </Data>
          <Data name="DONDE VENDE">
            <value>Un comprador viene a mi finca.</value>
          </Data>
          <Data name="PRECIO LIBRA">
            <value/>
          </Data>
          <Data name="PRECIO UNIDAD">
            <value>9.0</value>
          </Data>
          <Data name="PRECIO UNNIDAD">
            <value/>
          </Data>
          <Data name="TRANSPORTE DE COSECHA">
            <value>Ninguno</value>
          </Data>
          <Data name="IMAGEN PRODUCTOR">
            <value>https://kf.kobotoolbox.org/api/v2/assets/ad7G92bXCJpMkqNXz97XDt/data/741286711/attachments/attgdrjjnKDQoZRyV8e6yyTz/</value>
          </Data>
          <Data name="OBSERVACION">
            <value/>
          </Data>
          <Data name="FIRMA">
            <value>https://kf.kobotoolbox.org/api/v2/assets/ad7G92bXCJpMkqNXz97XDt/data/741286711/attachments/attTFH6Pi5EMPMjAZkTHDSSU/</value>
          </Data>
        </ExtendedData>
        <Point>
          <coordinates>
            -87.4389449,15.0107166,0
          </coordinates>
        </Point>
      </Placemark>
      <Placemark>
        <name>ELIGIO FLORES FLORES </name>
        <description><![CDATA[﻿FECHA: 2/5/2026<br>LATITUD: 14.9440378<br>LONGITUD: -87.3558776<br>ALTITUD MSNM: 446<br>DEPARTAMENTO: Yoro<br>MUNICIPIO: Victoria<br>FINCA: Finca Don Paco<br>DNI: 1810-1965-00246<br>IMAGEN DNI: https://kf.kobotoolbox.org/api/v2/assets/ad7G92bXCJpMkqNXz97XDt/data/741286718/attachments/attGjMMyWd5QPGqy8fQQPzjH/<br>EDAD: 60<br>RAZA: Antillano<br>VARIEDAD: Choquette Belice Boot 8<br>TOTAL PLANTAS: 1200<br>PLANTAS EN PRODUCCION: 1200<br>AREA EN MZ: 12<br>ANALISIS DE SUELO: Si<br>IMAGEN ANALISIS: <br>FERTILIZA: Si<br>FUMIGA: Si<br>SISTEMA DE RIEGO: Si<br>TIPO DE SISTEMA: Sistema de riego superficial<br>AREA CON RIEGO: 12<br>FUENTE DE AGUA: <br>CAPACITACION: Si<br>REALIZA PODAS: Si<br>AFILIADO A ASPAH: No<br>CREDITO: No<br>TRABAJADORES PERMANENTES: Si<br>CUANTOS TP: 5<br>TRANBAJADORES TEMPORALES: Si<br>CUANTOS TT: 10<br>SALARIO POR DIA: 250<br>LIBRAS COSECHADAS: <br>UNIDADES COSECHADAS: 30000<br>UNIDADES COSSECHADAS: <br>MESES DE COSECHA: Abril Mayo Octubre Noviembre Diciembre<br>DONDE VENDE: Un comprador viene a mi finca.<br>PRECIO LIBRA: <br>PRECIO UNIDAD: 15<br>PRECIO UNNIDAD: <br>TRANSPORTE DE COSECHA: Ninguno<br>IMAGEN PRODUCTOR: https://kf.kobotoolbox.org/api/v2/assets/ad7G92bXCJpMkqNXz97XDt/data/741286718/attachments/attSCe4mX5HCYpVxDMNeQjn9/<br>OBSERVACION: Productor de alta calidad y buen precio en mercado, Otras Variedades FHIA 1 y Melendez, La esposa esta asociada a nivel local con ASOPRAAVIC GLORIA ESTELA POSANTES BARAHONA <br>FIRMA: https://kf.kobotoolbox.org/api/v2/assets/ad7G92bXCJpMkqNXz97XDt/data/741286718/attachments/attUhVUBKtxRxUNSZBe5fptB/]]></description>
        <styleUrl>#icon-1899-FFD600</styleUrl>
        <ExtendedData>
          <Data name="﻿FECHA">
            <value>2/5/2026</value>
          </Data>
          <Data name="LATITUD">
            <value>14.9440378</value>
          </Data>
          <Data name="LONGITUD">
            <value>-87.3558776</value>
          </Data>
          <Data name="ALTITUD MSNM">
            <value>446.0</value>
          </Data>
          <Data name="DEPARTAMENTO">
            <value>Yoro</value>
          </Data>
          <Data name="MUNICIPIO">
            <value>Victoria</value>
          </Data>
          <Data name="FINCA">
            <value>Finca Don Paco</value>
          </Data>
          <Data name="DNI">
            <value>1810-1965-00246</value>
          </Data>
          <Data name="IMAGEN DNI">
            <value>https://kf.kobotoolbox.org/api/v2/assets/ad7G92bXCJpMkqNXz97XDt/data/741286718/attachments/attGjMMyWd5QPGqy8fQQPzjH/</value>
          </Data>
          <Data name="EDAD">
            <value>60.0</value>
          </Data>
          <Data name="RAZA">
            <value>Antillano</value>
          </Data>
          <Data name="VARIEDAD">
            <value>Choquette Belice Boot 8</value>
          </Data>
          <Data name="TOTAL PLANTAS">
            <value>1200.0</value>
          </Data>
          <Data name="PLANTAS EN PRODUCCION">
            <value>1200.0</value>
          </Data>
          <Data name="AREA EN MZ">
            <value>12</value>
          </Data>
          <Data name="ANALISIS DE SUELO">
            <value>Si</value>
          </Data>
          <Data name="IMAGEN ANALISIS">
            <value/>
          </Data>
          <Data name="FERTILIZA">
            <value>Si</value>
          </Data>
          <Data name="FUMIGA">
            <value>Si</value>
          </Data>
          <Data name="SISTEMA DE RIEGO">
            <value>Si</value>
          </Data>
          <Data name="TIPO DE SISTEMA">
            <value>Sistema de riego superficial</value>
          </Data>
          <Data name="AREA CON RIEGO">
            <value>12</value>
          </Data>
          <Data name="FUENTE DE AGUA">
            <value/>
          </Data>
          <Data name="CAPACITACION">
            <value>Si</value>
          </Data>
          <Data name="REALIZA PODAS">
            <value>Si</value>
          </Data>
          <Data name="AFILIADO A ASPAH">
            <value>No</value>
          </Data>
          <Data name="CREDITO">
            <value>No</value>
          </Data>
          <Data name="TRABAJADORES PERMANENTES">
            <value>Si</value>
          </Data>
          <Data name="CUANTOS TP">
            <value>5.0</value>
          </Data>
          <Data name="TRANBAJADORES TEMPORALES">
            <value>Si</value>
          </Data>
          <Data name="CUANTOS TT">
            <value>10.0</value>
          </Data>
          <Data name="SALARIO POR DIA">
            <value>250.0</value>
          </Data>
          <Data name="LIBRAS COSECHADAS">
            <value/>
          </Data>
          <Data name="UNIDADES COSECHADAS">
            <value>30000.0</value>
          </Data>
          <Data name="UNIDADES COSSECHADAS">
            <value/>
          </Data>
          <Data name="MESES DE COSECHA">
            <value>Abril Mayo Octubre Noviembre Diciembre</value>
          </Data>
          <Data name="DONDE VENDE">
            <value>Un comprador viene a mi finca.</value>
          </Data>
          <Data name="PRECIO LIBRA">
            <value/>
          </Data>
          <Data name="PRECIO UNIDAD">
            <value>15.0</value>
          </Data>
          <Data name="PRECIO UNNIDAD">
            <value/>
          </Data>
          <Data name="TRANSPORTE DE COSECHA">
            <value>Ninguno</value>
          </Data>
          <Data name="IMAGEN PRODUCTOR">
            <value>https://kf.kobotoolbox.org/api/v2/assets/ad7G92bXCJpMkqNXz97XDt/data/741286718/attachments/attSCe4mX5HCYpVxDMNeQjn9/</value>
          </Data>
          <Data name="OBSERVACION">
            <value>Productor de alta calidad y buen precio en mercado, Otras Variedades FHIA 1 y Melendez, La esposa esta asociada a nivel local con ASOPRAAVIC GLORIA ESTELA POSANTES BARAHONA </value>
          </Data>
          <Data name="FIRMA">
            <value>https://kf.kobotoolbox.org/api/v2/assets/ad7G92bXCJpMkqNXz97XDt/data/741286718/attachments/attUhVUBKtxRxUNSZBe5fptB/</value>
          </Data>
        </ExtendedData>
        <Point>
          <coordinates>
            -87.3558776,14.9440378,0
          </coordinates>
        </Point>
      </Placemark>
      <Placemark>
        <name>CARLOS ALBERTO HERNANDEZ COLINDRES</name>
        <description><![CDATA[﻿FECHA: 3/5/2026<br>LATITUD: 15.1036309<br>LONGITUD: -87.2763921<br>ALTITUD MSNM: 697<br>DEPARTAMENTO: Yoro<br>MUNICIPIO: Yorito<br>FINCA: Finca Los Palos<br>DNI: 1811-1973-00217<br>IMAGEN DNI: https://kf.kobotoolbox.org/api/v2/assets/ad7G92bXCJpMkqNXz97XDt/data/741505754/attachments/attdLEUJXhNka5GD5CeNKdar/<br>EDAD: 53<br>RAZA: Antillano<br>VARIEDAD: Choquette Belice Boot 7<br>TOTAL PLANTAS: 25<br>PLANTAS EN PRODUCCION: 18<br>AREA EN MZ: 0.25<br>ANALISIS DE SUELO: No<br>IMAGEN ANALISIS: <br>FERTILIZA: Si<br>FUMIGA: Si<br>SISTEMA DE RIEGO: No<br>TIPO DE SISTEMA: <br>AREA CON RIEGO: <br>FUENTE DE AGUA: Si<br>CAPACITACION: Si<br>REALIZA PODAS: Si<br>AFILIADO A ASPAH: No<br>CREDITO: No<br>TRABAJADORES PERMANENTES: No<br>CUANTOS TP: <br>TRANBAJADORES TEMPORALES: Si<br>CUANTOS TT: 1<br>SALARIO POR DIA: 250<br>LIBRAS COSECHADAS: <br>UNIDADES COSECHADAS: 1000<br>UNIDADES COSSECHADAS: <br>MESES DE COSECHA: Junio Julio Agosto Septiembre Noviembre Diciembre<br>DONDE VENDE: Un comprador viene a mi finca.<br>PRECIO LIBRA: <br>PRECIO UNIDAD: 9<br>PRECIO UNNIDAD: <br>TRANSPORTE DE COSECHA: Ninguno<br>IMAGEN PRODUCTOR: https://kf.kobotoolbox.org/api/v2/assets/ad7G92bXCJpMkqNXz97XDt/data/741505754/attachments/attmXHbdhbEDxoHTtAiDBXWu/<br>OBSERVACION: La quebrada esta a 60 metros <br>FIRMA: https://kf.kobotoolbox.org/api/v2/assets/ad7G92bXCJpMkqNXz97XDt/data/741505754/attachments/attxbJZznM7568SosWpM2pVt/]]></description>
        <styleUrl>#icon-1899-FFD600</styleUrl>
        <ExtendedData>
          <Data name="﻿FECHA">
            <value>3/5/2026</value>
          </Data>
          <Data name="LATITUD">
            <value>15.1036309</value>
          </Data>
          <Data name="LONGITUD">
            <value>-87.2763921</value>
          </Data>
          <Data name="ALTITUD MSNM">
            <value>697.0</value>
          </Data>
          <Data name="DEPARTAMENTO">
            <value>Yoro</value>
          </Data>
          <Data name="MUNICIPIO">
            <value>Yorito</value>
          </Data>
          <Data name="FINCA">
            <value>Finca Los Palos</value>
          </Data>
          <Data name="DNI">
            <value>1811-1973-00217</value>
          </Data>
          <Data name="IMAGEN DNI">
            <value>https://kf.kobotoolbox.org/api/v2/assets/ad7G92bXCJpMkqNXz97XDt/data/741505754/attachments/attdLEUJXhNka5GD5CeNKdar/</value>
          </Data>
          <Data name="EDAD">
            <value>53.0</value>
          </Data>
          <Data name="RAZA">
            <value>Antillano</value>
          </Data>
          <Data name="VARIEDAD">
            <value>Choquette Belice Boot 7</value>
          </Data>
          <Data name="TOTAL PLANTAS">
            <value>25.0</value>
          </Data>
          <Data name="PLANTAS EN PRODUCCION">
            <value>18.0</value>
          </Data>
          <Data name="AREA EN MZ">
            <value>0.25</value>
          </Data>
          <Data name="ANALISIS DE SUELO">
            <value>No</value>
          </Data>
          <Data name="IMAGEN ANALISIS">
            <value/>
          </Data>
          <Data name="FERTILIZA">
            <value>Si</value>
          </Data>
          <Data name="FUMIGA">
            <value>Si</value>
          </Data>
          <Data name="SISTEMA DE RIEGO">
            <value>No</value>
          </Data>
          <Data name="TIPO DE SISTEMA">
            <value/>
          </Data>
          <Data name="AREA CON RIEGO">
            <value/>
          </Data>
          <Data name="FUENTE DE AGUA">
            <value>Si</value>
          </Data>
          <Data name="CAPACITACION">
            <value>Si</value>
          </Data>
          <Data name="REALIZA PODAS">
            <value>Si</value>
          </Data>
          <Data name="AFILIADO A ASPAH">
            <value>No</value>
          </Data>
          <Data name="CREDITO">
            <value>No</value>
          </Data>
          <Data name="TRABAJADORES PERMANENTES">
            <value>No</value>
          </Data>
          <Data name="CUANTOS TP">
            <value/>
          </Data>
          <Data name="TRANBAJADORES TEMPORALES">
            <value>Si</value>
          </Data>
          <Data name="CUANTOS TT">
            <value>1.0</value>
          </Data>
          <Data name="SALARIO POR DIA">
            <value>250.0</value>
          </Data>
          <Data name="LIBRAS COSECHADAS">
            <value/>
          </Data>
          <Data name="UNIDADES COSECHADAS">
            <value>1000.0</value>
          </Data>
          <Data name="UNIDADES COSSECHADAS">
            <value/>
          </Data>
          <Data name="MESES DE COSECHA">
            <value>Junio Julio Agosto Septiembre Noviembre Diciembre</value>
          </Data>
          <Data name="DONDE VENDE">
            <value>Un comprador viene a mi finca.</value>
          </Data>
          <Data name="PRECIO LIBRA">
            <value/>
          </Data>
          <Data name="PRECIO UNIDAD">
            <value>9.0</value>
          </Data>
          <Data name="PRECIO UNNIDAD">
            <value/>
          </Data>
          <Data name="TRANSPORTE DE COSECHA">
            <value>Ninguno</value>
          </Data>
          <Data name="IMAGEN PRODUCTOR">
            <value>https://kf.kobotoolbox.org/api/v2/assets/ad7G92bXCJpMkqNXz97XDt/data/741505754/attachments/attmXHbdhbEDxoHTtAiDBXWu/</value>
          </Data>
          <Data name="OBSERVACION">
            <value>La quebrada esta a 60 metros </value>
          </Data>
          <Data name="FIRMA">
            <value>https://kf.kobotoolbox.org/api/v2/assets/ad7G92bXCJpMkqNXz97XDt/data/741505754/attachments/attxbJZznM7568SosWpM2pVt/</value>
          </Data>
        </ExtendedData>
        <Point>
          <coordinates>
            -87.2763921,15.1036309,0
          </coordinates>
        </Point>
      </Placemark>
      <Placemark>
        <name>GERMAN ANIBAL MURILLO LANZA</name>
        <description><![CDATA[﻿FECHA: 3/5/2026<br>LATITUD: 15.0943567<br>LONGITUD: -87.324558<br>ALTITUD MSNM: 964<br>DEPARTAMENTO: Yoro<br>MUNICIPIO: Yorito<br>FINCA: Finca Los Murillo<br>DNI: 1811-1976-00274<br>IMAGEN DNI: https://kf.kobotoolbox.org/api/v2/assets/ad7G92bXCJpMkqNXz97XDt/data/741597291/attachments/attrFGmd2VLdk34PkiwWo9BP/<br>EDAD: 49<br>RAZA: Hass<br>VARIEDAD: <br>TOTAL PLANTAS: 100<br>PLANTAS EN PRODUCCION: 80<br>AREA EN MZ: 0.5<br>ANALISIS DE SUELO: No<br>IMAGEN ANALISIS: <br>FERTILIZA: Si<br>FUMIGA: Si<br>SISTEMA DE RIEGO: Si<br>TIPO DE SISTEMA: Sistema de riego por goteo<br>AREA CON RIEGO: 0.5<br>FUENTE DE AGUA: <br>CAPACITACION: Si<br>REALIZA PODAS: Si<br>AFILIADO A ASPAH: Si<br>CREDITO: No<br>TRABAJADORES PERMANENTES: No<br>CUANTOS TP: <br>TRANBAJADORES TEMPORALES: Si<br>CUANTOS TT: 3<br>SALARIO POR DIA: 200<br>LIBRAS COSECHADAS: 250<br>UNIDADES COSECHADAS: <br>UNIDADES COSSECHADAS: <br>MESES DE COSECHA: Enero Diciembre<br>DONDE VENDE: Mercado local, pulperias y en casa.<br>PRECIO LIBRA: 21<br>PRECIO UNIDAD: <br>PRECIO UNNIDAD: <br>TRANSPORTE DE COSECHA: Vehiculo propio<br>IMAGEN PRODUCTOR: https://kf.kobotoolbox.org/api/v2/assets/ad7G92bXCJpMkqNXz97XDt/data/741597291/attachments/attWd4WVB3HH2bhfPgp5YsLg/<br>OBSERVACION: Tiene también antillanos, predomina el hass<br>FIRMA: https://kf.kobotoolbox.org/api/v2/assets/ad7G92bXCJpMkqNXz97XDt/data/741597291/attachments/attFXrJ5mdKpN8pVykszWPis/]]></description>
        <styleUrl>#icon-1899-FFD600</styleUrl>
        <ExtendedData>
          <Data name="﻿FECHA">
            <value>3/5/2026</value>
          </Data>
          <Data name="LATITUD">
            <value>15.0943567</value>
          </Data>
          <Data name="LONGITUD">
            <value>-87.324558</value>
          </Data>
          <Data name="ALTITUD MSNM">
            <value>964.0</value>
          </Data>
          <Data name="DEPARTAMENTO">
            <value>Yoro</value>
          </Data>
          <Data name="MUNICIPIO">
            <value>Yorito</value>
          </Data>
          <Data name="FINCA">
            <value>Finca Los Murillo</value>
          </Data>
          <Data name="DNI">
            <value>1811-1976-00274</value>
          </Data>
          <Data name="IMAGEN DNI">
            <value>https://kf.kobotoolbox.org/api/v2/assets/ad7G92bXCJpMkqNXz97XDt/data/741597291/attachments/attrFGmd2VLdk34PkiwWo9BP/</value>
          </Data>
          <Data name="EDAD">
            <value>49.0</value>
          </Data>
          <Data name="RAZA">
            <value>Hass</value>
          </Data>
          <Data name="VARIEDAD">
            <value/>
          </Data>
          <Data name="TOTAL PLANTAS">
            <value>100.0</value>
          </Data>
          <Data name="PLANTAS EN PRODUCCION">
            <value>80.0</value>
          </Data>
          <Data name="AREA EN MZ">
            <value>0.5</value>
          </Data>
          <Data name="ANALISIS DE SUELO">
            <value>No</value>
          </Data>
          <Data name="IMAGEN ANALISIS">
            <value/>
          </Data>
          <Data name="FERTILIZA">
            <value>Si</value>
          </Data>
          <Data name="FUMIGA">
            <value>Si</value>
          </Data>
          <Data name="SISTEMA DE RIEGO">
            <value>Si</value>
          </Data>
          <Data name="TIPO DE SISTEMA">
            <value>Sistema de riego por goteo</value>
          </Data>
          <Data name="AREA CON RIEGO">
            <value>0.5</value>
          </Data>
          <Data name="FUENTE DE AGUA">
            <value/>
          </Data>
          <Data name="CAPACITACION">
            <value>Si</value>
          </Data>
          <Data name="REALIZA PODAS">
            <value>Si</value>
          </Data>
          <Data name="AFILIADO A ASPAH">
            <value>Si</value>
          </Data>
          <Data name="CREDITO">
            <value>No</value>
          </Data>
          <Data name="TRABAJADORES PERMANENTES">
            <value>No</value>
          </Data>
          <Data name="CUANTOS TP">
            <value/>
          </Data>
          <Data name="TRANBAJADORES TEMPORALES">
            <value>Si</value>
          </Data>
          <Data name="CUANTOS TT">
            <value>3.0</value>
          </Data>
          <Data name="SALARIO POR DIA">
            <value>200.0</value>
          </Data>
          <Data name="LIBRAS COSECHADAS">
            <value>250.0</value>
          </Data>
          <Data name="UNIDADES COSECHADAS">
            <value/>
          </Data>
          <Data name="UNIDADES COSSECHADAS">
            <value/>
          </Data>
          <Data name="MESES DE COSECHA">
            <value>Enero Diciembre</value>
          </Data>
          <Data name="DONDE VENDE">
            <value>Mercado local, pulperias y en casa.</value>
          </Data>
          <Data name="PRECIO LIBRA">
            <value>21.0</value>
          </Data>
          <Data name="PRECIO UNIDAD">
            <value/>
          </Data>
          <Data name="PRECIO UNNIDAD">
            <value/>
          </Data>
          <Data name="TRANSPORTE DE COSECHA">
            <value>Vehiculo propio</value>
          </Data>
          <Data name="IMAGEN PRODUCTOR">
            <value>https://kf.kobotoolbox.org/api/v2/assets/ad7G92bXCJpMkqNXz97XDt/data/741597291/attachments/attWd4WVB3HH2bhfPgp5YsLg/</value>
          </Data>
          <Data name="OBSERVACION">
            <value>Tiene también antillanos, predomina el hass</value>
          </Data>
          <Data name="FIRMA">
            <value>https://kf.kobotoolbox.org/api/v2/assets/ad7G92bXCJpMkqNXz97XDt/data/741597291/attachments/attFXrJ5mdKpN8pVykszWPis/</value>
          </Data>
        </ExtendedData>
        <Point>
          <coordinates>
            -87.324558,15.0943567,0
          </coordinates>
        </Point>
      </Placemark>
      <Placemark>
        <name>NAHIN URBINA URTECHO</name>
        <description><![CDATA[﻿FECHA: 3/5/2026<br>LATITUD: 15.1244831<br>LONGITUD: -87.1153584<br>ALTITUD MSNM: 723<br>DEPARTAMENTO: Yoro<br>MUNICIPIO: Yoro<br>FINCA: Finca Rancho Gloria<br>DNI: 1801-1954-00156<br>IMAGEN DNI: https://kf.kobotoolbox.org/api/v2/assets/ad7G92bXCJpMkqNXz97XDt/data/741812411/attachments/atthMyt9taYPTB5ptTXw8xXJ/<br>EDAD: 72<br>RAZA: Antillano<br>VARIEDAD: Choquette<br>TOTAL PLANTAS: 200<br>PLANTAS EN PRODUCCION: 50<br>AREA EN MZ: 1<br>ANALISIS DE SUELO: No<br>IMAGEN ANALISIS: <br>FERTILIZA: Si<br>FUMIGA: Si<br>SISTEMA DE RIEGO: Si<br>TIPO DE SISTEMA: Sistema de riego por goteo<br>AREA CON RIEGO: 0.75<br>FUENTE DE AGUA: <br>CAPACITACION: Si<br>REALIZA PODAS: Si<br>AFILIADO A ASPAH: Si<br>CREDITO: No<br>TRABAJADORES PERMANENTES: No<br>CUANTOS TP: <br>TRANBAJADORES TEMPORALES: Si<br>CUANTOS TT: 6<br>SALARIO POR DIA: 200<br>LIBRAS COSECHADAS: <br>UNIDADES COSECHADAS: 400<br>UNIDADES COSSECHADAS: <br>MESES DE COSECHA: Agosto Septiembre<br>DONDE VENDE: Mercado local, pulperias y en casa.<br>PRECIO LIBRA: <br>PRECIO UNIDAD: 13<br>PRECIO UNNIDAD: <br>TRANSPORTE DE COSECHA: Vehiculo propio<br>IMAGEN PRODUCTOR: https://kf.kobotoolbox.org/api/v2/assets/ad7G92bXCJpMkqNXz97XDt/data/741812411/attachments/attVkkcn2SZpQ22pFueA5TRC/<br>OBSERVACION: En la fotografía aparece el hermano Luis Urtecho<br>FIRMA: https://kf.kobotoolbox.org/api/v2/assets/ad7G92bXCJpMkqNXz97XDt/data/741812411/attachments/att8N9N3a8At8A2G7TmzRAoQ/]]></description>
        <styleUrl>#icon-1899-FFD600</styleUrl>
        <ExtendedData>
          <Data name="﻿FECHA">
            <value>3/5/2026</value>
          </Data>
          <Data name="LATITUD">
            <value>15.1244831</value>
          </Data>
          <Data name="LONGITUD">
            <value>-87.1153584</value>
          </Data>
          <Data name="ALTITUD MSNM">
            <value>723.0</value>
          </Data>
          <Data name="DEPARTAMENTO">
            <value>Yoro</value>
          </Data>
          <Data name="MUNICIPIO">
            <value>Yoro</value>
          </Data>
          <Data name="FINCA">
            <value>Finca Rancho Gloria</value>
          </Data>
          <Data name="DNI">
            <value>1801-1954-00156</value>
          </Data>
          <Data name="IMAGEN DNI">
            <value>https://kf.kobotoolbox.org/api/v2/assets/ad7G92bXCJpMkqNXz97XDt/data/741812411/attachments/atthMyt9taYPTB5ptTXw8xXJ/</value>
          </Data>
          <Data name="EDAD">
            <value>72.0</value>
          </Data>
          <Data name="RAZA">
            <value>Antillano</value>
          </Data>
          <Data name="VARIEDAD">
            <value>Choquette</value>
          </Data>
          <Data name="TOTAL PLANTAS">
            <value>200.0</value>
          </Data>
          <Data name="PLANTAS EN PRODUCCION">
            <value>50.0</value>
          </Data>
          <Data name="AREA EN MZ">
            <value>1</value>
          </Data>
          <Data name="ANALISIS DE SUELO">
            <value>No</value>
          </Data>
          <Data name="IMAGEN ANALISIS">
            <value/>
          </Data>
          <Data name="FERTILIZA">
            <value>Si</value>
          </Data>
          <Data name="FUMIGA">
            <value>Si</value>
          </Data>
          <Data name="SISTEMA DE RIEGO">
            <value>Si</value>
          </Data>
          <Data name="TIPO DE SISTEMA">
            <value>Sistema de riego por goteo</value>
          </Data>
          <Data name="AREA CON RIEGO">
            <value>0.75</value>
          </Data>
          <Data name="FUENTE DE AGUA">
            <value/>
          </Data>
          <Data name="CAPACITACION">
            <value>Si</value>
          </Data>
          <Data name="REALIZA PODAS">
            <value>Si</value>
          </Data>
          <Data name="AFILIADO A ASPAH">
            <value>Si</value>
          </Data>
          <Data name="CREDITO">
            <value>No</value>
          </Data>
          <Data name="TRABAJADORES PERMANENTES">
            <value>No</value>
          </Data>
          <Data name="CUANTOS TP">
            <value/>
          </Data>
          <Data name="TRANBAJADORES TEMPORALES">
            <value>Si</value>
          </Data>
          <Data name="CUANTOS TT">
            <value>6.0</value>
          </Data>
          <Data name="SALARIO POR DIA">
            <value>200.0</value>
          </Data>
          <Data name="LIBRAS COSECHADAS">
            <value/>
          </Data>
          <Data name="UNIDADES COSECHADAS">
            <value>400.0</value>
          </Data>
          <Data name="UNIDADES COSSECHADAS">
            <value/>
          </Data>
          <Data name="MESES DE COSECHA">
            <value>Agosto Septiembre</value>
          </Data>
          <Data name="DONDE VENDE">
            <value>Mercado local, pulperias y en casa.</value>
          </Data>
          <Data name="PRECIO LIBRA">
            <value/>
          </Data>
          <Data name="PRECIO UNIDAD">
            <value>13.0</value>
          </Data>
          <Data name="PRECIO UNNIDAD">
            <value/>
          </Data>
          <Data name="TRANSPORTE DE COSECHA">
            <value>Vehiculo propio</value>
          </Data>
          <Data name="IMAGEN PRODUCTOR">
            <value>https://kf.kobotoolbox.org/api/v2/assets/ad7G92bXCJpMkqNXz97XDt/data/741812411/attachments/attVkkcn2SZpQ22pFueA5TRC/</value>
          </Data>
          <Data name="OBSERVACION">
            <value>En la fotografía aparece el hermano Luis Urtecho</value>
          </Data>
          <Data name="FIRMA">
            <value>https://kf.kobotoolbox.org/api/v2/assets/ad7G92bXCJpMkqNXz97XDt/data/741812411/attachments/att8N9N3a8At8A2G7TmzRAoQ/</value>
          </Data>
        </ExtendedData>
        <Point>
          <coordinates>
            -87.1153584,15.1244831,0
          </coordinates>
        </Point>
      </Placemark>
      <Placemark>
        <name>EDWIN RAMON VELASQUEZ RAMIREZ</name>
        <description><![CDATA[﻿FECHA: 3/5/2026<br>LATITUD: 15.1502981<br>LONGITUD: -87.0983741<br>ALTITUD MSNM: 659<br>DEPARTAMENTO: Yoro<br>MUNICIPIO: Yoro<br>FINCA: Finca Terranova<br>DNI: 1801-1984-01340<br>IMAGEN DNI: https://kf.kobotoolbox.org/api/v2/assets/ad7G92bXCJpMkqNXz97XDt/data/741812424/attachments/atthQaF6S6ddpYnUCd78oRyz/<br>EDAD: 42<br>RAZA: Antillano<br>VARIEDAD: Choquette Belice<br>TOTAL PLANTAS: 45<br>PLANTAS EN PRODUCCION: 45<br>AREA EN MZ: 0.25<br>ANALISIS DE SUELO: Si<br>IMAGEN ANALISIS: <br>FERTILIZA: Si<br>FUMIGA: Si<br>SISTEMA DE RIEGO: Si<br>TIPO DE SISTEMA: Sistema de riego por micro-aspersion<br>AREA CON RIEGO: 0.25<br>FUENTE DE AGUA: <br>CAPACITACION: Si<br>REALIZA PODAS: Si<br>AFILIADO A ASPAH: Si<br>CREDITO: Si<br>TRABAJADORES PERMANENTES: No<br>CUANTOS TP: <br>TRANBAJADORES TEMPORALES: Si<br>CUANTOS TT: 1<br>SALARIO POR DIA: 250<br>LIBRAS COSECHADAS: <br>UNIDADES COSECHADAS: 4000<br>UNIDADES COSSECHADAS: <br>MESES DE COSECHA: Julio Agosto Septiembre Octubre Noviembre<br>DONDE VENDE: Mercado local, pulperias y en casa.<br>PRECIO LIBRA: <br>PRECIO UNIDAD: 15<br>PRECIO UNNIDAD: <br>TRANSPORTE DE COSECHA: Vehiculo propio<br>IMAGEN PRODUCTOR: https://kf.kobotoolbox.org/api/v2/assets/ad7G92bXCJpMkqNXz97XDt/data/741812424/attachments/attRQMcUDGoVchkAdCQsbeGA/<br>OBSERVACION: <br>FIRMA: https://kf.kobotoolbox.org/api/v2/assets/ad7G92bXCJpMkqNXz97XDt/data/741812424/attachments/attxNJr3R8keQHBNwvnLtXCM/]]></description>
        <styleUrl>#icon-1899-FFD600</styleUrl>
        <ExtendedData>
          <Data name="﻿FECHA">
            <value>3/5/2026</value>
          </Data>
          <Data name="LATITUD">
            <value>15.1502981</value>
          </Data>
          <Data name="LONGITUD">
            <value>-87.0983741</value>
          </Data>
          <Data name="ALTITUD MSNM">
            <value>659.0</value>
          </Data>
          <Data name="DEPARTAMENTO">
            <value>Yoro</value>
          </Data>
          <Data name="MUNICIPIO">
            <value>Yoro</value>
          </Data>
          <Data name="FINCA">
            <value>Finca Terranova</value>
          </Data>
          <Data name="DNI">
            <value>1801-1984-01340</value>
          </Data>
          <Data name="IMAGEN DNI">
            <value>https://kf.kobotoolbox.org/api/v2/assets/ad7G92bXCJpMkqNXz97XDt/data/741812424/attachments/atthQaF6S6ddpYnUCd78oRyz/</value>
          </Data>
          <Data name="EDAD">
            <value>42.0</value>
          </Data>
          <Data name="RAZA">
            <value>Antillano</value>
          </Data>
          <Data name="VARIEDAD">
            <value>Choquette Belice</value>
          </Data>
          <Data name="TOTAL PLANTAS">
            <value>45.0</value>
          </Data>
          <Data name="PLANTAS EN PRODUCCION">
            <value>45.0</value>
          </Data>
          <Data name="AREA EN MZ">
            <value>0.25</value>
          </Data>
          <Data name="ANALISIS DE SUELO">
            <value>Si</value>
          </Data>
          <Data name="IMAGEN ANALISIS">
            <value/>
          </Data>
          <Data name="FERTILIZA">
            <value>Si</value>
          </Data>
          <Data name="FUMIGA">
            <value>Si</value>
          </Data>
          <Data name="SISTEMA DE RIEGO">
            <value>Si</value>
          </Data>
          <Data name="TIPO DE SISTEMA">
            <value>Sistema de riego por micro-aspersion</value>
          </Data>
          <Data name="AREA CON RIEGO">
            <value>0.25</value>
          </Data>
          <Data name="FUENTE DE AGUA">
            <value/>
          </Data>
          <Data name="CAPACITACION">
            <value>Si</value>
          </Data>
          <Data name="REALIZA PODAS">
            <value>Si</value>
          </Data>
          <Data name="AFILIADO A ASPAH">
            <value>Si</value>
          </Data>
          <Data name="CREDITO">
            <value>Si</value>
          </Data>
          <Data name="TRABAJADORES PERMANENTES">
            <value>No</value>
          </Data>
          <Data name="CUANTOS TP">
            <value/>
          </Data>
          <Data name="TRANBAJADORES TEMPORALES">
            <value>Si</value>
          </Data>
          <Data name="CUANTOS TT">
            <value>1.0</value>
          </Data>
          <Data name="SALARIO POR DIA">
            <value>250.0</value>
          </Data>
          <Data name="LIBRAS COSECHADAS">
            <value/>
          </Data>
          <Data name="UNIDADES COSECHADAS">
            <value>4000.0</value>
          </Data>
          <Data name="UNIDADES COSSECHADAS">
            <value/>
          </Data>
          <Data name="MESES DE COSECHA">
            <value>Julio Agosto Septiembre Octubre Noviembre</value>
          </Data>
          <Data name="DONDE VENDE">
            <value>Mercado local, pulperias y en casa.</value>
          </Data>
          <Data name="PRECIO LIBRA">
            <value/>
          </Data>
          <Data name="PRECIO UNIDAD">
            <value>15.0</value>
          </Data>
          <Data name="PRECIO UNNIDAD">
            <value/>
          </Data>
          <Data name="TRANSPORTE DE COSECHA">
            <value>Vehiculo propio</value>
          </Data>
          <Data name="IMAGEN PRODUCTOR">
            <value>https://kf.kobotoolbox.org/api/v2/assets/ad7G92bXCJpMkqNXz97XDt/data/741812424/attachments/attRQMcUDGoVchkAdCQsbeGA/</value>
          </Data>
          <Data name="OBSERVACION">
            <value/>
          </Data>
          <Data name="FIRMA">
            <value>https://kf.kobotoolbox.org/api/v2/assets/ad7G92bXCJpMkqNXz97XDt/data/741812424/attachments/attxNJr3R8keQHBNwvnLtXCM/</value>
          </Data>
        </ExtendedData>
        <Point>
          <coordinates>
            -87.0983741,15.1502981,0
          </coordinates>
        </Point>
      </Placemark>
      <Placemark>
        <name>ORLANDO HERIBERTO ROSALES PACHECO</name>
        <description><![CDATA[﻿FECHA: 3/5/2026<br>LATITUD: 15.1492567<br>LONGITUD: -87.0334872<br>ALTITUD MSNM: 747<br>DEPARTAMENTO: Yoro<br>MUNICIPIO: Yoro<br>FINCA: Finca La Coyotera<br>DNI: 1514-1959-00002<br>IMAGEN DNI: https://kf.kobotoolbox.org/api/v2/assets/ad7G92bXCJpMkqNXz97XDt/data/741812450/attachments/attKdws6779YkxkrwutThkhH/<br>EDAD: 67<br>RAZA: Antillano<br>VARIEDAD: Choquette Boot 8 Belice Simmons Wilson Popenoe<br>TOTAL PLANTAS: 80<br>PLANTAS EN PRODUCCION: 80<br>AREA EN MZ: 0.5<br>ANALISIS DE SUELO: No<br>IMAGEN ANALISIS: <br>FERTILIZA: Si<br>FUMIGA: Si<br>SISTEMA DE RIEGO: Si<br>TIPO DE SISTEMA: Sistema de riego por goteo<br>AREA CON RIEGO: 0.5<br>FUENTE DE AGUA: <br>CAPACITACION: Si<br>REALIZA PODAS: Si<br>AFILIADO A ASPAH: Si<br>CREDITO: No<br>TRABAJADORES PERMANENTES: No<br>CUANTOS TP: <br>TRANBAJADORES TEMPORALES: Si<br>CUANTOS TT: 3<br>SALARIO POR DIA: 250<br>LIBRAS COSECHADAS: <br>UNIDADES COSECHADAS: 0<br>UNIDADES COSSECHADAS: <br>MESES DE COSECHA: Diciembre<br>DONDE VENDE: No he vendido aún.<br>PRECIO LIBRA: <br>PRECIO UNIDAD: 0<br>PRECIO UNNIDAD: <br>TRANSPORTE DE COSECHA: Vehiculo propio<br>IMAGEN PRODUCTOR: https://kf.kobotoolbox.org/api/v2/assets/ad7G92bXCJpMkqNXz97XDt/data/741812450/attachments/attdcMV7ehs5aBec7PR8KwAL/<br>OBSERVACION: FHIA 1 Y 2, MELENDEZ - SE QUEMO UNA PARTE VA A RESEMBRAR<br>FIRMA: https://kf.kobotoolbox.org/api/v2/assets/ad7G92bXCJpMkqNXz97XDt/data/741812450/attachments/attPDKPLvQ44GXHKY5EKMYMA/]]></description>
        <styleUrl>#icon-1899-FFD600</styleUrl>
        <ExtendedData>
          <Data name="﻿FECHA">
            <value>3/5/2026</value>
          </Data>
          <Data name="LATITUD">
            <value>15.1492567</value>
          </Data>
          <Data name="LONGITUD">
            <value>-87.0334872</value>
          </Data>
          <Data name="ALTITUD MSNM">
            <value>747.0</value>
          </Data>
          <Data name="DEPARTAMENTO">
            <value>Yoro</value>
          </Data>
          <Data name="MUNICIPIO">
            <value>Yoro</value>
          </Data>
          <Data name="FINCA">
            <value>Finca La Coyotera</value>
          </Data>
          <Data name="DNI">
            <value>1514-1959-00002</value>
          </Data>
          <Data name="IMAGEN DNI">
            <value>https://kf.kobotoolbox.org/api/v2/assets/ad7G92bXCJpMkqNXz97XDt/data/741812450/attachments/attKdws6779YkxkrwutThkhH/</value>
          </Data>
          <Data name="EDAD">
            <value>67.0</value>
          </Data>
          <Data name="RAZA">
            <value>Antillano</value>
          </Data>
          <Data name="VARIEDAD">
            <value>Choquette Boot 8 Belice Simmons Wilson Popenoe</value>
          </Data>
          <Data name="TOTAL PLANTAS">
            <value>80.0</value>
          </Data>
          <Data name="PLANTAS EN PRODUCCION">
            <value>80.0</value>
          </Data>
          <Data name="AREA EN MZ">
            <value>0.5</value>
          </Data>
          <Data name="ANALISIS DE SUELO">
            <value>No</value>
          </Data>
          <Data name="IMAGEN ANALISIS">
            <value/>
          </Data>
          <Data name="FERTILIZA">
            <value>Si</value>
          </Data>
          <Data name="FUMIGA">
            <value>Si</value>
          </Data>
          <Data name="SISTEMA DE RIEGO">
            <value>Si</value>
          </Data>
          <Data name="TIPO DE SISTEMA">
            <value>Sistema de riego por goteo</value>
          </Data>
          <Data name="AREA CON RIEGO">
            <value>0.5</value>
          </Data>
          <Data name="FUENTE DE AGUA">
            <value/>
          </Data>
          <Data name="CAPACITACION">
            <value>Si</value>
          </Data>
          <Data name="REALIZA PODAS">
            <value>Si</value>
          </Data>
          <Data name="AFILIADO A ASPAH">
            <value>Si</value>
          </Data>
          <Data name="CREDITO">
            <value>No</value>
          </Data>
          <Data name="TRABAJADORES PERMANENTES">
            <value>No</value>
          </Data>
          <Data name="CUANTOS TP">
            <value/>
          </Data>
          <Data name="TRANBAJADORES TEMPORALES">
            <value>Si</value>
          </Data>
          <Data name="CUANTOS TT">
            <value>3.0</value>
          </Data>
          <Data name="SALARIO POR DIA">
            <value>250.0</value>
          </Data>
          <Data name="LIBRAS COSECHADAS">
            <value/>
          </Data>
          <Data name="UNIDADES COSECHADAS">
            <value>0.0</value>
          </Data>
          <Data name="UNIDADES COSSECHADAS">
            <value/>
          </Data>
          <Data name="MESES DE COSECHA">
            <value>Diciembre</value>
          </Data>
          <Data name="DONDE VENDE">
            <value>No he vendido aún.</value>
          </Data>
          <Data name="PRECIO LIBRA">
            <value/>
          </Data>
          <Data name="PRECIO UNIDAD">
            <value>0.0</value>
          </Data>
          <Data name="PRECIO UNNIDAD">
            <value/>
          </Data>
          <Data name="TRANSPORTE DE COSECHA">
            <value>Vehiculo propio</value>
          </Data>
          <Data name="IMAGEN PRODUCTOR">
            <value>https://kf.kobotoolbox.org/api/v2/assets/ad7G92bXCJpMkqNXz97XDt/data/741812450/attachments/attdcMV7ehs5aBec7PR8KwAL/</value>
          </Data>
          <Data name="OBSERVACION">
            <value>FHIA 1 Y 2, MELENDEZ - SE QUEMO UNA PARTE VA A RESEMBRAR</value>
          </Data>
          <Data name="FIRMA">
            <value>https://kf.kobotoolbox.org/api/v2/assets/ad7G92bXCJpMkqNXz97XDt/data/741812450/attachments/attPDKPLvQ44GXHKY5EKMYMA/</value>
          </Data>
        </ExtendedData>
        <Point>
          <coordinates>
            -87.0334872,15.1492567,0
          </coordinates>
        </Point>
      </Placemark>
      <Placemark>
        <name>MARTIN JAVIER ORELLANA SUAREZ</name>
        <description><![CDATA[﻿FECHA: 3/5/2026<br>LATITUD: 15.1356448<br>LONGITUD: -87.0698379<br>ALTITUD MSNM: 706<br>DEPARTAMENTO: Yoro<br>MUNICIPIO: Yoro<br>FINCA: Finca El Pajaro<br>DNI: 1801-1970-00865<br>IMAGEN DNI: https://kf.kobotoolbox.org/api/v2/assets/ad7G92bXCJpMkqNXz97XDt/data/742936628/attachments/atts8AjG9p3bjJAiVycmiQRM/<br>EDAD: 55<br>RAZA: Antillano<br>VARIEDAD: Choquette<br>TOTAL PLANTAS: 150<br>PLANTAS EN PRODUCCION: 150<br>AREA EN MZ: 1<br>ANALISIS DE SUELO: Si<br>IMAGEN ANALISIS: <br>FERTILIZA: Si<br>FUMIGA: No<br>SISTEMA DE RIEGO: No<br>TIPO DE SISTEMA: <br>AREA CON RIEGO: <br>FUENTE DE AGUA: Si<br>CAPACITACION: Si<br>REALIZA PODAS: Si<br>AFILIADO A ASPAH: Si<br>CREDITO: No<br>TRABAJADORES PERMANENTES: No<br>CUANTOS TP: <br>TRANBAJADORES TEMPORALES: Si<br>CUANTOS TT: 5<br>SALARIO POR DIA: 250<br>LIBRAS COSECHADAS: <br>UNIDADES COSECHADAS: 15000<br>UNIDADES COSSECHADAS: <br>MESES DE COSECHA: Junio Julio Agosto Septiembre Octubre Noviembre<br>DONDE VENDE: Un comprador viene a mi finca.<br>PRECIO LIBRA: <br>PRECIO UNIDAD: 12<br>PRECIO UNNIDAD: <br>TRANSPORTE DE COSECHA: Ninguno<br>IMAGEN PRODUCTOR: https://kf.kobotoolbox.org/api/v2/assets/ad7G92bXCJpMkqNXz97XDt/data/742936628/attachments/attYJSemTxDz3UZLotA2zGcr/<br>OBSERVACION: Finca manejada de forma excelente 10 de 10, manejo solo organico especialmente el suelo hojarasca y estiercol de ganado, dice no tener problema de plagas<br>FIRMA: https://kf.kobotoolbox.org/api/v2/assets/ad7G92bXCJpMkqNXz97XDt/data/742936628/attachments/atthiSzzC8BJvRsWjNmME6P7/]]></description>
        <styleUrl>#icon-1899-FFD600</styleUrl>
        <ExtendedData>
          <Data name="﻿FECHA">
            <value>3/5/2026</value>
          </Data>
          <Data name="LATITUD">
            <value>15.1356448</value>
          </Data>
          <Data name="LONGITUD">
            <value>-87.0698379</value>
          </Data>
          <Data name="ALTITUD MSNM">
            <value>706.0</value>
          </Data>
          <Data name="DEPARTAMENTO">
            <value>Yoro</value>
          </Data>
          <Data name="MUNICIPIO">
            <value>Yoro</value>
          </Data>
          <Data name="FINCA">
            <value>Finca El Pajaro</value>
          </Data>
          <Data name="DNI">
            <value>1801-1970-00865</value>
          </Data>
          <Data name="IMAGEN DNI">
            <value>https://kf.kobotoolbox.org/api/v2/assets/ad7G92bXCJpMkqNXz97XDt/data/742936628/attachments/atts8AjG9p3bjJAiVycmiQRM/</value>
          </Data>
          <Data name="EDAD">
            <value>55.0</value>
          </Data>
          <Data name="RAZA">
            <value>Antillano</value>
          </Data>
          <Data name="VARIEDAD">
            <value>Choquette</value>
          </Data>
          <Data name="TOTAL PLANTAS">
            <value>150.0</value>
          </Data>
          <Data name="PLANTAS EN PRODUCCION">
            <value>150.0</value>
          </Data>
          <Data name="AREA EN MZ">
            <value>1</value>
          </Data>
          <Data name="ANALISIS DE SUELO">
            <value>Si</value>
          </Data>
          <Data name="IMAGEN ANALISIS">
            <value/>
          </Data>
          <Data name="FERTILIZA">
            <value>Si</value>
          </Data>
          <Data name="FUMIGA">
            <value>No</value>
          </Data>
          <Data name="SISTEMA DE RIEGO">
            <value>No</value>
          </Data>
          <Data name="TIPO DE SISTEMA">
            <value/>
          </Data>
          <Data name="AREA CON RIEGO">
            <value/>
          </Data>
          <Data name="FUENTE DE AGUA">
            <value>Si</value>
          </Data>
          <Data name="CAPACITACION">
            <value>Si</value>
          </Data>
          <Data name="REALIZA PODAS">
            <value>Si</value>
          </Data>
          <Data name="AFILIADO A ASPAH">
            <value>Si</value>
          </Data>
          <Data name="CREDITO">
            <value>No</value>
          </Data>
          <Data name="TRABAJADORES PERMANENTES">
            <value>No</value>
          </Data>
          <Data name="CUANTOS TP">
            <value/>
          </Data>
          <Data name="TRANBAJADORES TEMPORALES">
            <value>Si</value>
          </Data>
          <Data name="CUANTOS TT">
            <value>5.0</value>
          </Data>
          <Data name="SALARIO POR DIA">
            <value>250.0</value>
          </Data>
          <Data name="LIBRAS COSECHADAS">
            <value/>
          </Data>
          <Data name="UNIDADES COSECHADAS">
            <value>15000.0</value>
          </Data>
          <Data name="UNIDADES COSSECHADAS">
            <value/>
          </Data>
          <Data name="MESES DE COSECHA">
            <value>Junio Julio Agosto Septiembre Octubre Noviembre</value>
          </Data>
          <Data name="DONDE VENDE">
            <value>Un comprador viene a mi finca.</value>
          </Data>
          <Data name="PRECIO LIBRA">
            <value/>
          </Data>
          <Data name="PRECIO UNIDAD">
            <value>12.0</value>
          </Data>
          <Data name="PRECIO UNNIDAD">
            <value/>
          </Data>
          <Data name="TRANSPORTE DE COSECHA">
            <value>Ninguno</value>
          </Data>
          <Data name="IMAGEN PRODUCTOR">
            <value>https://kf.kobotoolbox.org/api/v2/assets/ad7G92bXCJpMkqNXz97XDt/data/742936628/attachments/attYJSemTxDz3UZLotA2zGcr/</value>
          </Data>
          <Data name="OBSERVACION">
            <value>Finca manejada de forma excelente 10 de 10, manejo solo organico especialmente el suelo hojarasca y estiercol de ganado, dice no tener problema de plagas</value>
          </Data>
          <Data name="FIRMA">
            <value>https://kf.kobotoolbox.org/api/v2/assets/ad7G92bXCJpMkqNXz97XDt/data/742936628/attachments/atthiSzzC8BJvRsWjNmME6P7/</value>
          </Data>
        </ExtendedData>
        <Point>
          <coordinates>
            -87.0698379,15.1356448,0
          </coordinates>
        </Point>
      </Placemark>
      <Placemark>
        <name>LUIS ORLANDO FLETES RAMOS</name>
        <description><![CDATA[﻿FECHA: 2/5/2026<br>LATITUD: 14.9437236<br>LONGITUD: -87.3643639<br>ALTITUD MSNM: 444<br>DEPARTAMENTO: Yoro<br>MUNICIPIO: Victoria<br>FINCA: Finca Monte Grande<br>DNI: 1810-1991-00285<br>IMAGEN DNI: https://kf.kobotoolbox.org/api/v2/assets/ad7G92bXCJpMkqNXz97XDt/data/742936784/attachments/attoEettYB6hLLKTD6X3yJK9/<br>EDAD: 34<br>RAZA: Antillano<br>VARIEDAD: Choquette Boot 8 Lula<br>TOTAL PLANTAS: 260<br>PLANTAS EN PRODUCCION: 60<br>AREA EN MZ: 2.5<br>ANALISIS DE SUELO: Si<br>IMAGEN ANALISIS: https://kf.kobotoolbox.org/api/v2/assets/ad7G92bXCJpMkqNXz97XDt/data/742936784/attachments/att6D8STu5a5nqcLzh8BHQPH/<br>FERTILIZA: Si<br>FUMIGA: Si<br>SISTEMA DE RIEGO: Si<br>TIPO DE SISTEMA: Sistema de riego por goteo<br>AREA CON RIEGO: 2.5<br>FUENTE DE AGUA: <br>CAPACITACION: No<br>REALIZA PODAS: Si<br>AFILIADO A ASPAH: Si<br>CREDITO: No<br>TRABAJADORES PERMANENTES: Si<br>CUANTOS TP: 1<br>TRANBAJADORES TEMPORALES: Si<br>CUANTOS TT: 4<br>SALARIO POR DIA: 250<br>LIBRAS COSECHADAS: <br>UNIDADES COSECHADAS: 0<br>UNIDADES COSSECHADAS: <br>MESES DE COSECHA: Agosto Septiembre Octubre Noviembre<br>DONDE VENDE: No he vendido aún.<br>PRECIO LIBRA: <br>PRECIO UNIDAD: 0<br>PRECIO UNNIDAD: <br>TRANSPORTE DE COSECHA: Ninguno<br>IMAGEN PRODUCTOR: https://kf.kobotoolbox.org/api/v2/assets/ad7G92bXCJpMkqNXz97XDt/data/742936784/attachments/attMCSP7G2AunupDLMkEysWT/<br>OBSERVACION: Productor joven con gran interes en asesoria técnica<br>FIRMA: https://kf.kobotoolbox.org/api/v2/assets/ad7G92bXCJpMkqNXz97XDt/data/742936784/attachments/attye9jFydQijYzfkpb772hP/]]></description>
        <styleUrl>#icon-1899-FFD600</styleUrl>
        <ExtendedData>
          <Data name="﻿FECHA">
            <value>2/5/2026</value>
          </Data>
          <Data name="LATITUD">
            <value>14.9437236</value>
          </Data>
          <Data name="LONGITUD">
            <value>-87.3643639</value>
          </Data>
          <Data name="ALTITUD MSNM">
            <value>444.0</value>
          </Data>
          <Data name="DEPARTAMENTO">
            <value>Yoro</value>
          </Data>
          <Data name="MUNICIPIO">
            <value>Victoria</value>
          </Data>
          <Data name="FINCA">
            <value>Finca Monte Grande</value>
          </Data>
          <Data name="DNI">
            <value>1810-1991-00285</value>
          </Data>
          <Data name="IMAGEN DNI">
            <value>https://kf.kobotoolbox.org/api/v2/assets/ad7G92bXCJpMkqNXz97XDt/data/742936784/attachments/attoEettYB6hLLKTD6X3yJK9/</value>
          </Data>
          <Data name="EDAD">
            <value>34.0</value>
          </Data>
          <Data name="RAZA">
            <value>Antillano</value>
          </Data>
          <Data name="VARIEDAD">
            <value>Choquette Boot 8 Lula</value>
          </Data>
          <Data name="TOTAL PLANTAS">
            <value>260.0</value>
          </Data>
          <Data name="PLANTAS EN PRODUCCION">
            <value>60.0</value>
          </Data>
          <Data name="AREA EN MZ">
            <value>2.5</value>
          </Data>
          <Data name="ANALISIS DE SUELO">
            <value>Si</value>
          </Data>
          <Data name="IMAGEN ANALISIS">
            <value>https://kf.kobotoolbox.org/api/v2/assets/ad7G92bXCJpMkqNXz97XDt/data/742936784/attachments/att6D8STu5a5nqcLzh8BHQPH/</value>
          </Data>
          <Data name="FERTILIZA">
            <value>Si</value>
          </Data>
          <Data name="FUMIGA">
            <value>Si</value>
          </Data>
          <Data name="SISTEMA DE RIEGO">
            <value>Si</value>
          </Data>
          <Data name="TIPO DE SISTEMA">
            <value>Sistema de riego por goteo</value>
          </Data>
          <Data name="AREA CON RIEGO">
            <value>2.5</value>
          </Data>
          <Data name="FUENTE DE AGUA">
            <value/>
          </Data>
          <Data name="CAPACITACION">
            <value>No</value>
          </Data>
          <Data name="REALIZA PODAS">
            <value>Si</value>
          </Data>
          <Data name="AFILIADO A ASPAH">
            <value>Si</value>
          </Data>
          <Data name="CREDITO">
            <value>No</value>
          </Data>
          <Data name="TRABAJADORES PERMANENTES">
            <value>Si</value>
          </Data>
          <Data name="CUANTOS TP">
            <value>1.0</value>
          </Data>
          <Data name="TRANBAJADORES TEMPORALES">
            <value>Si</value>
          </Data>
          <Data name="CUANTOS TT">
            <value>4.0</value>
          </Data>
          <Data name="SALARIO POR DIA">
            <value>250.0</value>
          </Data>
          <Data name="LIBRAS COSECHADAS">
            <value/>
          </Data>
          <Data name="UNIDADES COSECHADAS">
            <value>0.0</value>
          </Data>
          <Data name="UNIDADES COSSECHADAS">
            <value/>
          </Data>
          <Data name="MESES DE COSECHA">
            <value>Agosto Septiembre Octubre Noviembre</value>
          </Data>
          <Data name="DONDE VENDE">
            <value>No he vendido aún.</value>
          </Data>
          <Data name="PRECIO LIBRA">
            <value/>
          </Data>
          <Data name="PRECIO UNIDAD">
            <value>0.0</value>
          </Data>
          <Data name="PRECIO UNNIDAD">
            <value/>
          </Data>
          <Data name="TRANSPORTE DE COSECHA">
            <value>Ninguno</value>
          </Data>
          <Data name="IMAGEN PRODUCTOR">
            <value>https://kf.kobotoolbox.org/api/v2/assets/ad7G92bXCJpMkqNXz97XDt/data/742936784/attachments/attMCSP7G2AunupDLMkEysWT/</value>
          </Data>
          <Data name="OBSERVACION">
            <value>Productor joven con gran interes en asesoria técnica</value>
          </Data>
          <Data name="FIRMA">
            <value>https://kf.kobotoolbox.org/api/v2/assets/ad7G92bXCJpMkqNXz97XDt/data/742936784/attachments/attye9jFydQijYzfkpb772hP/</value>
          </Data>
        </ExtendedData>
        <Point>
          <coordinates>
            -87.3643639,14.9437236,0
          </coordinates>
        </Point>
      </Placemark>
      <Placemark>
        <name>MARCOS VINICIO LOPEZ CASTRO</name>
        <description><![CDATA[﻿FECHA: 3/5/2026<br>LATITUD: 15.1285928<br>LONGITUD: -87.1187739<br>ALTITUD MSNM: 661<br>DEPARTAMENTO: Yoro<br>MUNICIPIO: Yoro<br>FINCA: Finca Luna Cafe<br>DNI: 1801-1956-00414<br>IMAGEN DNI: https://kf.kobotoolbox.org/api/v2/assets/ad7G92bXCJpMkqNXz97XDt/data/744137120/attachments/attV9LfWxg25U6pteWrN6upA/<br>EDAD: 67<br>RAZA: Antillano<br>VARIEDAD: Choquette Belice<br>TOTAL PLANTAS: 100<br>PLANTAS EN PRODUCCION: 95<br>AREA EN MZ: 1<br>ANALISIS DE SUELO: No<br>IMAGEN ANALISIS: <br>FERTILIZA: Si<br>FUMIGA: Si<br>SISTEMA DE RIEGO: Si<br>TIPO DE SISTEMA: Sistema de riego por micro-aspersion<br>AREA CON RIEGO: 1<br>FUENTE DE AGUA: <br>CAPACITACION: Si<br>REALIZA PODAS: Si<br>AFILIADO A ASPAH: Si<br>CREDITO: No<br>TRABAJADORES PERMANENTES: No<br>CUANTOS TP: <br>TRANBAJADORES TEMPORALES: Si<br>CUANTOS TT: 4<br>SALARIO POR DIA: 200<br>LIBRAS COSECHADAS: <br>UNIDADES COSECHADAS: 4000<br>UNIDADES COSSECHADAS: <br>MESES DE COSECHA: Noviembre Diciembre<br>DONDE VENDE: Supermercado.<br>PRECIO LIBRA: <br>PRECIO UNIDAD: 13<br>PRECIO UNNIDAD: <br>TRANSPORTE DE COSECHA: Vehiculo propio<br>IMAGEN PRODUCTOR: https://kf.kobotoolbox.org/api/v2/assets/ad7G92bXCJpMkqNXz97XDt/data/744137120/attachments/atto3amGMiMCf4VPGWdDiLy2/<br>OBSERVACION: <br>FIRMA: https://kf.kobotoolbox.org/api/v2/assets/ad7G92bXCJpMkqNXz97XDt/data/744137120/attachments/attKjuiDwDAC7NDy2KLWqsgD/]]></description>
        <styleUrl>#icon-1899-FFD600</styleUrl>
        <ExtendedData>
          <Data name="﻿FECHA">
            <value>3/5/2026</value>
          </Data>
          <Data name="LATITUD">
            <value>15.1285928</value>
          </Data>
          <Data name="LONGITUD">
            <value>-87.1187739</value>
          </Data>
          <Data name="ALTITUD MSNM">
            <value>661.0</value>
          </Data>
          <Data name="DEPARTAMENTO">
            <value>Yoro</value>
          </Data>
          <Data name="MUNICIPIO">
            <value>Yoro</value>
          </Data>
          <Data name="FINCA">
            <value>Finca Luna Cafe</value>
          </Data>
          <Data name="DNI">
            <value>1801-1956-00414</value>
          </Data>
          <Data name="IMAGEN DNI">
            <value>https://kf.kobotoolbox.org/api/v2/assets/ad7G92bXCJpMkqNXz97XDt/data/744137120/attachments/attV9LfWxg25U6pteWrN6upA/</value>
          </Data>
          <Data name="EDAD">
            <value>67.0</value>
          </Data>
          <Data name="RAZA">
            <value>Antillano</value>
          </Data>
          <Data name="VARIEDAD">
            <value>Choquette Belice</value>
          </Data>
          <Data name="TOTAL PLANTAS">
            <value>100.0</value>
          </Data>
          <Data name="PLANTAS EN PRODUCCION">
            <value>95.0</value>
          </Data>
          <Data name="AREA EN MZ">
            <value>1</value>
          </Data>
          <Data name="ANALISIS DE SUELO">
            <value>No</value>
          </Data>
          <Data name="IMAGEN ANALISIS">
            <value/>
          </Data>
          <Data name="FERTILIZA">
            <value>Si</value>
          </Data>
          <Data name="FUMIGA">
            <value>Si</value>
          </Data>
          <Data name="SISTEMA DE RIEGO">
            <value>Si</value>
          </Data>
          <Data name="TIPO DE SISTEMA">
            <value>Sistema de riego por micro-aspersion</value>
          </Data>
          <Data name="AREA CON RIEGO">
            <value>1</value>
          </Data>
          <Data name="FUENTE DE AGUA">
            <value/>
          </Data>
          <Data name="CAPACITACION">
            <value>Si</value>
          </Data>
          <Data name="REALIZA PODAS">
            <value>Si</value>
          </Data>
          <Data name="AFILIADO A ASPAH">
            <value>Si</value>
          </Data>
          <Data name="CREDITO">
            <value>No</value>
          </Data>
          <Data name="TRABAJADORES PERMANENTES">
            <value>No</value>
          </Data>
          <Data name="CUANTOS TP">
            <value/>
          </Data>
          <Data name="TRANBAJADORES TEMPORALES">
            <value>Si</value>
          </Data>
          <Data name="CUANTOS TT">
            <value>4.0</value>
          </Data>
          <Data name="SALARIO POR DIA">
            <value>200.0</value>
          </Data>
          <Data name="LIBRAS COSECHADAS">
            <value/>
          </Data>
          <Data name="UNIDADES COSECHADAS">
            <value>4000.0</value>
          </Data>
          <Data name="UNIDADES COSSECHADAS">
            <value/>
          </Data>
          <Data name="MESES DE COSECHA">
            <value>Noviembre Diciembre</value>
          </Data>
          <Data name="DONDE VENDE">
            <value>Supermercado.</value>
          </Data>
          <Data name="PRECIO LIBRA">
            <value/>
          </Data>
          <Data name="PRECIO UNIDAD">
            <value>13.0</value>
          </Data>
          <Data name="PRECIO UNNIDAD">
            <value/>
          </Data>
          <Data name="TRANSPORTE DE COSECHA">
            <value>Vehiculo propio</value>
          </Data>
          <Data name="IMAGEN PRODUCTOR">
            <value>https://kf.kobotoolbox.org/api/v2/assets/ad7G92bXCJpMkqNXz97XDt/data/744137120/attachments/atto3amGMiMCf4VPGWdDiLy2/</value>
          </Data>
          <Data name="OBSERVACION">
            <value/>
          </Data>
          <Data name="FIRMA">
            <value>https://kf.kobotoolbox.org/api/v2/assets/ad7G92bXCJpMkqNXz97XDt/data/744137120/attachments/attKjuiDwDAC7NDy2KLWqsgD/</value>
          </Data>
        </ExtendedData>
        <Point>
          <coordinates>
            -87.1187739,15.1285928,0
          </coordinates>
        </Point>
      </Placemark>
      <Placemark>
        <name>JOSE ROSA GARCIA LARREINAGA</name>
        <description><![CDATA[﻿FECHA: 6/5/2026<br>LATITUD: 14.2756568<br>LONGITUD: -88.2531231<br>ALTITUD MSNM: 1706<br>DEPARTAMENTO: Intibuca<br>MUNICIPIO: Yaramanguila<br>FINCA: Finca la Providencia<br>DNI: 1306-1974-00189<br>IMAGEN DNI: https://kf.kobotoolbox.org/api/v2/assets/ad7G92bXCJpMkqNXz97XDt/data/744993053/attachments/attAftTkasQLktW7nwrpj4Nk/<br>EDAD: 51<br>RAZA: Hass<br>VARIEDAD: <br>TOTAL PLANTAS: 450<br>PLANTAS EN PRODUCCION: 400<br>AREA EN MZ: 2.5<br>ANALISIS DE SUELO: No<br>IMAGEN ANALISIS: <br>FERTILIZA: Si<br>FUMIGA: Si<br>SISTEMA DE RIEGO: Si<br>TIPO DE SISTEMA: Sistema de riego por micro-aspersion<br>AREA CON RIEGO: 2.5<br>FUENTE DE AGUA: <br>CAPACITACION: Si<br>REALIZA PODAS: Si<br>AFILIADO A ASPAH: Si<br>CREDITO: No<br>TRABAJADORES PERMANENTES: Si<br>CUANTOS TP: 1<br>TRANBAJADORES TEMPORALES: Si<br>CUANTOS TT: 2<br>SALARIO POR DIA: 333<br>LIBRAS COSECHADAS: 13300<br>UNIDADES COSECHADAS: <br>UNIDADES COSSECHADAS: <br>MESES DE COSECHA: Enero Febrero Marzo Abril Mayo Junio Julio Agosto Septiembre Octubre Noviembre<br>DONDE VENDE: Mercado local, pulperias y en casa.<br>PRECIO LIBRA: 30<br>PRECIO UNIDAD: <br>PRECIO UNNIDAD: <br>TRANSPORTE DE COSECHA: Vehiculo propio<br>IMAGEN PRODUCTOR: https://kf.kobotoolbox.org/api/v2/assets/ad7G92bXCJpMkqNXz97XDt/data/744993053/attachments/attbjoJjcxtn2odDRBXJqCJx/<br>OBSERVACION: Tiene micro aspersion y goteo en cuanto riego<br>FIRMA: https://kf.kobotoolbox.org/api/v2/assets/ad7G92bXCJpMkqNXz97XDt/data/744993053/attachments/atteVZahnBEPmhppC6Bmdhtc/]]></description>
        <styleUrl>#icon-1899-FFD600</styleUrl>
        <ExtendedData>
          <Data name="﻿FECHA">
            <value>6/5/2026</value>
          </Data>
          <Data name="LATITUD">
            <value>14.2756568</value>
          </Data>
          <Data name="LONGITUD">
            <value>-88.2531231</value>
          </Data>
          <Data name="ALTITUD MSNM">
            <value>1706.0</value>
          </Data>
          <Data name="DEPARTAMENTO">
            <value>Intibuca</value>
          </Data>
          <Data name="MUNICIPIO">
            <value>Yaramanguila</value>
          </Data>
          <Data name="FINCA">
            <value>Finca la Providencia</value>
          </Data>
          <Data name="DNI">
            <value>1306-1974-00189</value>
          </Data>
          <Data name="IMAGEN DNI">
            <value>https://kf.kobotoolbox.org/api/v2/assets/ad7G92bXCJpMkqNXz97XDt/data/744993053/attachments/attAftTkasQLktW7nwrpj4Nk/</value>
          </Data>
          <Data name="EDAD">
            <value>51.0</value>
          </Data>
          <Data name="RAZA">
            <value>Hass</value>
          </Data>
          <Data name="VARIEDAD">
            <value/>
          </Data>
          <Data name="TOTAL PLANTAS">
            <value>450.0</value>
          </Data>
          <Data name="PLANTAS EN PRODUCCION">
            <value>400.0</value>
          </Data>
          <Data name="AREA EN MZ">
            <value>2.5</value>
          </Data>
          <Data name="ANALISIS DE SUELO">
            <value>No</value>
          </Data>
          <Data name="IMAGEN ANALISIS">
            <value/>
          </Data>
          <Data name="FERTILIZA">
            <value>Si</value>
          </Data>
          <Data name="FUMIGA">
            <value>Si</value>
          </Data>
          <Data name="SISTEMA DE RIEGO">
            <value>Si</value>
          </Data>
          <Data name="TIPO DE SISTEMA">
            <value>Sistema de riego por micro-aspersion</value>
          </Data>
          <Data name="AREA CON RIEGO">
            <value>2.5</value>
          </Data>
          <Data name="FUENTE DE AGUA">
            <value/>
          </Data>
          <Data name="CAPACITACION">
            <value>Si</value>
          </Data>
          <Data name="REALIZA PODAS">
            <value>Si</value>
          </Data>
          <Data name="AFILIADO A ASPAH">
            <value>Si</value>
          </Data>
          <Data name="CREDITO">
            <value>No</value>
          </Data>
          <Data name="TRABAJADORES PERMANENTES">
            <value>Si</value>
          </Data>
          <Data name="CUANTOS TP">
            <value>1.0</value>
          </Data>
          <Data name="TRANBAJADORES TEMPORALES">
            <value>Si</value>
          </Data>
          <Data name="CUANTOS TT">
            <value>2.0</value>
          </Data>
          <Data name="SALARIO POR DIA">
            <value>333.0</value>
          </Data>
          <Data name="LIBRAS COSECHADAS">
            <value>13300.0</value>
          </Data>
          <Data name="UNIDADES COSECHADAS">
            <value/>
          </Data>
          <Data name="UNIDADES COSSECHADAS">
            <value/>
          </Data>
          <Data name="MESES DE COSECHA">
            <value>Enero Febrero Marzo Abril Mayo Junio Julio Agosto Septiembre Octubre Noviembre</value>
          </Data>
          <Data name="DONDE VENDE">
            <value>Mercado local, pulperias y en casa.</value>
          </Data>
          <Data name="PRECIO LIBRA">
            <value>30.0</value>
          </Data>
          <Data name="PRECIO UNIDAD">
            <value/>
          </Data>
          <Data name="PRECIO UNNIDAD">
            <value/>
          </Data>
          <Data name="TRANSPORTE DE COSECHA">
            <value>Vehiculo propio</value>
          </Data>
          <Data name="IMAGEN PRODUCTOR">
            <value>https://kf.kobotoolbox.org/api/v2/assets/ad7G92bXCJpMkqNXz97XDt/data/744993053/attachments/attbjoJjcxtn2odDRBXJqCJx/</value>
          </Data>
          <Data name="OBSERVACION">
            <value>Tiene micro aspersion y goteo en cuanto riego</value>
          </Data>
          <Data name="FIRMA">
            <value>https://kf.kobotoolbox.org/api/v2/assets/ad7G92bXCJpMkqNXz97XDt/data/744993053/attachments/atteVZahnBEPmhppC6Bmdhtc/</value>
          </Data>
        </ExtendedData>
        <Point>
          <coordinates>
            -88.2531231,14.2756568,0
          </coordinates>
        </Point>
      </Placemark>
      <Placemark>
        <name>HECTOR AGUILAR CLAROS</name>
        <description><![CDATA[﻿FECHA: 6/5/2026<br>LATITUD: 14.2749082<br>LONGITUD: -88.2523593<br>ALTITUD MSNM: 1711<br>DEPARTAMENTO: Intibuca<br>MUNICIPIO: Yaramanguila<br>FINCA: Finca Alejandra<br>DNI: 1016-1943-00040<br>IMAGEN DNI: https://kf.kobotoolbox.org/api/v2/assets/ad7G92bXCJpMkqNXz97XDt/data/745026696/attachments/attUBKuUJ3FhocrMnzDLyLdu/<br>EDAD: 83<br>RAZA: Hass<br>VARIEDAD: <br>TOTAL PLANTAS: 400<br>PLANTAS EN PRODUCCION: 200<br>AREA EN MZ: 2<br>ANALISIS DE SUELO: No<br>IMAGEN ANALISIS: <br>FERTILIZA: Si<br>FUMIGA: Si<br>SISTEMA DE RIEGO: Si<br>TIPO DE SISTEMA: Sistema de riego por goteo<br>AREA CON RIEGO: <br>2<br>FUENTE DE AGUA: <br>CAPACITACION: No<br>REALIZA PODAS: Si<br>AFILIADO A ASPAH: No<br>CREDITO: No<br>TRABAJADORES PERMANENTES: Si<br>CUANTOS TP: 3<br>TRANBAJADORES TEMPORALES: Si<br>CUANTOS TT: 3<br>SALARIO POR DIA: 250<br>LIBRAS COSECHADAS: 1700<br>UNIDADES COSECHADAS: <br>UNIDADES COSSECHADAS: <br>MESES DE COSECHA: Febrero Marzo Abril<br>DONDE VENDE: Mercado local, pulperias y en casa.<br>PRECIO LIBRA: 23<br>PRECIO UNIDAD: <br>PRECIO UNNIDAD: <br>TRANSPORTE DE COSECHA: Vehiculo propio<br>IMAGEN PRODUCTOR: https://kf.kobotoolbox.org/api/v2/assets/ad7G92bXCJpMkqNXz97XDt/data/745026696/attachments/attUXCA9tgDGPZv37ETZrWT7/<br>OBSERVACION: <br>FIRMA: https://kf.kobotoolbox.org/api/v2/assets/ad7G92bXCJpMkqNXz97XDt/data/745026696/attachments/attkyfKYxp5omaWdSQU9GxpS/]]></description>
        <styleUrl>#icon-1899-FFD600</styleUrl>
        <ExtendedData>
          <Data name="﻿FECHA">
            <value>6/5/2026</value>
          </Data>
          <Data name="LATITUD">
            <value>14.2749082</value>
          </Data>
          <Data name="LONGITUD">
            <value>-88.2523593</value>
          </Data>
          <Data name="ALTITUD MSNM">
            <value>1711.0</value>
          </Data>
          <Data name="DEPARTAMENTO">
            <value>Intibuca</value>
          </Data>
          <Data name="MUNICIPIO">
            <value>Yaramanguila</value>
          </Data>
          <Data name="FINCA">
            <value>Finca Alejandra</value>
          </Data>
          <Data name="DNI">
            <value>1016-1943-00040</value>
          </Data>
          <Data name="IMAGEN DNI">
            <value>https://kf.kobotoolbox.org/api/v2/assets/ad7G92bXCJpMkqNXz97XDt/data/745026696/attachments/attUBKuUJ3FhocrMnzDLyLdu/</value>
          </Data>
          <Data name="EDAD">
            <value>83.0</value>
          </Data>
          <Data name="RAZA">
            <value>Hass</value>
          </Data>
          <Data name="VARIEDAD">
            <value/>
          </Data>
          <Data name="TOTAL PLANTAS">
            <value>400.0</value>
          </Data>
          <Data name="PLANTAS EN PRODUCCION">
            <value>200.0</value>
          </Data>
          <Data name="AREA EN MZ">
            <value>2</value>
          </Data>
          <Data name="ANALISIS DE SUELO">
            <value>No</value>
          </Data>
          <Data name="IMAGEN ANALISIS">
            <value/>
          </Data>
          <Data name="FERTILIZA">
            <value>Si</value>
          </Data>
          <Data name="FUMIGA">
            <value>Si</value>
          </Data>
          <Data name="SISTEMA DE RIEGO">
            <value>Si</value>
          </Data>
          <Data name="TIPO DE SISTEMA">
            <value>Sistema de riego por goteo</value>
          </Data>
          <Data name="AREA CON RIEGO">
            <value>
2</value>
          </Data>
          <Data name="FUENTE DE AGUA">
            <value/>
          </Data>
          <Data name="CAPACITACION">
            <value>No</value>
          </Data>
          <Data name="REALIZA PODAS">
            <value>Si</value>
          </Data>
          <Data name="AFILIADO A ASPAH">
            <value>No</value>
          </Data>
          <Data name="CREDITO">
            <value>No</value>
          </Data>
          <Data name="TRABAJADORES PERMANENTES">
            <value>Si</value>
          </Data>
          <Data name="CUANTOS TP">
            <value>3.0</value>
          </Data>
          <Data name="TRANBAJADORES TEMPORALES">
            <value>Si</value>
          </Data>
          <Data name="CUANTOS TT">
            <value>3.0</value>
          </Data>
          <Data name="SALARIO POR DIA">
            <value>250.0</value>
          </Data>
          <Data name="LIBRAS COSECHADAS">
            <value>1700.0</value>
          </Data>
          <Data name="UNIDADES COSECHADAS">
            <value/>
          </Data>
          <Data name="UNIDADES COSSECHADAS">
            <value/>
          </Data>
          <Data name="MESES DE COSECHA">
            <value>Febrero Marzo Abril</value>
          </Data>
          <Data name="DONDE VENDE">
            <value>Mercado local, pulperias y en casa.</value>
          </Data>
          <Data name="PRECIO LIBRA">
            <value>23.0</value>
          </Data>
          <Data name="PRECIO UNIDAD">
            <value/>
          </Data>
          <Data name="PRECIO UNNIDAD">
            <value/>
          </Data>
          <Data name="TRANSPORTE DE COSECHA">
            <value>Vehiculo propio</value>
          </Data>
          <Data name="IMAGEN PRODUCTOR">
            <value>https://kf.kobotoolbox.org/api/v2/assets/ad7G92bXCJpMkqNXz97XDt/data/745026696/attachments/attUXCA9tgDGPZv37ETZrWT7/</value>
          </Data>
          <Data name="OBSERVACION">
            <value/>
          </Data>
          <Data name="FIRMA">
            <value>https://kf.kobotoolbox.org/api/v2/assets/ad7G92bXCJpMkqNXz97XDt/data/745026696/attachments/attkyfKYxp5omaWdSQU9GxpS/</value>
          </Data>
        </ExtendedData>
        <Point>
          <coordinates>
            -88.2523593,14.2749082,0
          </coordinates>
        </Point>
      </Placemark>
      <Placemark>
        <name>VIRJILIO GUTIÉRREZ </name>
        <description><![CDATA[﻿FECHA: 6/5/2026<br>LATITUD: 14.3707845<br>LONGITUD: -88.2364021<br>ALTITUD MSNM: 2020<br>DEPARTAMENTO: Intibuca<br>MUNICIPIO: Yaramanguila<br>FINCA: Finca Montemar<br>DNI: 1016-1968-00180<br>IMAGEN DNI: https://kf.kobotoolbox.org/api/v2/assets/ad7G92bXCJpMkqNXz97XDt/data/745124748/attachments/attNzpo3zsK3MbbsqbJxE6Ya/<br>EDAD: 58<br>RAZA: Hass<br>VARIEDAD: <br>TOTAL PLANTAS: 50<br>PLANTAS EN PRODUCCION: 10<br>AREA EN MZ: 0,25<br>ANALISIS DE SUELO: No<br>IMAGEN ANALISIS: <br>FERTILIZA: Si<br>FUMIGA: Si<br>SISTEMA DE RIEGO: No<br>TIPO DE SISTEMA: <br>AREA CON RIEGO: <br>FUENTE DE AGUA: Si<br>CAPACITACION: Si<br>REALIZA PODAS: No<br>AFILIADO A ASPAH: No<br>CREDITO: No<br>TRABAJADORES PERMANENTES: No<br>CUANTOS TP: <br>TRANBAJADORES TEMPORALES: Si<br>CUANTOS TT: 1<br>SALARIO POR DIA: 250<br>LIBRAS COSECHADAS: 0<br>UNIDADES COSECHADAS: <br>UNIDADES COSSECHADAS: <br>MESES DE COSECHA: Diciembre<br>DONDE VENDE: No he vendido aún.<br>PRECIO LIBRA: 0<br>PRECIO UNIDAD: <br>PRECIO UNNIDAD: <br>TRANSPORTE DE COSECHA: Ninguno<br>IMAGEN PRODUCTOR: https://kf.kobotoolbox.org/api/v2/assets/ad7G92bXCJpMkqNXz97XDt/data/745124748/attachments/attk6w8Bb4cHaon8YRCD8e9Q/<br>OBSERVACION: Tiene un pequeño Naciente de agua y a 2 km hay un rio <br>FIRMA: https://kf.kobotoolbox.org/api/v2/assets/ad7G92bXCJpMkqNXz97XDt/data/745124748/attachments/attrKieHVpzb8WmirrqnHLet/]]></description>
        <styleUrl>#icon-1899-FFD600</styleUrl>
        <ExtendedData>
          <Data name="﻿FECHA">
            <value>6/5/2026</value>
          </Data>
          <Data name="LATITUD">
            <value>14.3707845</value>
          </Data>
          <Data name="LONGITUD">
            <value>-88.2364021</value>
          </Data>
          <Data name="ALTITUD MSNM">
            <value>2020.0</value>
          </Data>
          <Data name="DEPARTAMENTO">
            <value>Intibuca</value>
          </Data>
          <Data name="MUNICIPIO">
            <value>Yaramanguila</value>
          </Data>
          <Data name="FINCA">
            <value>Finca Montemar</value>
          </Data>
          <Data name="DNI">
            <value>1016-1968-00180</value>
          </Data>
          <Data name="IMAGEN DNI">
            <value>https://kf.kobotoolbox.org/api/v2/assets/ad7G92bXCJpMkqNXz97XDt/data/745124748/attachments/attNzpo3zsK3MbbsqbJxE6Ya/</value>
          </Data>
          <Data name="EDAD">
            <value>58.0</value>
          </Data>
          <Data name="RAZA">
            <value>Hass</value>
          </Data>
          <Data name="VARIEDAD">
            <value/>
          </Data>
          <Data name="TOTAL PLANTAS">
            <value>50.0</value>
          </Data>
          <Data name="PLANTAS EN PRODUCCION">
            <value>10.0</value>
          </Data>
          <Data name="AREA EN MZ">
            <value>0,25</value>
          </Data>
          <Data name="ANALISIS DE SUELO">
            <value>No</value>
          </Data>
          <Data name="IMAGEN ANALISIS">
            <value/>
          </Data>
          <Data name="FERTILIZA">
            <value>Si</value>
          </Data>
          <Data name="FUMIGA">
            <value>Si</value>
          </Data>
          <Data name="SISTEMA DE RIEGO">
            <value>No</value>
          </Data>
          <Data name="TIPO DE SISTEMA">
            <value/>
          </Data>
          <Data name="AREA CON RIEGO">
            <value/>
          </Data>
          <Data name="FUENTE DE AGUA">
            <value>Si</value>
          </Data>
          <Data name="CAPACITACION">
            <value>Si</value>
          </Data>
          <Data name="REALIZA PODAS">
            <value>No</value>
          </Data>
          <Data name="AFILIADO A ASPAH">
            <value>No</value>
          </Data>
          <Data name="CREDITO">
            <value>No</value>
          </Data>
          <Data name="TRABAJADORES PERMANENTES">
            <value>No</value>
          </Data>
          <Data name="CUANTOS TP">
            <value/>
          </Data>
          <Data name="TRANBAJADORES TEMPORALES">
            <value>Si</value>
          </Data>
          <Data name="CUANTOS TT">
            <value>1.0</value>
          </Data>
          <Data name="SALARIO POR DIA">
            <value>250.0</value>
          </Data>
          <Data name="LIBRAS COSECHADAS">
            <value>0.0</value>
          </Data>
          <Data name="UNIDADES COSECHADAS">
            <value/>
          </Data>
          <Data name="UNIDADES COSSECHADAS">
            <value/>
          </Data>
          <Data name="MESES DE COSECHA">
            <value>Diciembre</value>
          </Data>
          <Data name="DONDE VENDE">
            <value>No he vendido aún.</value>
          </Data>
          <Data name="PRECIO LIBRA">
            <value>0.0</value>
          </Data>
          <Data name="PRECIO UNIDAD">
            <value/>
          </Data>
          <Data name="PRECIO UNNIDAD">
            <value/>
          </Data>
          <Data name="TRANSPORTE DE COSECHA">
            <value>Ninguno</value>
          </Data>
          <Data name="IMAGEN PRODUCTOR">
            <value>https://kf.kobotoolbox.org/api/v2/assets/ad7G92bXCJpMkqNXz97XDt/data/745124748/attachments/attk6w8Bb4cHaon8YRCD8e9Q/</value>
          </Data>
          <Data name="OBSERVACION">
            <value>Tiene un pequeño Naciente de agua y a 2 km hay un rio </value>
          </Data>
          <Data name="FIRMA">
            <value>https://kf.kobotoolbox.org/api/v2/assets/ad7G92bXCJpMkqNXz97XDt/data/745124748/attachments/attrKieHVpzb8WmirrqnHLet/</value>
          </Data>
        </ExtendedData>
        <Point>
          <coordinates>
            -88.2364021,14.3707845,0
          </coordinates>
        </Point>
      </Placemark>
      <Placemark>
        <name>EULALIA GONZALES GUTIÉRREZ</name>
        <description><![CDATA[﻿FECHA: 6/5/2026<br>LATITUD: 14.3708634<br>LONGITUD: -88.2348529<br>ALTITUD MSNM: 2003<br>DEPARTAMENTO: Intibuca<br>MUNICIPIO: Yaramanguila<br>FINCA: Finca Lazy<br>DNI: 1016-1989-00137<br>IMAGEN DNI: https://kf.kobotoolbox.org/api/v2/assets/ad7G92bXCJpMkqNXz97XDt/data/745124762/attachments/attz5ujq7u8tVjEzagzHGgC7/<br>EDAD: 37<br>RAZA: Hass<br>VARIEDAD: <br>TOTAL PLANTAS: 80<br>PLANTAS EN PRODUCCION: 50<br>AREA EN MZ: 0,40<br>ANALISIS DE SUELO: No<br>IMAGEN ANALISIS: <br>FERTILIZA: Si<br>FUMIGA: Si<br>SISTEMA DE RIEGO: No<br>TIPO DE SISTEMA: <br>AREA CON RIEGO: <br>FUENTE DE AGUA: No<br>CAPACITACION: Si<br>REALIZA PODAS: No<br>AFILIADO A ASPAH: No<br>CREDITO: No<br>TRABAJADORES PERMANENTES: No<br>CUANTOS TP: <br>TRANBAJADORES TEMPORALES: Si<br>CUANTOS TT: 6<br>SALARIO POR DIA: 250<br>LIBRAS COSECHADAS: 130<br>UNIDADES COSECHADAS: <br>UNIDADES COSSECHADAS: <br>MESES DE COSECHA: Octubre Noviembre<br>DONDE VENDE: Mercado local, pulperias y en casa.<br>PRECIO LIBRA: 10<br>PRECIO UNIDAD: <br>PRECIO UNNIDAD: <br>TRANSPORTE DE COSECHA: Ninguno<br>IMAGEN PRODUCTOR: https://kf.kobotoolbox.org/api/v2/assets/ad7G92bXCJpMkqNXz97XDt/data/745124762/attachments/atthc5HNVxH8EYLbge9PFHNf/<br>OBSERVACION: Mujer productora vende la fruta a 5 lempiras <br>FIRMA: https://kf.kobotoolbox.org/api/v2/assets/ad7G92bXCJpMkqNXz97XDt/data/745124762/attachments/attdN6GmCghoFgjEjbqxKtkF/]]></description>
        <styleUrl>#icon-1899-FFD600</styleUrl>
        <ExtendedData>
          <Data name="﻿FECHA">
            <value>6/5/2026</value>
          </Data>
          <Data name="LATITUD">
            <value>14.3708634</value>
          </Data>
          <Data name="LONGITUD">
            <value>-88.2348529</value>
          </Data>
          <Data name="ALTITUD MSNM">
            <value>2003.0</value>
          </Data>
          <Data name="DEPARTAMENTO">
            <value>Intibuca</value>
          </Data>
          <Data name="MUNICIPIO">
            <value>Yaramanguila</value>
          </Data>
          <Data name="FINCA">
            <value>Finca Lazy</value>
          </Data>
          <Data name="DNI">
            <value>1016-1989-00137</value>
          </Data>
          <Data name="IMAGEN DNI">
            <value>https://kf.kobotoolbox.org/api/v2/assets/ad7G92bXCJpMkqNXz97XDt/data/745124762/attachments/attz5ujq7u8tVjEzagzHGgC7/</value>
          </Data>
          <Data name="EDAD">
            <value>37.0</value>
          </Data>
          <Data name="RAZA">
            <value>Hass</value>
          </Data>
          <Data name="VARIEDAD">
            <value/>
          </Data>
          <Data name="TOTAL PLANTAS">
            <value>80.0</value>
          </Data>
          <Data name="PLANTAS EN PRODUCCION">
            <value>50.0</value>
          </Data>
          <Data name="AREA EN MZ">
            <value>0,40</value>
          </Data>
          <Data name="ANALISIS DE SUELO">
            <value>No</value>
          </Data>
          <Data name="IMAGEN ANALISIS">
            <value/>
          </Data>
          <Data name="FERTILIZA">
            <value>Si</value>
          </Data>
          <Data name="FUMIGA">
            <value>Si</value>
          </Data>
          <Data name="SISTEMA DE RIEGO">
            <value>No</value>
          </Data>
          <Data name="TIPO DE SISTEMA">
            <value/>
          </Data>
          <Data name="AREA CON RIEGO">
            <value/>
          </Data>
          <Data name="FUENTE DE AGUA">
            <value>No</value>
          </Data>
          <Data name="CAPACITACION">
            <value>Si</value>
          </Data>
          <Data name="REALIZA PODAS">
            <value>No</value>
          </Data>
          <Data name="AFILIADO A ASPAH">
            <value>No</value>
          </Data>
          <Data name="CREDITO">
            <value>No</value>
          </Data>
          <Data name="TRABAJADORES PERMANENTES">
            <value>No</value>
          </Data>
          <Data name="CUANTOS TP">
            <value/>
          </Data>
          <Data name="TRANBAJADORES TEMPORALES">
            <value>Si</value>
          </Data>
          <Data name="CUANTOS TT">
            <value>6.0</value>
          </Data>
          <Data name="SALARIO POR DIA">
            <value>250.0</value>
          </Data>
          <Data name="LIBRAS COSECHADAS">
            <value>130.0</value>
          </Data>
          <Data name="UNIDADES COSECHADAS">
            <value/>
          </Data>
          <Data name="UNIDADES COSSECHADAS">
            <value/>
          </Data>
          <Data name="MESES DE COSECHA">
            <value>Octubre Noviembre</value>
          </Data>
          <Data name="DONDE VENDE">
            <value>Mercado local, pulperias y en casa.</value>
          </Data>
          <Data name="PRECIO LIBRA">
            <value>10.0</value>
          </Data>
          <Data name="PRECIO UNIDAD">
            <value/>
          </Data>
          <Data name="PRECIO UNNIDAD">
            <value/>
          </Data>
          <Data name="TRANSPORTE DE COSECHA">
            <value>Ninguno</value>
          </Data>
          <Data name="IMAGEN PRODUCTOR">
            <value>https://kf.kobotoolbox.org/api/v2/assets/ad7G92bXCJpMkqNXz97XDt/data/745124762/attachments/atthc5HNVxH8EYLbge9PFHNf/</value>
          </Data>
          <Data name="OBSERVACION">
            <value>Mujer productora vende la fruta a 5 lempiras </value>
          </Data>
          <Data name="FIRMA">
            <value>https://kf.kobotoolbox.org/api/v2/assets/ad7G92bXCJpMkqNXz97XDt/data/745124762/attachments/attdN6GmCghoFgjEjbqxKtkF/</value>
          </Data>
        </ExtendedData>
        <Point>
          <coordinates>
            -88.2348529,14.3708634,0
          </coordinates>
        </Point>
      </Placemark>
      <Placemark>
        <name>CALISTRO GUTIÉRREZ GUTIÉRREZ </name>
        <description><![CDATA[﻿FECHA: 6/5/2026<br>LATITUD: 14.3698084<br>LONGITUD: -88.2354419<br>ALTITUD MSNM: 2024<br>DEPARTAMENTO: Intibuca<br>MUNICIPIO: Yaramanguila<br>FINCA: Finca Recursos de mi tierra<br>DNI: 1016-1979-00519<br>IMAGEN DNI: https://kf.kobotoolbox.org/api/v2/assets/ad7G92bXCJpMkqNXz97XDt/data/745128292/attachments/attFdUWN2Yekov2C2zEtBntc/<br>EDAD: 45<br>RAZA: Hass<br>VARIEDAD: <br>TOTAL PLANTAS: 30<br>PLANTAS EN PRODUCCION: 30<br>AREA EN MZ: 0,20<br>ANALISIS DE SUELO: No<br>IMAGEN ANALISIS: <br>FERTILIZA: Si<br>FUMIGA: Si<br>SISTEMA DE RIEGO: No<br>TIPO DE SISTEMA: <br>AREA CON RIEGO: <br>FUENTE DE AGUA: Si<br>CAPACITACION: Si<br>REALIZA PODAS: Si<br>AFILIADO A ASPAH: No<br>CREDITO: No<br>TRABAJADORES PERMANENTES: No<br>CUANTOS TP: <br>TRANBAJADORES TEMPORALES: Si<br>CUANTOS TT: 1<br>SALARIO POR DIA: 250<br>LIBRAS COSECHADAS: 170<br>UNIDADES COSECHADAS: <br>UNIDADES COSSECHADAS: <br>MESES DE COSECHA: Enero<br>DONDE VENDE: Un comprador viene a mi finca.<br>PRECIO LIBRA: 18<br>PRECIO UNIDAD: <br>PRECIO UNNIDAD: <br>TRANSPORTE DE COSECHA: Ninguno<br>IMAGEN PRODUCTOR: https://kf.kobotoolbox.org/api/v2/assets/ad7G92bXCJpMkqNXz97XDt/data/745128292/attachments/attN4TfkMz2wvyUbxe7FSKW5/<br>OBSERVACION: Se los compra red comal a 9 la unidad <br>FIRMA: https://kf.kobotoolbox.org/api/v2/assets/ad7G92bXCJpMkqNXz97XDt/data/745128292/attachments/attBghYs4FvrHiuiLmYmUsHy/]]></description>
        <styleUrl>#icon-1899-FFD600</styleUrl>
        <ExtendedData>
          <Data name="﻿FECHA">
            <value>6/5/2026</value>
          </Data>
          <Data name="LATITUD">
            <value>14.3698084</value>
          </Data>
          <Data name="LONGITUD">
            <value>-88.2354419</value>
          </Data>
          <Data name="ALTITUD MSNM">
            <value>2024.0</value>
          </Data>
          <Data name="DEPARTAMENTO">
            <value>Intibuca</value>
          </Data>
          <Data name="MUNICIPIO">
            <value>Yaramanguila</value>
          </Data>
          <Data name="FINCA">
            <value>Finca Recursos de mi tierra</value>
          </Data>
          <Data name="DNI">
            <value>1016-1979-00519</value>
          </Data>
          <Data name="IMAGEN DNI">
            <value>https://kf.kobotoolbox.org/api/v2/assets/ad7G92bXCJpMkqNXz97XDt/data/745128292/attachments/attFdUWN2Yekov2C2zEtBntc/</value>
          </Data>
          <Data name="EDAD">
            <value>45.0</value>
          </Data>
          <Data name="RAZA">
            <value>Hass</value>
          </Data>
          <Data name="VARIEDAD">
            <value/>
          </Data>
          <Data name="TOTAL PLANTAS">
            <value>30.0</value>
          </Data>
          <Data name="PLANTAS EN PRODUCCION">
            <value>30.0</value>
          </Data>
          <Data name="AREA EN MZ">
            <value>0,20</value>
          </Data>
          <Data name="ANALISIS DE SUELO">
            <value>No</value>
          </Data>
          <Data name="IMAGEN ANALISIS">
            <value/>
          </Data>
          <Data name="FERTILIZA">
            <value>Si</value>
          </Data>
          <Data name="FUMIGA">
            <value>Si</value>
          </Data>
          <Data name="SISTEMA DE RIEGO">
            <value>No</value>
          </Data>
          <Data name="TIPO DE SISTEMA">
            <value/>
          </Data>
          <Data name="AREA CON RIEGO">
            <value/>
          </Data>
          <Data name="FUENTE DE AGUA">
            <value>Si</value>
          </Data>
          <Data name="CAPACITACION">
            <value>Si</value>
          </Data>
          <Data name="REALIZA PODAS">
            <value>Si</value>
          </Data>
          <Data name="AFILIADO A ASPAH">
            <value>No</value>
          </Data>
          <Data name="CREDITO">
            <value>No</value>
          </Data>
          <Data name="TRABAJADORES PERMANENTES">
            <value>No</value>
          </Data>
          <Data name="CUANTOS TP">
            <value/>
          </Data>
          <Data name="TRANBAJADORES TEMPORALES">
            <value>Si</value>
          </Data>
          <Data name="CUANTOS TT">
            <value>1.0</value>
          </Data>
          <Data name="SALARIO POR DIA">
            <value>250.0</value>
          </Data>
          <Data name="LIBRAS COSECHADAS">
            <value>170.0</value>
          </Data>
          <Data name="UNIDADES COSECHADAS">
            <value/>
          </Data>
          <Data name="UNIDADES COSSECHADAS">
            <value/>
          </Data>
          <Data name="MESES DE COSECHA">
            <value>Enero</value>
          </Data>
          <Data name="DONDE VENDE">
            <value>Un comprador viene a mi finca.</value>
          </Data>
          <Data name="PRECIO LIBRA">
            <value>18.0</value>
          </Data>
          <Data name="PRECIO UNIDAD">
            <value/>
          </Data>
          <Data name="PRECIO UNNIDAD">
            <value/>
          </Data>
          <Data name="TRANSPORTE DE COSECHA">
            <value>Ninguno</value>
          </Data>
          <Data name="IMAGEN PRODUCTOR">
            <value>https://kf.kobotoolbox.org/api/v2/assets/ad7G92bXCJpMkqNXz97XDt/data/745128292/attachments/attN4TfkMz2wvyUbxe7FSKW5/</value>
          </Data>
          <Data name="OBSERVACION">
            <value>Se los compra red comal a 9 la unidad </value>
          </Data>
          <Data name="FIRMA">
            <value>https://kf.kobotoolbox.org/api/v2/assets/ad7G92bXCJpMkqNXz97XDt/data/745128292/attachments/attBghYs4FvrHiuiLmYmUsHy/</value>
          </Data>
        </ExtendedData>
        <Point>
          <coordinates>
            -88.2354419,14.3698084,0
          </coordinates>
        </Point>
      </Placemark>
      <Placemark>
        <name>MARIA ESMIRNA GUTIÉRREZ GUTIÉRREZ </name>
        <description><![CDATA[﻿FECHA: 6/5/2026<br>LATITUD: 14.3696852<br>LONGITUD: -88.2350341<br>ALTITUD MSNM: 2022<br>DEPARTAMENTO: Intibuca<br>MUNICIPIO: Yaramanguila<br>FINCA: Finca Recursos de mi tierra 2<br>DNI: 1016-2000-00005<br>IMAGEN DNI: https://kf.kobotoolbox.org/api/v2/assets/ad7G92bXCJpMkqNXz97XDt/data/745132620/attachments/att8h6nUb5ztpJRQHrKCNsts/<br>EDAD: 26<br>RAZA: Hass<br>VARIEDAD: <br>TOTAL PLANTAS: 20<br>PLANTAS EN PRODUCCION: 20<br>AREA EN MZ: 0,15<br>ANALISIS DE SUELO: Si<br>IMAGEN ANALISIS: <br>FERTILIZA: Si<br>FUMIGA: Si<br>SISTEMA DE RIEGO: No<br>TIPO DE SISTEMA: <br>AREA CON RIEGO: <br>FUENTE DE AGUA: No<br>CAPACITACION: Si<br>REALIZA PODAS: Si<br>AFILIADO A ASPAH: Si<br>CREDITO: No<br>TRABAJADORES PERMANENTES: No<br>CUANTOS TP: <br>TRANBAJADORES TEMPORALES: Si<br>CUANTOS TT: 1<br>SALARIO POR DIA: 250<br>LIBRAS COSECHADAS: 600<br>UNIDADES COSECHADAS: <br>UNIDADES COSSECHADAS: <br>MESES DE COSECHA: Enero Diciembre<br>DONDE VENDE: Un comprador viene a mi finca.<br>PRECIO LIBRA: 20<br>PRECIO UNIDAD: <br>PRECIO UNNIDAD: <br>TRANSPORTE DE COSECHA: Ninguno<br>IMAGEN PRODUCTOR: https://kf.kobotoolbox.org/api/v2/assets/ad7G92bXCJpMkqNXz97XDt/data/745132620/attachments/atthaiXvAXub62qGqMBrtMBg/<br>OBSERVACION: Red Comal se los compra y una señora<br>FIRMA: https://kf.kobotoolbox.org/api/v2/assets/ad7G92bXCJpMkqNXz97XDt/data/745132620/attachments/attxoM67Fn6DciUkKeKgHcuE/]]></description>
        <styleUrl>#icon-1899-FFD600</styleUrl>
        <ExtendedData>
          <Data name="﻿FECHA">
            <value>6/5/2026</value>
          </Data>
          <Data name="LATITUD">
            <value>14.3696852</value>
          </Data>
          <Data name="LONGITUD">
            <value>-88.2350341</value>
          </Data>
          <Data name="ALTITUD MSNM">
            <value>2022.0</value>
          </Data>
          <Data name="DEPARTAMENTO">
            <value>Intibuca</value>
          </Data>
          <Data name="MUNICIPIO">
            <value>Yaramanguila</value>
          </Data>
          <Data name="FINCA">
            <value>Finca Recursos de mi tierra 2</value>
          </Data>
          <Data name="DNI">
            <value>1016-2000-00005</value>
          </Data>
          <Data name="IMAGEN DNI">
            <value>https://kf.kobotoolbox.org/api/v2/assets/ad7G92bXCJpMkqNXz97XDt/data/745132620/attachments/att8h6nUb5ztpJRQHrKCNsts/</value>
          </Data>
          <Data name="EDAD">
            <value>26.0</value>
          </Data>
          <Data name="RAZA">
            <value>Hass</value>
          </Data>
          <Data name="VARIEDAD">
            <value/>
          </Data>
          <Data name="TOTAL PLANTAS">
            <value>20.0</value>
          </Data>
          <Data name="PLANTAS EN PRODUCCION">
            <value>20.0</value>
          </Data>
          <Data name="AREA EN MZ">
            <value>0,15</value>
          </Data>
          <Data name="ANALISIS DE SUELO">
            <value>Si</value>
          </Data>
          <Data name="IMAGEN ANALISIS">
            <value/>
          </Data>
          <Data name="FERTILIZA">
            <value>Si</value>
          </Data>
          <Data name="FUMIGA">
            <value>Si</value>
          </Data>
          <Data name="SISTEMA DE RIEGO">
            <value>No</value>
          </Data>
          <Data name="TIPO DE SISTEMA">
            <value/>
          </Data>
          <Data name="AREA CON RIEGO">
            <value/>
          </Data>
          <Data name="FUENTE DE AGUA">
            <value>No</value>
          </Data>
          <Data name="CAPACITACION">
            <value>Si</value>
          </Data>
          <Data name="REALIZA PODAS">
            <value>Si</value>
          </Data>
          <Data name="AFILIADO A ASPAH">
            <value>Si</value>
          </Data>
          <Data name="CREDITO">
            <value>No</value>
          </Data>
          <Data name="TRABAJADORES PERMANENTES">
            <value>No</value>
          </Data>
          <Data name="CUANTOS TP">
            <value/>
          </Data>
          <Data name="TRANBAJADORES TEMPORALES">
            <value>Si</value>
          </Data>
          <Data name="CUANTOS TT">
            <value>1.0</value>
          </Data>
          <Data name="SALARIO POR DIA">
            <value>250.0</value>
          </Data>
          <Data name="LIBRAS COSECHADAS">
            <value>600.0</value>
          </Data>
          <Data name="UNIDADES COSECHADAS">
            <value/>
          </Data>
          <Data name="UNIDADES COSSECHADAS">
            <value/>
          </Data>
          <Data name="MESES DE COSECHA">
            <value>Enero Diciembre</value>
          </Data>
          <Data name="DONDE VENDE">
            <value>Un comprador viene a mi finca.</value>
          </Data>
          <Data name="PRECIO LIBRA">
            <value>20.0</value>
          </Data>
          <Data name="PRECIO UNIDAD">
            <value/>
          </Data>
          <Data name="PRECIO UNNIDAD">
            <value/>
          </Data>
          <Data name="TRANSPORTE DE COSECHA">
            <value>Ninguno</value>
          </Data>
          <Data name="IMAGEN PRODUCTOR">
            <value>https://kf.kobotoolbox.org/api/v2/assets/ad7G92bXCJpMkqNXz97XDt/data/745132620/attachments/atthaiXvAXub62qGqMBrtMBg/</value>
          </Data>
          <Data name="OBSERVACION">
            <value>Red Comal se los compra y una señora</value>
          </Data>
          <Data name="FIRMA">
            <value>https://kf.kobotoolbox.org/api/v2/assets/ad7G92bXCJpMkqNXz97XDt/data/745132620/attachments/attxoM67Fn6DciUkKeKgHcuE/</value>
          </Data>
        </ExtendedData>
        <Point>
          <coordinates>
            -88.2350341,14.3696852,0
          </coordinates>
        </Point>
      </Placemark>
      <Placemark>
        <name>LUCIA GUTIÉRREZ GUTIÉRREZ </name>
        <description><![CDATA[﻿FECHA: 6/5/2026<br>LATITUD: 14.3698634<br>LONGITUD: -88.2350197<br>ALTITUD MSNM: 2022<br>DEPARTAMENTO: Intibuca<br>MUNICIPIO: Yaramanguila<br>FINCA: Finca Angelina<br>DNI: 1016-1977-00456<br>IMAGEN DNI: https://kf.kobotoolbox.org/api/v2/assets/ad7G92bXCJpMkqNXz97XDt/data/745158454/attachments/attz2pJgE7EEANfKZjHnfXkx/<br>EDAD: 49<br>RAZA: Hass<br>VARIEDAD: <br>TOTAL PLANTAS: 50<br>PLANTAS EN PRODUCCION: 50<br>AREA EN MZ: 0,25<br>ANALISIS DE SUELO: No<br>IMAGEN ANALISIS: <br>FERTILIZA: Si<br>FUMIGA: Si<br>SISTEMA DE RIEGO: No<br>TIPO DE SISTEMA: <br>AREA CON RIEGO: <br>FUENTE DE AGUA: Si<br>CAPACITACION: Si<br>REALIZA PODAS: Si<br>AFILIADO A ASPAH: Si<br>CREDITO: No<br>TRABAJADORES PERMANENTES: No<br>CUANTOS TP: <br>TRANBAJADORES TEMPORALES: Si<br>CUANTOS TT: 2<br>SALARIO POR DIA: 250<br>LIBRAS COSECHADAS: 3400<br>UNIDADES COSECHADAS: <br>UNIDADES COSSECHADAS: <br>MESES DE COSECHA: Diciembre Enero Febrero<br>DONDE VENDE: Un comprador viene a mi finca.<br>PRECIO LIBRA: 20<br>PRECIO UNIDAD: <br>PRECIO UNNIDAD: <br>TRANSPORTE DE COSECHA: Ninguno<br>IMAGEN PRODUCTOR: https://kf.kobotoolbox.org/api/v2/assets/ad7G92bXCJpMkqNXz97XDt/data/745158454/attachments/attCFMdqUf5seWUPa5eYtbAW/<br>OBSERVACION: A 3 km hay una fuente agua y les instalaron tuberia para riego en las parcelas por parte de USAID y a 1.5 km se daño la tuberia los tubos de HG se los compra RED COMAL<br>FIRMA: https://kf.kobotoolbox.org/api/v2/assets/ad7G92bXCJpMkqNXz97XDt/data/745158454/attachments/att6YwGYYd3Q4exMUDtrELmn/]]></description>
        <styleUrl>#icon-1899-FFD600</styleUrl>
        <ExtendedData>
          <Data name="﻿FECHA">
            <value>6/5/2026</value>
          </Data>
          <Data name="LATITUD">
            <value>14.3698634</value>
          </Data>
          <Data name="LONGITUD">
            <value>-88.2350197</value>
          </Data>
          <Data name="ALTITUD MSNM">
            <value>2022.0</value>
          </Data>
          <Data name="DEPARTAMENTO">
            <value>Intibuca</value>
          </Data>
          <Data name="MUNICIPIO">
            <value>Yaramanguila</value>
          </Data>
          <Data name="FINCA">
            <value>Finca Angelina</value>
          </Data>
          <Data name="DNI">
            <value>1016-1977-00456</value>
          </Data>
          <Data name="IMAGEN DNI">
            <value>https://kf.kobotoolbox.org/api/v2/assets/ad7G92bXCJpMkqNXz97XDt/data/745158454/attachments/attz2pJgE7EEANfKZjHnfXkx/</value>
          </Data>
          <Data name="EDAD">
            <value>49.0</value>
          </Data>
          <Data name="RAZA">
            <value>Hass</value>
          </Data>
          <Data name="VARIEDAD">
            <value/>
          </Data>
          <Data name="TOTAL PLANTAS">
            <value>50.0</value>
          </Data>
          <Data name="PLANTAS EN PRODUCCION">
            <value>50.0</value>
          </Data>
          <Data name="AREA EN MZ">
            <value>0,25</value>
          </Data>
          <Data name="ANALISIS DE SUELO">
            <value>No</value>
          </Data>
          <Data name="IMAGEN ANALISIS">
            <value/>
          </Data>
          <Data name="FERTILIZA">
            <value>Si</value>
          </Data>
          <Data name="FUMIGA">
            <value>Si</value>
          </Data>
          <Data name="SISTEMA DE RIEGO">
            <value>No</value>
          </Data>
          <Data name="TIPO DE SISTEMA">
            <value/>
          </Data>
          <Data name="AREA CON RIEGO">
            <value/>
          </Data>
          <Data name="FUENTE DE AGUA">
            <value>Si</value>
          </Data>
          <Data name="CAPACITACION">
            <value>Si</value>
          </Data>
          <Data name="REALIZA PODAS">
            <value>Si</value>
          </Data>
          <Data name="AFILIADO A ASPAH">
            <value>Si</value>
          </Data>
          <Data name="CREDITO">
            <value>No</value>
          </Data>
          <Data name="TRABAJADORES PERMANENTES">
            <value>No</value>
          </Data>
          <Data name="CUANTOS TP">
            <value/>
          </Data>
          <Data name="TRANBAJADORES TEMPORALES">
            <value>Si</value>
          </Data>
          <Data name="CUANTOS TT">
            <value>2.0</value>
          </Data>
          <Data name="SALARIO POR DIA">
            <value>250.0</value>
          </Data>
          <Data name="LIBRAS COSECHADAS">
            <value>3400.0</value>
          </Data>
          <Data name="UNIDADES COSECHADAS">
            <value/>
          </Data>
          <Data name="UNIDADES COSSECHADAS">
            <value/>
          </Data>
          <Data name="MESES DE COSECHA">
            <value>Diciembre Enero Febrero</value>
          </Data>
          <Data name="DONDE VENDE">
            <value>Un comprador viene a mi finca.</value>
          </Data>
          <Data name="PRECIO LIBRA">
            <value>20.0</value>
          </Data>
          <Data name="PRECIO UNIDAD">
            <value/>
          </Data>
          <Data name="PRECIO UNNIDAD">
            <value/>
          </Data>
          <Data name="TRANSPORTE DE COSECHA">
            <value>Ninguno</value>
          </Data>
          <Data name="IMAGEN PRODUCTOR">
            <value>https://kf.kobotoolbox.org/api/v2/assets/ad7G92bXCJpMkqNXz97XDt/data/745158454/attachments/attCFMdqUf5seWUPa5eYtbAW/</value>
          </Data>
          <Data name="OBSERVACION">
            <value>A 3 km hay una fuente agua y les instalaron tuberia para riego en las parcelas por parte de USAID y a 1.5 km se daño la tuberia los tubos de HG se los compra RED COMAL</value>
          </Data>
          <Data name="FIRMA">
            <value>https://kf.kobotoolbox.org/api/v2/assets/ad7G92bXCJpMkqNXz97XDt/data/745158454/attachments/att6YwGYYd3Q4exMUDtrELmn/</value>
          </Data>
        </ExtendedData>
        <Point>
          <coordinates>
            -88.2350197,14.3698634,0
          </coordinates>
        </Point>
      </Placemark>
      <Placemark>
        <name>TOMAS GUTIÉRREZ GUTIÉRREZ </name>
        <description><![CDATA[﻿FECHA: 7/5/2026<br>LATITUD: 14.369805<br>LONGITUD: -88.2305835<br>ALTITUD MSNM: 1943<br>DEPARTAMENTO: Intibuca<br>MUNICIPIO: Yaramanguila<br>FINCA: Finca <br>DNI: 1016-1982-00062<br>IMAGEN DNI: https://kf.kobotoolbox.org/api/v2/assets/ad7G92bXCJpMkqNXz97XDt/data/746127264/attachments/atthbQq5bfhjyFWyTNgXEWTG/<br>EDAD: 44<br>RAZA: Hass<br>VARIEDAD: <br>TOTAL PLANTAS: 140<br>PLANTAS EN PRODUCCION: 7<br>AREA EN MZ: 0.75<br>ANALISIS DE SUELO: No<br>IMAGEN ANALISIS: <br>FERTILIZA: Si<br>FUMIGA: Si<br>SISTEMA DE RIEGO: No<br>TIPO DE SISTEMA: <br>AREA CON RIEGO: <br>FUENTE DE AGUA: No<br>CAPACITACION: Si<br>REALIZA PODAS: No<br>AFILIADO A ASPAH: Si<br>CREDITO: No<br>TRABAJADORES PERMANENTES: No<br>CUANTOS TP: <br>TRANBAJADORES TEMPORALES: Si<br>CUANTOS TT: 3<br>SALARIO POR DIA: 300<br>LIBRAS COSECHADAS: 40<br>UNIDADES COSECHADAS: <br>UNIDADES COSSECHADAS: <br>MESES DE COSECHA: Febrero<br>DONDE VENDE: Mercado local, pulperias y en casa.<br>PRECIO LIBRA: 18<br>PRECIO UNIDAD: <br>PRECIO UNNIDAD: <br>TRANSPORTE DE COSECHA: Ninguno<br>IMAGEN PRODUCTOR: https://kf.kobotoolbox.org/api/v2/assets/ad7G92bXCJpMkqNXz97XDt/data/746127264/attachments/attUuyXx6uDeryQ7ujUttUWy/<br>OBSERVACION: <br>FIRMA: https://kf.kobotoolbox.org/api/v2/assets/ad7G92bXCJpMkqNXz97XDt/data/746127264/attachments/attvdCQgmDtmB7vdibpUHYb4/]]></description>
        <styleUrl>#icon-1899-FFD600</styleUrl>
        <ExtendedData>
          <Data name="﻿FECHA">
            <value>7/5/2026</value>
          </Data>
          <Data name="LATITUD">
            <value>14.369805</value>
          </Data>
          <Data name="LONGITUD">
            <value>-88.2305835</value>
          </Data>
          <Data name="ALTITUD MSNM">
            <value>1943.0</value>
          </Data>
          <Data name="DEPARTAMENTO">
            <value>Intibuca</value>
          </Data>
          <Data name="MUNICIPIO">
            <value>Yaramanguila</value>
          </Data>
          <Data name="FINCA">
            <value>Finca </value>
          </Data>
          <Data name="DNI">
            <value>1016-1982-00062</value>
          </Data>
          <Data name="IMAGEN DNI">
            <value>https://kf.kobotoolbox.org/api/v2/assets/ad7G92bXCJpMkqNXz97XDt/data/746127264/attachments/atthbQq5bfhjyFWyTNgXEWTG/</value>
          </Data>
          <Data name="EDAD">
            <value>44.0</value>
          </Data>
          <Data name="RAZA">
            <value>Hass</value>
          </Data>
          <Data name="VARIEDAD">
            <value/>
          </Data>
          <Data name="TOTAL PLANTAS">
            <value>140.0</value>
          </Data>
          <Data name="PLANTAS EN PRODUCCION">
            <value>7.0</value>
          </Data>
          <Data name="AREA EN MZ">
            <value>0.75</value>
          </Data>
          <Data name="ANALISIS DE SUELO">
            <value>No</value>
          </Data>
          <Data name="IMAGEN ANALISIS">
            <value/>
          </Data>
          <Data name="FERTILIZA">
            <value>Si</value>
          </Data>
          <Data name="FUMIGA">
            <value>Si</value>
          </Data>
          <Data name="SISTEMA DE RIEGO">
            <value>No</value>
          </Data>
          <Data name="TIPO DE SISTEMA">
            <value/>
          </Data>
          <Data name="AREA CON RIEGO">
            <value/>
          </Data>
          <Data name="FUENTE DE AGUA">
            <value>No</value>
          </Data>
          <Data name="CAPACITACION">
            <value>Si</value>
          </Data>
          <Data name="REALIZA PODAS">
            <value>No</value>
          </Data>
          <Data name="AFILIADO A ASPAH">
            <value>Si</value>
          </Data>
          <Data name="CREDITO">
            <value>No</value>
          </Data>
          <Data name="TRABAJADORES PERMANENTES">
            <value>No</value>
          </Data>
          <Data name="CUANTOS TP">
            <value/>
          </Data>
          <Data name="TRANBAJADORES TEMPORALES">
            <value>Si</value>
          </Data>
          <Data name="CUANTOS TT">
            <value>3.0</value>
          </Data>
          <Data name="SALARIO POR DIA">
            <value>300.0</value>
          </Data>
          <Data name="LIBRAS COSECHADAS">
            <value>40.0</value>
          </Data>
          <Data name="UNIDADES COSECHADAS">
            <value/>
          </Data>
          <Data name="UNIDADES COSSECHADAS">
            <value/>
          </Data>
          <Data name="MESES DE COSECHA">
            <value>Febrero</value>
          </Data>
          <Data name="DONDE VENDE">
            <value>Mercado local, pulperias y en casa.</value>
          </Data>
          <Data name="PRECIO LIBRA">
            <value>18.0</value>
          </Data>
          <Data name="PRECIO UNIDAD">
            <value/>
          </Data>
          <Data name="PRECIO UNNIDAD">
            <value/>
          </Data>
          <Data name="TRANSPORTE DE COSECHA">
            <value>Ninguno</value>
          </Data>
          <Data name="IMAGEN PRODUCTOR">
            <value>https://kf.kobotoolbox.org/api/v2/assets/ad7G92bXCJpMkqNXz97XDt/data/746127264/attachments/attUuyXx6uDeryQ7ujUttUWy/</value>
          </Data>
          <Data name="OBSERVACION">
            <value/>
          </Data>
          <Data name="FIRMA">
            <value>https://kf.kobotoolbox.org/api/v2/assets/ad7G92bXCJpMkqNXz97XDt/data/746127264/attachments/attvdCQgmDtmB7vdibpUHYb4/</value>
          </Data>
        </ExtendedData>
        <Point>
          <coordinates>
            -88.2305835,14.369805,0
          </coordinates>
        </Point>
      </Placemark>
      <Placemark>
        <name>RAMON GONZALES GUTIÉRREZ </name>
        <description><![CDATA[﻿FECHA: 7/5/2026<br>LATITUD: 14.3693735<br>LONGITUD: -88.2336179<br>ALTITUD MSNM: 1996<br>DEPARTAMENTO: Intibuca<br>MUNICIPIO: Yaramanguila<br>FINCA: Finca Gonzales<br>DNI: 1016-1973-00279<br>IMAGEN DNI: https://kf.kobotoolbox.org/api/v2/assets/ad7G92bXCJpMkqNXz97XDt/data/746127310/attachments/attaA4nxL2VrQi6h3rwoP5Bw/<br>EDAD: 53<br>RAZA: Hass<br>VARIEDAD: <br>TOTAL PLANTAS: 30<br>PLANTAS EN PRODUCCION: 0<br>AREA EN MZ: 0.25<br>ANALISIS DE SUELO: No<br>IMAGEN ANALISIS: <br>FERTILIZA: Si<br>FUMIGA: Si<br>SISTEMA DE RIEGO: Si<br>TIPO DE SISTEMA: Sistema de riego por goteo<br>AREA CON RIEGO: 0.25<br>FUENTE DE AGUA: <br>CAPACITACION: Si<br>REALIZA PODAS: No<br>AFILIADO A ASPAH: No<br>CREDITO: No<br>TRABAJADORES PERMANENTES: No<br>CUANTOS TP: <br>TRANBAJADORES TEMPORALES: Si<br>CUANTOS TT: 3<br>SALARIO POR DIA: 250<br>LIBRAS COSECHADAS: 0<br>UNIDADES COSECHADAS: <br>UNIDADES COSSECHADAS: <br>MESES DE COSECHA: Diciembre<br>DONDE VENDE: No he vendido aún.<br>PRECIO LIBRA: 0<br>PRECIO UNIDAD: <br>PRECIO UNNIDAD: <br>TRANSPORTE DE COSECHA: Ninguno<br>IMAGEN PRODUCTOR: https://kf.kobotoolbox.org/api/v2/assets/ad7G92bXCJpMkqNXz97XDt/data/746127310/attachments/attLiSvEBoWeYJKGK5kjwMA4/<br>OBSERVACION: Red Comal - les dono tanques de geomembrana de 16 mil litros y las tuberias para instalar el sistema de riego<br>FIRMA: https://kf.kobotoolbox.org/api/v2/assets/ad7G92bXCJpMkqNXz97XDt/data/746127310/attachments/attjyRZNrEXeMjAToTziXgQo/]]></description>
        <styleUrl>#icon-1899-FFD600</styleUrl>
        <ExtendedData>
          <Data name="﻿FECHA">
            <value>7/5/2026</value>
          </Data>
          <Data name="LATITUD">
            <value>14.3693735</value>
          </Data>
          <Data name="LONGITUD">
            <value>-88.2336179</value>
          </Data>
          <Data name="ALTITUD MSNM">
            <value>1996.0</value>
          </Data>
          <Data name="DEPARTAMENTO">
            <value>Intibuca</value>
          </Data>
          <Data name="MUNICIPIO">
            <value>Yaramanguila</value>
          </Data>
          <Data name="FINCA">
            <value>Finca Gonzales</value>
          </Data>
          <Data name="DNI">
            <value>1016-1973-00279</value>
          </Data>
          <Data name="IMAGEN DNI">
            <value>https://kf.kobotoolbox.org/api/v2/assets/ad7G92bXCJpMkqNXz97XDt/data/746127310/attachments/attaA4nxL2VrQi6h3rwoP5Bw/</value>
          </Data>
          <Data name="EDAD">
            <value>53.0</value>
          </Data>
          <Data name="RAZA">
            <value>Hass</value>
          </Data>
          <Data name="VARIEDAD">
            <value/>
          </Data>
          <Data name="TOTAL PLANTAS">
            <value>30.0</value>
          </Data>
          <Data name="PLANTAS EN PRODUCCION">
            <value>0.0</value>
          </Data>
          <Data name="AREA EN MZ">
            <value>0.25</value>
          </Data>
          <Data name="ANALISIS DE SUELO">
            <value>No</value>
          </Data>
          <Data name="IMAGEN ANALISIS">
            <value/>
          </Data>
          <Data name="FERTILIZA">
            <value>Si</value>
          </Data>
          <Data name="FUMIGA">
            <value>Si</value>
          </Data>
          <Data name="SISTEMA DE RIEGO">
            <value>Si</value>
          </Data>
          <Data name="TIPO DE SISTEMA">
            <value>Sistema de riego por goteo</value>
          </Data>
          <Data name="AREA CON RIEGO">
            <value>0.25</value>
          </Data>
          <Data name="FUENTE DE AGUA">
            <value/>
          </Data>
          <Data name="CAPACITACION">
            <value>Si</value>
          </Data>
          <Data name="REALIZA PODAS">
            <value>No</value>
          </Data>
          <Data name="AFILIADO A ASPAH">
            <value>No</value>
          </Data>
          <Data name="CREDITO">
            <value>No</value>
          </Data>
          <Data name="TRABAJADORES PERMANENTES">
            <value>No</value>
          </Data>
          <Data name="CUANTOS TP">
            <value/>
          </Data>
          <Data name="TRANBAJADORES TEMPORALES">
            <value>Si</value>
          </Data>
          <Data name="CUANTOS TT">
            <value>3.0</value>
          </Data>
          <Data name="SALARIO POR DIA">
            <value>250.0</value>
          </Data>
          <Data name="LIBRAS COSECHADAS">
            <value>0.0</value>
          </Data>
          <Data name="UNIDADES COSECHADAS">
            <value/>
          </Data>
          <Data name="UNIDADES COSSECHADAS">
            <value/>
          </Data>
          <Data name="MESES DE COSECHA">
            <value>Diciembre</value>
          </Data>
          <Data name="DONDE VENDE">
            <value>No he vendido aún.</value>
          </Data>
          <Data name="PRECIO LIBRA">
            <value>0.0</value>
          </Data>
          <Data name="PRECIO UNIDAD">
            <value/>
          </Data>
          <Data name="PRECIO UNNIDAD">
            <value/>
          </Data>
          <Data name="TRANSPORTE DE COSECHA">
            <value>Ninguno</value>
          </Data>
          <Data name="IMAGEN PRODUCTOR">
            <value>https://kf.kobotoolbox.org/api/v2/assets/ad7G92bXCJpMkqNXz97XDt/data/746127310/attachments/attLiSvEBoWeYJKGK5kjwMA4/</value>
          </Data>
          <Data name="OBSERVACION">
            <value>Red Comal - les dono tanques de geomembrana de 16 mil litros y las tuberias para instalar el sistema de riego</value>
          </Data>
          <Data name="FIRMA">
            <value>https://kf.kobotoolbox.org/api/v2/assets/ad7G92bXCJpMkqNXz97XDt/data/746127310/attachments/attjyRZNrEXeMjAToTziXgQo/</value>
          </Data>
        </ExtendedData>
        <Point>
          <coordinates>
            -88.2336179,14.3693735,0
          </coordinates>
        </Point>
      </Placemark>
      <Placemark>
        <name>MARIA PERFECTA GONZALES GONZALES </name>
        <description><![CDATA[﻿FECHA: 7/5/2026<br>LATITUD: 14.3719051<br>LONGITUD: -88.2333267<br>ALTITUD MSNM: 1989<br>DEPARTAMENTO: Intibuca<br>MUNICIPIO: Yaramanguila<br>FINCA: Finca Amalia<br>DNI: 1016-1990-00203<br>IMAGEN DNI: https://kf.kobotoolbox.org/api/v2/assets/ad7G92bXCJpMkqNXz97XDt/data/746127406/attachments/attb8yLzmSdRpSqeTtVFXgun/<br>EDAD: 35<br>RAZA: Hass<br>VARIEDAD: <br>TOTAL PLANTAS: 30<br>PLANTAS EN PRODUCCION: 0<br>AREA EN MZ: 0.2<br>ANALISIS DE SUELO: No<br>IMAGEN ANALISIS: <br>FERTILIZA: Si<br>FUMIGA: Si<br>SISTEMA DE RIEGO: Si<br>TIPO DE SISTEMA: Sistema de riego por micro-aspersion<br>AREA CON RIEGO: 0.2<br>FUENTE DE AGUA: <br>CAPACITACION: Si<br>REALIZA PODAS: Si<br>AFILIADO A ASPAH: No<br>CREDITO: No<br>TRABAJADORES PERMANENTES: No<br>CUANTOS TP: <br>TRANBAJADORES TEMPORALES: Si<br>CUANTOS TT: 2<br>SALARIO POR DIA: 300<br>LIBRAS COSECHADAS: 0<br>UNIDADES COSECHADAS: <br>UNIDADES COSSECHADAS: <br>MESES DE COSECHA: Diciembre<br>DONDE VENDE: No he vendido aún.<br>PRECIO LIBRA: 0<br>PRECIO UNIDAD: <br>PRECIO UNNIDAD: <br>TRANSPORTE DE COSECHA: Ninguno<br>IMAGEN PRODUCTOR: https://kf.kobotoolbox.org/api/v2/assets/ad7G92bXCJpMkqNXz97XDt/data/746127406/attachments/attbFhKrSo2PZLhhWUC2dA6X/<br>OBSERVACION: Red Comal - les dono tanques de geomembrana de 16 mil litros y las tuberias para instalar el sistema de riego FUNCIONANDO<br>FIRMA: https://kf.kobotoolbox.org/api/v2/assets/ad7G92bXCJpMkqNXz97XDt/data/746127406/attachments/attYU2EFYzqBs8944P7XS3rx/]]></description>
        <styleUrl>#icon-1899-FFD600</styleUrl>
        <ExtendedData>
          <Data name="﻿FECHA">
            <value>7/5/2026</value>
          </Data>
          <Data name="LATITUD">
            <value>14.3719051</value>
          </Data>
          <Data name="LONGITUD">
            <value>-88.2333267</value>
          </Data>
          <Data name="ALTITUD MSNM">
            <value>1989.0</value>
          </Data>
          <Data name="DEPARTAMENTO">
            <value>Intibuca</value>
          </Data>
          <Data name="MUNICIPIO">
            <value>Yaramanguila</value>
          </Data>
          <Data name="FINCA">
            <value>Finca Amalia</value>
          </Data>
          <Data name="DNI">
            <value>1016-1990-00203</value>
          </Data>
          <Data name="IMAGEN DNI">
            <value>https://kf.kobotoolbox.org/api/v2/assets/ad7G92bXCJpMkqNXz97XDt/data/746127406/attachments/attb8yLzmSdRpSqeTtVFXgun/</value>
          </Data>
          <Data name="EDAD">
            <value>35.0</value>
          </Data>
          <Data name="RAZA">
            <value>Hass</value>
          </Data>
          <Data name="VARIEDAD">
            <value/>
          </Data>
          <Data name="TOTAL PLANTAS">
            <value>30.0</value>
          </Data>
          <Data name="PLANTAS EN PRODUCCION">
            <value>0.0</value>
          </Data>
          <Data name="AREA EN MZ">
            <value>0.2</value>
          </Data>
          <Data name="ANALISIS DE SUELO">
            <value>No</value>
          </Data>
          <Data name="IMAGEN ANALISIS">
            <value/>
          </Data>
          <Data name="FERTILIZA">
            <value>Si</value>
          </Data>
          <Data name="FUMIGA">
            <value>Si</value>
          </Data>
          <Data name="SISTEMA DE RIEGO">
            <value>Si</value>
          </Data>
          <Data name="TIPO DE SISTEMA">
            <value>Sistema de riego por micro-aspersion</value>
          </Data>
          <Data name="AREA CON RIEGO">
            <value>0.2</value>
          </Data>
          <Data name="FUENTE DE AGUA">
            <value/>
          </Data>
          <Data name="CAPACITACION">
            <value>Si</value>
          </Data>
          <Data name="REALIZA PODAS">
            <value>Si</value>
          </Data>
          <Data name="AFILIADO A ASPAH">
            <value>No</value>
          </Data>
          <Data name="CREDITO">
            <value>No</value>
          </Data>
          <Data name="TRABAJADORES PERMANENTES">
            <value>No</value>
          </Data>
          <Data name="CUANTOS TP">
            <value/>
          </Data>
          <Data name="TRANBAJADORES TEMPORALES">
            <value>Si</value>
          </Data>
          <Data name="CUANTOS TT">
            <value>2.0</value>
          </Data>
          <Data name="SALARIO POR DIA">
            <value>300.0</value>
          </Data>
          <Data name="LIBRAS COSECHADAS">
            <value>0.0</value>
          </Data>
          <Data name="UNIDADES COSECHADAS">
            <value/>
          </Data>
          <Data name="UNIDADES COSSECHADAS">
            <value/>
          </Data>
          <Data name="MESES DE COSECHA">
            <value>Diciembre</value>
          </Data>
          <Data name="DONDE VENDE">
            <value>No he vendido aún.</value>
          </Data>
          <Data name="PRECIO LIBRA">
            <value>0.0</value>
          </Data>
          <Data name="PRECIO UNIDAD">
            <value/>
          </Data>
          <Data name="PRECIO UNNIDAD">
            <value/>
          </Data>
          <Data name="TRANSPORTE DE COSECHA">
            <value>Ninguno</value>
          </Data>
          <Data name="IMAGEN PRODUCTOR">
            <value>https://kf.kobotoolbox.org/api/v2/assets/ad7G92bXCJpMkqNXz97XDt/data/746127406/attachments/attbFhKrSo2PZLhhWUC2dA6X/</value>
          </Data>
          <Data name="OBSERVACION">
            <value>Red Comal - les dono tanques de geomembrana de 16 mil litros y las tuberias para instalar el sistema de riego FUNCIONANDO</value>
          </Data>
          <Data name="FIRMA">
            <value>https://kf.kobotoolbox.org/api/v2/assets/ad7G92bXCJpMkqNXz97XDt/data/746127406/attachments/attYU2EFYzqBs8944P7XS3rx/</value>
          </Data>
        </ExtendedData>
        <Point>
          <coordinates>
            -88.2333267,14.3719051,0
          </coordinates>
        </Point>
      </Placemark>
      <Placemark>
        <name>JUSTINIANA GONZALES LEMUZ</name>
        <description><![CDATA[﻿FECHA: 7/5/2026<br>LATITUD: 14.3716847<br>LONGITUD: -88.23296<br>ALTITUD MSNM: 1976<br>DEPARTAMENTO: Intibuca<br>MUNICIPIO: Yaramanguila<br>FINCA: Finca Aurelio<br>DNI: 1016-1979-00480<br>IMAGEN DNI: https://kf.kobotoolbox.org/api/v2/assets/ad7G92bXCJpMkqNXz97XDt/data/746127476/attachments/atthfwbbq7ZykJRkfpjMhvjC/<br>EDAD: 46<br>RAZA: Hass<br>VARIEDAD: <br>TOTAL PLANTAS: 60<br>PLANTAS EN PRODUCCION: 0<br>AREA EN MZ: 0,30<br>ANALISIS DE SUELO: Si<br>IMAGEN ANALISIS: <br>FERTILIZA: Si<br>FUMIGA: Si<br>SISTEMA DE RIEGO: No<br>TIPO DE SISTEMA: <br>AREA CON RIEGO: <br>FUENTE DE AGUA: No<br>CAPACITACION: Si<br>REALIZA PODAS: No<br>AFILIADO A ASPAH: No<br>CREDITO: No<br>TRABAJADORES PERMANENTES: No<br>CUANTOS TP: <br>TRANBAJADORES TEMPORALES: Si<br>CUANTOS TT: 2<br>SALARIO POR DIA: 250<br>LIBRAS COSECHADAS: 0<br>UNIDADES COSECHADAS: <br>UNIDADES COSSECHADAS: <br>MESES DE COSECHA: Diciembre<br>DONDE VENDE: No he vendido aún.<br>PRECIO LIBRA: 0<br>PRECIO UNIDAD: <br>PRECIO UNNIDAD: <br>TRANSPORTE DE COSECHA: Ninguno<br>IMAGEN PRODUCTOR: https://kf.kobotoolbox.org/api/v2/assets/ad7G92bXCJpMkqNXz97XDt/data/746127476/attachments/attb2R557XwY6YXXUzSPsR7D/<br>OBSERVACION: Se tomaron datos de la esposa el productor Aurelio Rodríguez no se encontraba<br>FIRMA: https://kf.kobotoolbox.org/api/v2/assets/ad7G92bXCJpMkqNXz97XDt/data/746127476/attachments/attxTany24sKtJM5JzeaBNo5/]]></description>
        <styleUrl>#icon-1899-FFD600</styleUrl>
        <ExtendedData>
          <Data name="﻿FECHA">
            <value>7/5/2026</value>
          </Data>
          <Data name="LATITUD">
            <value>14.3716847</value>
          </Data>
          <Data name="LONGITUD">
            <value>-88.23296</value>
          </Data>
          <Data name="ALTITUD MSNM">
            <value>1976.0</value>
          </Data>
          <Data name="DEPARTAMENTO">
            <value>Intibuca</value>
          </Data>
          <Data name="MUNICIPIO">
            <value>Yaramanguila</value>
          </Data>
          <Data name="FINCA">
            <value>Finca Aurelio</value>
          </Data>
          <Data name="DNI">
            <value>1016-1979-00480</value>
          </Data>
          <Data name="IMAGEN DNI">
            <value>https://kf.kobotoolbox.org/api/v2/assets/ad7G92bXCJpMkqNXz97XDt/data/746127476/attachments/atthfwbbq7ZykJRkfpjMhvjC/</value>
          </Data>
          <Data name="EDAD">
            <value>46.0</value>
          </Data>
          <Data name="RAZA">
            <value>Hass</value>
          </Data>
          <Data name="VARIEDAD">
            <value/>
          </Data>
          <Data name="TOTAL PLANTAS">
            <value>60.0</value>
          </Data>
          <Data name="PLANTAS EN PRODUCCION">
            <value>0.0</value>
          </Data>
          <Data name="AREA EN MZ">
            <value>0,30</value>
          </Data>
          <Data name="ANALISIS DE SUELO">
            <value>Si</value>
          </Data>
          <Data name="IMAGEN ANALISIS">
            <value/>
          </Data>
          <Data name="FERTILIZA">
            <value>Si</value>
          </Data>
          <Data name="FUMIGA">
            <value>Si</value>
          </Data>
          <Data name="SISTEMA DE RIEGO">
            <value>No</value>
          </Data>
          <Data name="TIPO DE SISTEMA">
            <value/>
          </Data>
          <Data name="AREA CON RIEGO">
            <value/>
          </Data>
          <Data name="FUENTE DE AGUA">
            <value>No</value>
          </Data>
          <Data name="CAPACITACION">
            <value>Si</value>
          </Data>
          <Data name="REALIZA PODAS">
            <value>No</value>
          </Data>
          <Data name="AFILIADO A ASPAH">
            <value>No</value>
          </Data>
          <Data name="CREDITO">
            <value>No</value>
          </Data>
          <Data name="TRABAJADORES PERMANENTES">
            <value>No</value>
          </Data>
          <Data name="CUANTOS TP">
            <value/>
          </Data>
          <Data name="TRANBAJADORES TEMPORALES">
            <value>Si</value>
          </Data>
          <Data name="CUANTOS TT">
            <value>2.0</value>
          </Data>
          <Data name="SALARIO POR DIA">
            <value>250.0</value>
          </Data>
          <Data name="LIBRAS COSECHADAS">
            <value>0.0</value>
          </Data>
          <Data name="UNIDADES COSECHADAS">
            <value/>
          </Data>
          <Data name="UNIDADES COSSECHADAS">
            <value/>
          </Data>
          <Data name="MESES DE COSECHA">
            <value>Diciembre</value>
          </Data>
          <Data name="DONDE VENDE">
            <value>No he vendido aún.</value>
          </Data>
          <Data name="PRECIO LIBRA">
            <value>0.0</value>
          </Data>
          <Data name="PRECIO UNIDAD">
            <value/>
          </Data>
          <Data name="PRECIO UNNIDAD">
            <value/>
          </Data>
          <Data name="TRANSPORTE DE COSECHA">
            <value>Ninguno</value>
          </Data>
          <Data name="IMAGEN PRODUCTOR">
            <value>https://kf.kobotoolbox.org/api/v2/assets/ad7G92bXCJpMkqNXz97XDt/data/746127476/attachments/attb2R557XwY6YXXUzSPsR7D/</value>
          </Data>
          <Data name="OBSERVACION">
            <value>Se tomaron datos de la esposa el productor Aurelio Rodríguez no se encontraba</value>
          </Data>
          <Data name="FIRMA">
            <value>https://kf.kobotoolbox.org/api/v2/assets/ad7G92bXCJpMkqNXz97XDt/data/746127476/attachments/attxTany24sKtJM5JzeaBNo5/</value>
          </Data>
        </ExtendedData>
        <Point>
          <coordinates>
            -88.23296,14.3716847,0
          </coordinates>
        </Point>
      </Placemark>
      <Placemark>
        <name>LEONIDAS GUTIÉRREZ HERNÁNDEZ </name>
        <description><![CDATA[﻿FECHA: 7/5/2026<br>LATITUD: 14.3517345<br>LONGITUD: -88.2489328<br>ALTITUD MSNM: 2128<br>DEPARTAMENTO: Intibuca<br>MUNICIPIO: Yaramanguila<br>FINCA: Finca San Miguel  <br>DNI: 1016-1977-00188<br>IMAGEN DNI: https://kf.kobotoolbox.org/api/v2/assets/ad7G92bXCJpMkqNXz97XDt/data/746127865/attachments/attFAUDCQv8KunKKToT7kTGv/<br>EDAD: 49<br>RAZA: Hass<br>VARIEDAD: <br>TOTAL PLANTAS: 105<br>PLANTAS EN PRODUCCION: 50<br>AREA EN MZ: 0.5<br>ANALISIS DE SUELO: No<br>IMAGEN ANALISIS: <br>FERTILIZA: Si<br>FUMIGA: Si<br>SISTEMA DE RIEGO: No<br>TIPO DE SISTEMA: <br>AREA CON RIEGO: <br>FUENTE DE AGUA: Si<br>CAPACITACION: Si<br>REALIZA PODAS: Si<br>AFILIADO A ASPAH: Si<br>CREDITO: Si<br>TRABAJADORES PERMANENTES: No<br>CUANTOS TP: <br>TRANBAJADORES TEMPORALES: Si<br>CUANTOS TT: 5<br>SALARIO POR DIA: 300<br>LIBRAS COSECHADAS: 4500<br>UNIDADES COSECHADAS: <br>UNIDADES COSSECHADAS: <br>MESES DE COSECHA: Diciembre Enero Febrero Marzo<br>DONDE VENDE: Un comprador viene a mi finca.<br>PRECIO LIBRA: 16<br>PRECIO UNIDAD: <br>PRECIO UNNIDAD: <br>TRANSPORTE DE COSECHA: Ninguno<br>IMAGEN PRODUCTOR: https://kf.kobotoolbox.org/api/v2/assets/ad7G92bXCJpMkqNXz97XDt/data/746127865/attachments/att9ivKU5EK2i4Py6ERcdeNm/<br>OBSERVACION: <br>FIRMA: https://kf.kobotoolbox.org/api/v2/assets/ad7G92bXCJpMkqNXz97XDt/data/746127865/attachments/attopEdk4TC85gaZG7K8YHNt/]]></description>
        <styleUrl>#icon-1899-FFD600</styleUrl>
        <ExtendedData>
          <Data name="﻿FECHA">
            <value>7/5/2026</value>
          </Data>
          <Data name="LATITUD">
            <value>14.3517345</value>
          </Data>
          <Data name="LONGITUD">
            <value>-88.2489328</value>
          </Data>
          <Data name="ALTITUD MSNM">
            <value>2128.0</value>
          </Data>
          <Data name="DEPARTAMENTO">
            <value>Intibuca</value>
          </Data>
          <Data name="MUNICIPIO">
            <value>Yaramanguila</value>
          </Data>
          <Data name="FINCA">
            <value>Finca San Miguel  </value>
          </Data>
          <Data name="DNI">
            <value>1016-1977-00188</value>
          </Data>
          <Data name="IMAGEN DNI">
            <value>https://kf.kobotoolbox.org/api/v2/assets/ad7G92bXCJpMkqNXz97XDt/data/746127865/attachments/attFAUDCQv8KunKKToT7kTGv/</value>
          </Data>
          <Data name="EDAD">
            <value>49.0</value>
          </Data>
          <Data name="RAZA">
            <value>Hass</value>
          </Data>
          <Data name="VARIEDAD">
            <value/>
          </Data>
          <Data name="TOTAL PLANTAS">
            <value>105.0</value>
          </Data>
          <Data name="PLANTAS EN PRODUCCION">
            <value>50.0</value>
          </Data>
          <Data name="AREA EN MZ">
            <value>0.5</value>
          </Data>
          <Data name="ANALISIS DE SUELO">
            <value>No</value>
          </Data>
          <Data name="IMAGEN ANALISIS">
            <value/>
          </Data>
          <Data name="FERTILIZA">
            <value>Si</value>
          </Data>
          <Data name="FUMIGA">
            <value>Si</value>
          </Data>
          <Data name="SISTEMA DE RIEGO">
            <value>No</value>
          </Data>
          <Data name="TIPO DE SISTEMA">
            <value/>
          </Data>
          <Data name="AREA CON RIEGO">
            <value/>
          </Data>
          <Data name="FUENTE DE AGUA">
            <value>Si</value>
          </Data>
          <Data name="CAPACITACION">
            <value>Si</value>
          </Data>
          <Data name="REALIZA PODAS">
            <value>Si</value>
          </Data>
          <Data name="AFILIADO A ASPAH">
            <value>Si</value>
          </Data>
          <Data name="CREDITO">
            <value>Si</value>
          </Data>
          <Data name="TRABAJADORES PERMANENTES">
            <value>No</value>
          </Data>
          <Data name="CUANTOS TP">
            <value/>
          </Data>
          <Data name="TRANBAJADORES TEMPORALES">
            <value>Si</value>
          </Data>
          <Data name="CUANTOS TT">
            <value>5.0</value>
          </Data>
          <Data name="SALARIO POR DIA">
            <value>300.0</value>
          </Data>
          <Data name="LIBRAS COSECHADAS">
            <value>4500.0</value>
          </Data>
          <Data name="UNIDADES COSECHADAS">
            <value/>
          </Data>
          <Data name="UNIDADES COSSECHADAS">
            <value/>
          </Data>
          <Data name="MESES DE COSECHA">
            <value>Diciembre Enero Febrero Marzo</value>
          </Data>
          <Data name="DONDE VENDE">
            <value>Un comprador viene a mi finca.</value>
          </Data>
          <Data name="PRECIO LIBRA">
            <value>16.0</value>
          </Data>
          <Data name="PRECIO UNIDAD">
            <value/>
          </Data>
          <Data name="PRECIO UNNIDAD">
            <value/>
          </Data>
          <Data name="TRANSPORTE DE COSECHA">
            <value>Ninguno</value>
          </Data>
          <Data name="IMAGEN PRODUCTOR">
            <value>https://kf.kobotoolbox.org/api/v2/assets/ad7G92bXCJpMkqNXz97XDt/data/746127865/attachments/att9ivKU5EK2i4Py6ERcdeNm/</value>
          </Data>
          <Data name="OBSERVACION">
            <value/>
          </Data>
          <Data name="FIRMA">
            <value>https://kf.kobotoolbox.org/api/v2/assets/ad7G92bXCJpMkqNXz97XDt/data/746127865/attachments/attopEdk4TC85gaZG7K8YHNt/</value>
          </Data>
        </ExtendedData>
        <Point>
          <coordinates>
            -88.2489328,14.3517345,0
          </coordinates>
        </Point>
      </Placemark>
      <Placemark>
        <name>AGUSTIN GUTIÉRREZ HERNÁNDEZ </name>
        <description><![CDATA[﻿FECHA: 7/5/2026<br>LATITUD: 14.3538042<br>LONGITUD: -88.2493667<br>ALTITUD MSNM: 2108<br>DEPARTAMENTO: Intibuca<br>MUNICIPIO: Yaramanguila<br>FINCA: Finca GUTIÉRREZ LEMUZ<br>DNI: 1016-1975-00291<br>IMAGEN DNI: https://kf.kobotoolbox.org/api/v2/assets/ad7G92bXCJpMkqNXz97XDt/data/746127896/attachments/attjGj3572LnoA7Jpbd2cy9u/<br>EDAD: 51<br>RAZA: Hass<br>VARIEDAD: <br>TOTAL PLANTAS: 49<br>PLANTAS EN PRODUCCION: 20<br>AREA EN MZ: 0.25<br>ANALISIS DE SUELO: No<br>IMAGEN ANALISIS: <br>FERTILIZA: Si<br>FUMIGA: Si<br>SISTEMA DE RIEGO: No<br>TIPO DE SISTEMA: <br>AREA CON RIEGO: <br>FUENTE DE AGUA: Si<br>CAPACITACION: Si<br>REALIZA PODAS: Si<br>AFILIADO A ASPAH: Si<br>CREDITO: Si<br>TRABAJADORES PERMANENTES: No<br>CUANTOS TP: <br>TRANBAJADORES TEMPORALES: Si<br>CUANTOS TT: 3<br>SALARIO POR DIA: 300<br>LIBRAS COSECHADAS: 1200<br>UNIDADES COSECHADAS: <br>UNIDADES COSSECHADAS: <br>MESES DE COSECHA: Diciembre Enero Febrero Marzo<br>DONDE VENDE: Un comprador viene a mi finca.<br>PRECIO LIBRA: 16<br>PRECIO UNIDAD: <br>PRECIO UNNIDAD: <br>TRANSPORTE DE COSECHA: Ninguno<br>IMAGEN PRODUCTOR: https://kf.kobotoolbox.org/api/v2/assets/ad7G92bXCJpMkqNXz97XDt/data/746127896/attachments/attEFZ4H4b32vPrJus9KLmeA/<br>OBSERVACION: La esposa concedio la encuesta<br>FIRMA: https://kf.kobotoolbox.org/api/v2/assets/ad7G92bXCJpMkqNXz97XDt/data/746127896/attachments/att3dbazXMDaGUA6cgZkFrMq/]]></description>
        <styleUrl>#icon-1899-FFD600</styleUrl>
        <ExtendedData>
          <Data name="﻿FECHA">
            <value>7/5/2026</value>
          </Data>
          <Data name="LATITUD">
            <value>14.3538042</value>
          </Data>
          <Data name="LONGITUD">
            <value>-88.2493667</value>
          </Data>
          <Data name="ALTITUD MSNM">
            <value>2108.0</value>
          </Data>
          <Data name="DEPARTAMENTO">
            <value>Intibuca</value>
          </Data>
          <Data name="MUNICIPIO">
            <value>Yaramanguila</value>
          </Data>
          <Data name="FINCA">
            <value>Finca GUTIÉRREZ LEMUZ</value>
          </Data>
          <Data name="DNI">
            <value>1016-1975-00291</value>
          </Data>
          <Data name="IMAGEN DNI">
            <value>https://kf.kobotoolbox.org/api/v2/assets/ad7G92bXCJpMkqNXz97XDt/data/746127896/attachments/attjGj3572LnoA7Jpbd2cy9u/</value>
          </Data>
          <Data name="EDAD">
            <value>51.0</value>
          </Data>
          <Data name="RAZA">
            <value>Hass</value>
          </Data>
          <Data name="VARIEDAD">
            <value/>
          </Data>
          <Data name="TOTAL PLANTAS">
            <value>49.0</value>
          </Data>
          <Data name="PLANTAS EN PRODUCCION">
            <value>20.0</value>
          </Data>
          <Data name="AREA EN MZ">
            <value>0.25</value>
          </Data>
          <Data name="ANALISIS DE SUELO">
            <value>No</value>
          </Data>
          <Data name="IMAGEN ANALISIS">
            <value/>
          </Data>
          <Data name="FERTILIZA">
            <value>Si</value>
          </Data>
          <Data name="FUMIGA">
            <value>Si</value>
          </Data>
          <Data name="SISTEMA DE RIEGO">
            <value>No</value>
          </Data>
          <Data name="TIPO DE SISTEMA">
            <value/>
          </Data>
          <Data name="AREA CON RIEGO">
            <value/>
          </Data>
          <Data name="FUENTE DE AGUA">
            <value>Si</value>
          </Data>
          <Data name="CAPACITACION">
            <value>Si</value>
          </Data>
          <Data name="REALIZA PODAS">
            <value>Si</value>
          </Data>
          <Data name="AFILIADO A ASPAH">
            <value>Si</value>
          </Data>
          <Data name="CREDITO">
            <value>Si</value>
          </Data>
          <Data name="TRABAJADORES PERMANENTES">
            <value>No</value>
          </Data>
          <Data name="CUANTOS TP">
            <value/>
          </Data>
          <Data name="TRANBAJADORES TEMPORALES">
            <value>Si</value>
          </Data>
          <Data name="CUANTOS TT">
            <value>3.0</value>
          </Data>
          <Data name="SALARIO POR DIA">
            <value>300.0</value>
          </Data>
          <Data name="LIBRAS COSECHADAS">
            <value>1200.0</value>
          </Data>
          <Data name="UNIDADES COSECHADAS">
            <value/>
          </Data>
          <Data name="UNIDADES COSSECHADAS">
            <value/>
          </Data>
          <Data name="MESES DE COSECHA">
            <value>Diciembre Enero Febrero Marzo</value>
          </Data>
          <Data name="DONDE VENDE">
            <value>Un comprador viene a mi finca.</value>
          </Data>
          <Data name="PRECIO LIBRA">
            <value>16.0</value>
          </Data>
          <Data name="PRECIO UNIDAD">
            <value/>
          </Data>
          <Data name="PRECIO UNNIDAD">
            <value/>
          </Data>
          <Data name="TRANSPORTE DE COSECHA">
            <value>Ninguno</value>
          </Data>
          <Data name="IMAGEN PRODUCTOR">
            <value>https://kf.kobotoolbox.org/api/v2/assets/ad7G92bXCJpMkqNXz97XDt/data/746127896/attachments/attEFZ4H4b32vPrJus9KLmeA/</value>
          </Data>
          <Data name="OBSERVACION">
            <value>La esposa concedio la encuesta</value>
          </Data>
          <Data name="FIRMA">
            <value>https://kf.kobotoolbox.org/api/v2/assets/ad7G92bXCJpMkqNXz97XDt/data/746127896/attachments/att3dbazXMDaGUA6cgZkFrMq/</value>
          </Data>
        </ExtendedData>
        <Point>
          <coordinates>
            -88.2493667,14.3538042,0
          </coordinates>
        </Point>
      </Placemark>
      <Placemark>
        <name>PAZ SANCHEZ PEREZ</name>
        <description><![CDATA[﻿FECHA: 7/5/2026<br>LATITUD: 14.3613169<br>LONGITUD: -88.2421411<br>ALTITUD MSNM: 2086<br>DEPARTAMENTO: Intibuca<br>MUNICIPIO: Yaramanguila<br>FINCA: Finca El Amanecer<br>DNI: 1016-1985-00123<br>IMAGEN DNI: https://kf.kobotoolbox.org/api/v2/assets/ad7G92bXCJpMkqNXz97XDt/data/746127926/attachments/attFk3DXyCDAvSpqXczJqMZD/<br>EDAD: 41<br>RAZA: Hass<br>VARIEDAD: <br>TOTAL PLANTAS: 39<br>PLANTAS EN PRODUCCION: 20<br>AREA EN MZ: 0,20<br>ANALISIS DE SUELO: No<br>IMAGEN ANALISIS: <br>FERTILIZA: Si<br>FUMIGA: Si<br>SISTEMA DE RIEGO: No<br>TIPO DE SISTEMA: <br>AREA CON RIEGO: <br>FUENTE DE AGUA: Si<br>CAPACITACION: Si<br>REALIZA PODAS: Si<br>AFILIADO A ASPAH: No<br>CREDITO: No<br>TRABAJADORES PERMANENTES: No<br>CUANTOS TP: <br>TRANBAJADORES TEMPORALES: Si<br>CUANTOS TT: 2<br>SALARIO POR DIA: 250<br>LIBRAS COSECHADAS: 300<br>UNIDADES COSECHADAS: <br>UNIDADES COSSECHADAS: <br>MESES DE COSECHA: Diciembre Enero<br>DONDE VENDE: Mercado local, pulperias y en casa.<br>PRECIO LIBRA: 14<br>PRECIO UNIDAD: <br>PRECIO UNNIDAD: <br>TRANSPORTE DE COSECHA: Ninguno<br>IMAGEN PRODUCTOR: https://kf.kobotoolbox.org/api/v2/assets/ad7G92bXCJpMkqNXz97XDt/data/746127926/attachments/attfBEvZAZLTPDdwD6Xwftgc/<br>OBSERVACION: Dio la encuesta la esposa de Genaro Gutiérrez Gutiérrez <br>FIRMA: https://kf.kobotoolbox.org/api/v2/assets/ad7G92bXCJpMkqNXz97XDt/data/746127926/attachments/atttpCGLBZYp9o4s4MRFf83f/]]></description>
        <styleUrl>#icon-1899-FFD600</styleUrl>
        <ExtendedData>
          <Data name="﻿FECHA">
            <value>7/5/2026</value>
          </Data>
          <Data name="LATITUD">
            <value>14.3613169</value>
          </Data>
          <Data name="LONGITUD">
            <value>-88.2421411</value>
          </Data>
          <Data name="ALTITUD MSNM">
            <value>2086.0</value>
          </Data>
          <Data name="DEPARTAMENTO">
            <value>Intibuca</value>
          </Data>
          <Data name="MUNICIPIO">
            <value>Yaramanguila</value>
          </Data>
          <Data name="FINCA">
            <value>Finca El Amanecer</value>
          </Data>
          <Data name="DNI">
            <value>1016-1985-00123</value>
          </Data>
          <Data name="IMAGEN DNI">
            <value>https://kf.kobotoolbox.org/api/v2/assets/ad7G92bXCJpMkqNXz97XDt/data/746127926/attachments/attFk3DXyCDAvSpqXczJqMZD/</value>
          </Data>
          <Data name="EDAD">
            <value>41.0</value>
          </Data>
          <Data name="RAZA">
            <value>Hass</value>
          </Data>
          <Data name="VARIEDAD">
            <value/>
          </Data>
          <Data name="TOTAL PLANTAS">
            <value>39.0</value>
          </Data>
          <Data name="PLANTAS EN PRODUCCION">
            <value>20.0</value>
          </Data>
          <Data name="AREA EN MZ">
            <value>0,20</value>
          </Data>
          <Data name="ANALISIS DE SUELO">
            <value>No</value>
          </Data>
          <Data name="IMAGEN ANALISIS">
            <value/>
          </Data>
          <Data name="FERTILIZA">
            <value>Si</value>
          </Data>
          <Data name="FUMIGA">
            <value>Si</value>
          </Data>
          <Data name="SISTEMA DE RIEGO">
            <value>No</value>
          </Data>
          <Data name="TIPO DE SISTEMA">
            <value/>
          </Data>
          <Data name="AREA CON RIEGO">
            <value/>
          </Data>
          <Data name="FUENTE DE AGUA">
            <value>Si</value>
          </Data>
          <Data name="CAPACITACION">
            <value>Si</value>
          </Data>
          <Data name="REALIZA PODAS">
            <value>Si</value>
          </Data>
          <Data name="AFILIADO A ASPAH">
            <value>No</value>
          </Data>
          <Data name="CREDITO">
            <value>No</value>
          </Data>
          <Data name="TRABAJADORES PERMANENTES">
            <value>No</value>
          </Data>
          <Data name="CUANTOS TP">
            <value/>
          </Data>
          <Data name="TRANBAJADORES TEMPORALES">
            <value>Si</value>
          </Data>
          <Data name="CUANTOS TT">
            <value>2.0</value>
          </Data>
          <Data name="SALARIO POR DIA">
            <value>250.0</value>
          </Data>
          <Data name="LIBRAS COSECHADAS">
            <value>300.0</value>
          </Data>
          <Data name="UNIDADES COSECHADAS">
            <value/>
          </Data>
          <Data name="UNIDADES COSSECHADAS">
            <value/>
          </Data>
          <Data name="MESES DE COSECHA">
            <value>Diciembre Enero</value>
          </Data>
          <Data name="DONDE VENDE">
            <value>Mercado local, pulperias y en casa.</value>
          </Data>
          <Data name="PRECIO LIBRA">
            <value>14.0</value>
          </Data>
          <Data name="PRECIO UNIDAD">
            <value/>
          </Data>
          <Data name="PRECIO UNNIDAD">
            <value/>
          </Data>
          <Data name="TRANSPORTE DE COSECHA">
            <value>Ninguno</value>
          </Data>
          <Data name="IMAGEN PRODUCTOR">
            <value>https://kf.kobotoolbox.org/api/v2/assets/ad7G92bXCJpMkqNXz97XDt/data/746127926/attachments/attfBEvZAZLTPDdwD6Xwftgc/</value>
          </Data>
          <Data name="OBSERVACION">
            <value>Dio la encuesta la esposa de Genaro Gutiérrez Gutiérrez </value>
          </Data>
          <Data name="FIRMA">
            <value>https://kf.kobotoolbox.org/api/v2/assets/ad7G92bXCJpMkqNXz97XDt/data/746127926/attachments/atttpCGLBZYp9o4s4MRFf83f/</value>
          </Data>
        </ExtendedData>
        <Point>
          <coordinates>
            -88.2421411,14.3613169,0
          </coordinates>
        </Point>
      </Placemark>
      <Placemark>
        <name>MARIA PRISILA GONZALES GUTIERREZ</name>
        <description><![CDATA[﻿FECHA: 7/5/2026<br>LATITUD: 14.364201<br>LONGITUD: -88.2282162<br>ALTITUD MSNM: 1974<br>DEPARTAMENTO: Intibuca<br>MUNICIPIO: Yaramanguila<br>FINCA: Finca Sarahi<br>DNI: 1016-1987-00044<br>IMAGEN DNI: https://kf.kobotoolbox.org/api/v2/assets/ad7G92bXCJpMkqNXz97XDt/data/746128013/attachments/atttkymw5dG3SctLrbmPSQDe/<br>EDAD: 39<br>RAZA: Hass<br>VARIEDAD: <br>TOTAL PLANTAS: 20<br>PLANTAS EN PRODUCCION: 0<br>AREA EN MZ: 0,15<br>ANALISIS DE SUELO: No<br>IMAGEN ANALISIS: <br>FERTILIZA: Si<br>FUMIGA: Si<br>SISTEMA DE RIEGO: No<br>TIPO DE SISTEMA: <br>AREA CON RIEGO: <br>FUENTE DE AGUA: Si<br>CAPACITACION: Si<br>REALIZA PODAS: No<br>AFILIADO A ASPAH: No<br>CREDITO: No<br>TRABAJADORES PERMANENTES: No<br>CUANTOS TP: <br>TRANBAJADORES TEMPORALES: Si<br>CUANTOS TT: 2<br>SALARIO POR DIA: 150<br>LIBRAS COSECHADAS: 0<br>UNIDADES COSECHADAS: <br>UNIDADES COSSECHADAS: <br>MESES DE COSECHA: Diciembre<br>DONDE VENDE: No he vendido aún.<br>PRECIO LIBRA: 0<br>PRECIO UNIDAD: <br>PRECIO UNNIDAD: <br>TRANSPORTE DE COSECHA: Ninguno<br>IMAGEN PRODUCTOR: https://kf.kobotoolbox.org/api/v2/assets/ad7G92bXCJpMkqNXz97XDt/data/746128013/attachments/attByDSAuJ5iTGWfXQY34AVQ/<br>OBSERVACION: Hay una quebrada al frente <br>FIRMA: https://kf.kobotoolbox.org/api/v2/assets/ad7G92bXCJpMkqNXz97XDt/data/746128013/attachments/attsEuQKUFDC6Sepqmyr4bSF/]]></description>
        <styleUrl>#icon-1899-FFD600</styleUrl>
        <ExtendedData>
          <Data name="﻿FECHA">
            <value>7/5/2026</value>
          </Data>
          <Data name="LATITUD">
            <value>14.364201</value>
          </Data>
          <Data name="LONGITUD">
            <value>-88.2282162</value>
          </Data>
          <Data name="ALTITUD MSNM">
            <value>1974.0</value>
          </Data>
          <Data name="DEPARTAMENTO">
            <value>Intibuca</value>
          </Data>
          <Data name="MUNICIPIO">
            <value>Yaramanguila</value>
          </Data>
          <Data name="FINCA">
            <value>Finca Sarahi</value>
          </Data>
          <Data name="DNI">
            <value>1016-1987-00044</value>
          </Data>
          <Data name="IMAGEN DNI">
            <value>https://kf.kobotoolbox.org/api/v2/assets/ad7G92bXCJpMkqNXz97XDt/data/746128013/attachments/atttkymw5dG3SctLrbmPSQDe/</value>
          </Data>
          <Data name="EDAD">
            <value>39.0</value>
          </Data>
          <Data name="RAZA">
            <value>Hass</value>
          </Data>
          <Data name="VARIEDAD">
            <value/>
          </Data>
          <Data name="TOTAL PLANTAS">
            <value>20.0</value>
          </Data>
          <Data name="PLANTAS EN PRODUCCION">
            <value>0.0</value>
          </Data>
          <Data name="AREA EN MZ">
            <value>0,15</value>
          </Data>
          <Data name="ANALISIS DE SUELO">
            <value>No</value>
          </Data>
          <Data name="IMAGEN ANALISIS">
            <value/>
          </Data>
          <Data name="FERTILIZA">
            <value>Si</value>
          </Data>
          <Data name="FUMIGA">
            <value>Si</value>
          </Data>
          <Data name="SISTEMA DE RIEGO">
            <value>No</value>
          </Data>
          <Data name="TIPO DE SISTEMA">
            <value/>
          </Data>
          <Data name="AREA CON RIEGO">
            <value/>
          </Data>
          <Data name="FUENTE DE AGUA">
            <value>Si</value>
          </Data>
          <Data name="CAPACITACION">
            <value>Si</value>
          </Data>
          <Data name="REALIZA PODAS">
            <value>No</value>
          </Data>
          <Data name="AFILIADO A ASPAH">
            <value>No</value>
          </Data>
          <Data name="CREDITO">
            <value>No</value>
          </Data>
          <Data name="TRABAJADORES PERMANENTES">
            <value>No</value>
          </Data>
          <Data name="CUANTOS TP">
            <value/>
          </Data>
          <Data name="TRANBAJADORES TEMPORALES">
            <value>Si</value>
          </Data>
          <Data name="CUANTOS TT">
            <value>2.0</value>
          </Data>
          <Data name="SALARIO POR DIA">
            <value>150.0</value>
          </Data>
          <Data name="LIBRAS COSECHADAS">
            <value>0.0</value>
          </Data>
          <Data name="UNIDADES COSECHADAS">
            <value/>
          </Data>
          <Data name="UNIDADES COSSECHADAS">
            <value/>
          </Data>
          <Data name="MESES DE COSECHA">
            <value>Diciembre</value>
          </Data>
          <Data name="DONDE VENDE">
            <value>No he vendido aún.</value>
          </Data>
          <Data name="PRECIO LIBRA">
            <value>0.0</value>
          </Data>
          <Data name="PRECIO UNIDAD">
            <value/>
          </Data>
          <Data name="PRECIO UNNIDAD">
            <value/>
          </Data>
          <Data name="TRANSPORTE DE COSECHA">
            <value>Ninguno</value>
          </Data>
          <Data name="IMAGEN PRODUCTOR">
            <value>https://kf.kobotoolbox.org/api/v2/assets/ad7G92bXCJpMkqNXz97XDt/data/746128013/attachments/attByDSAuJ5iTGWfXQY34AVQ/</value>
          </Data>
          <Data name="OBSERVACION">
            <value>Hay una quebrada al frente </value>
          </Data>
          <Data name="FIRMA">
            <value>https://kf.kobotoolbox.org/api/v2/assets/ad7G92bXCJpMkqNXz97XDt/data/746128013/attachments/attsEuQKUFDC6Sepqmyr4bSF/</value>
          </Data>
        </ExtendedData>
        <Point>
          <coordinates>
            -88.2282162,14.364201,0
          </coordinates>
        </Point>
      </Placemark>
      <Placemark>
        <name>MARIO SANCHEZ GONZALES</name>
        <description><![CDATA[﻿FECHA: 7/5/2026<br>LATITUD: 14.3638766<br>LONGITUD: -88.230686<br>ALTITUD MSNM: 2001<br>DEPARTAMENTO: Intibuca<br>MUNICIPIO: Yaramanguila<br>FINCA: Finca adelmo<br>DNI: 1016-1959-00199<br>IMAGEN DNI: https://kf.kobotoolbox.org/api/v2/assets/ad7G92bXCJpMkqNXz97XDt/data/746148315/attachments/attBmtyU4SpouNLdFhXrv2N2/<br>EDAD: 66<br>RAZA: Hass<br>VARIEDAD: <br>TOTAL PLANTAS: 100<br>PLANTAS EN PRODUCCION: 50<br>AREA EN MZ: 0,5<br>ANALISIS DE SUELO: No<br>IMAGEN ANALISIS: <br>FERTILIZA: Si<br>FUMIGA: Si<br>SISTEMA DE RIEGO: No<br>TIPO DE SISTEMA: <br>AREA CON RIEGO: <br>FUENTE DE AGUA: Si<br>CAPACITACION: Si<br>REALIZA PODAS: Si<br>AFILIADO A ASPAH: No<br>CREDITO: Si<br>TRABAJADORES PERMANENTES: No<br>CUANTOS TP: <br>TRANBAJADORES TEMPORALES: Si<br>CUANTOS TT: 3<br>SALARIO POR DIA: 250<br>LIBRAS COSECHADAS: 170<br>UNIDADES COSECHADAS: <br>UNIDADES COSSECHADAS: <br>MESES DE COSECHA: Enero Agosto<br>DONDE VENDE: Mercado local, pulperias y en casa.<br>PRECIO LIBRA: 18<br>PRECIO UNIDAD: <br>PRECIO UNNIDAD: <br>TRANSPORTE DE COSECHA: Ninguno<br>IMAGEN PRODUCTOR: https://kf.kobotoolbox.org/api/v2/assets/ad7G92bXCJpMkqNXz97XDt/data/746148315/attachments/attDDrWkwoHX3Rx9moML28bu/<br>OBSERVACION: Cuenta con quebrass de agua a 20 metros del la parcelas <br>FIRMA: https://kf.kobotoolbox.org/api/v2/assets/ad7G92bXCJpMkqNXz97XDt/data/746148315/attachments/attmSCSshbhHiFRF8u8yZ2wL/]]></description>
        <styleUrl>#icon-1899-FFD600</styleUrl>
        <ExtendedData>
          <Data name="﻿FECHA">
            <value>7/5/2026</value>
          </Data>
          <Data name="LATITUD">
            <value>14.3638766</value>
          </Data>
          <Data name="LONGITUD">
            <value>-88.230686</value>
          </Data>
          <Data name="ALTITUD MSNM">
            <value>2001.0</value>
          </Data>
          <Data name="DEPARTAMENTO">
            <value>Intibuca</value>
          </Data>
          <Data name="MUNICIPIO">
            <value>Yaramanguila</value>
          </Data>
          <Data name="FINCA">
            <value>Finca adelmo</value>
          </Data>
          <Data name="DNI">
            <value>1016-1959-00199</value>
          </Data>
          <Data name="IMAGEN DNI">
            <value>https://kf.kobotoolbox.org/api/v2/assets/ad7G92bXCJpMkqNXz97XDt/data/746148315/attachments/attBmtyU4SpouNLdFhXrv2N2/</value>
          </Data>
          <Data name="EDAD">
            <value>66.0</value>
          </Data>
          <Data name="RAZA">
            <value>Hass</value>
          </Data>
          <Data name="VARIEDAD">
            <value/>
          </Data>
          <Data name="TOTAL PLANTAS">
            <value>100.0</value>
          </Data>
          <Data name="PLANTAS EN PRODUCCION">
            <value>50.0</value>
          </Data>
          <Data name="AREA EN MZ">
            <value>0,5</value>
          </Data>
          <Data name="ANALISIS DE SUELO">
            <value>No</value>
          </Data>
          <Data name="IMAGEN ANALISIS">
            <value/>
          </Data>
          <Data name="FERTILIZA">
            <value>Si</value>
          </Data>
          <Data name="FUMIGA">
            <value>Si</value>
          </Data>
          <Data name="SISTEMA DE RIEGO">
            <value>No</value>
          </Data>
          <Data name="TIPO DE SISTEMA">
            <value/>
          </Data>
          <Data name="AREA CON RIEGO">
            <value/>
          </Data>
          <Data name="FUENTE DE AGUA">
            <value>Si</value>
          </Data>
          <Data name="CAPACITACION">
            <value>Si</value>
          </Data>
          <Data name="REALIZA PODAS">
            <value>Si</value>
          </Data>
          <Data name="AFILIADO A ASPAH">
            <value>No</value>
          </Data>
          <Data name="CREDITO">
            <value>Si</value>
          </Data>
          <Data name="TRABAJADORES PERMANENTES">
            <value>No</value>
          </Data>
          <Data name="CUANTOS TP">
            <value/>
          </Data>
          <Data name="TRANBAJADORES TEMPORALES">
            <value>Si</value>
          </Data>
          <Data name="CUANTOS TT">
            <value>3.0</value>
          </Data>
          <Data name="SALARIO POR DIA">
            <value>250.0</value>
          </Data>
          <Data name="LIBRAS COSECHADAS">
            <value>170.0</value>
          </Data>
          <Data name="UNIDADES COSECHADAS">
            <value/>
          </Data>
          <Data name="UNIDADES COSSECHADAS">
            <value/>
          </Data>
          <Data name="MESES DE COSECHA">
            <value>Enero Agosto</value>
          </Data>
          <Data name="DONDE VENDE">
            <value>Mercado local, pulperias y en casa.</value>
          </Data>
          <Data name="PRECIO LIBRA">
            <value>18.0</value>
          </Data>
          <Data name="PRECIO UNIDAD">
            <value/>
          </Data>
          <Data name="PRECIO UNNIDAD">
            <value/>
          </Data>
          <Data name="TRANSPORTE DE COSECHA">
            <value>Ninguno</value>
          </Data>
          <Data name="IMAGEN PRODUCTOR">
            <value>https://kf.kobotoolbox.org/api/v2/assets/ad7G92bXCJpMkqNXz97XDt/data/746148315/attachments/attDDrWkwoHX3Rx9moML28bu/</value>
          </Data>
          <Data name="OBSERVACION">
            <value>Cuenta con quebrass de agua a 20 metros del la parcelas </value>
          </Data>
          <Data name="FIRMA">
            <value>https://kf.kobotoolbox.org/api/v2/assets/ad7G92bXCJpMkqNXz97XDt/data/746148315/attachments/attmSCSshbhHiFRF8u8yZ2wL/</value>
          </Data>
        </ExtendedData>
        <Point>
          <coordinates>
            -88.230686,14.3638766,0
          </coordinates>
        </Point>
      </Placemark>
      <Placemark>
        <name>PASCUAL GONZALES RODRIGUEZ </name>
        <description><![CDATA[﻿FECHA: 7/5/2026<br>LATITUD: 14.3633933<br>LONGITUD: -88.2285721<br>ALTITUD MSNM: 1981<br>DEPARTAMENTO: Intibuca<br>MUNICIPIO: Yaramanguila<br>FINCA: Finca González lopez<br>DNI: 1016-1978-00127<br>IMAGEN DNI: https://kf.kobotoolbox.org/api/v2/assets/ad7G92bXCJpMkqNXz97XDt/data/746171662/attachments/attdx5ivGKPZixzjcrczDwZE/<br>EDAD: 48<br>RAZA: Hass<br>VARIEDAD: <br>TOTAL PLANTAS: 51<br>PLANTAS EN PRODUCCION: 8<br>AREA EN MZ: 0,25<br>ANALISIS DE SUELO: No<br>IMAGEN ANALISIS: <br>FERTILIZA: Si<br>FUMIGA: Si<br>SISTEMA DE RIEGO: No<br>TIPO DE SISTEMA: <br>AREA CON RIEGO: <br>FUENTE DE AGUA: Si<br>CAPACITACION: Si<br>REALIZA PODAS: Si<br>AFILIADO A ASPAH: No<br>CREDITO: Si<br>TRABAJADORES PERMANENTES: No<br>CUANTOS TP: <br>TRANBAJADORES TEMPORALES: Si<br>CUANTOS TT: 3<br>SALARIO POR DIA: 250<br>LIBRAS COSECHADAS: 50<br>UNIDADES COSECHADAS: <br>UNIDADES COSSECHADAS: <br>MESES DE COSECHA: Diciembre Enero<br>DONDE VENDE: Mercado local, pulperias y en casa.<br>PRECIO LIBRA: 26<br>PRECIO UNIDAD: <br>PRECIO UNNIDAD: <br>TRANSPORTE DE COSECHA: En bus<br>IMAGEN PRODUCTOR: https://kf.kobotoolbox.org/api/v2/assets/ad7G92bXCJpMkqNXz97XDt/data/746171662/attachments/attJ2HCgDw9o2jJEw9CrbgD5/<br>OBSERVACION: Hay agua cerca para riego<br>FIRMA: https://kf.kobotoolbox.org/api/v2/assets/ad7G92bXCJpMkqNXz97XDt/data/746171662/attachments/attCpoYKuaqzkUzfSWRV5L2v/]]></description>
        <styleUrl>#icon-1899-FFD600</styleUrl>
        <ExtendedData>
          <Data name="﻿FECHA">
            <value>7/5/2026</value>
          </Data>
          <Data name="LATITUD">
            <value>14.3633933</value>
          </Data>
          <Data name="LONGITUD">
            <value>-88.2285721</value>
          </Data>
          <Data name="ALTITUD MSNM">
            <value>1981.0</value>
          </Data>
          <Data name="DEPARTAMENTO">
            <value>Intibuca</value>
          </Data>
          <Data name="MUNICIPIO">
            <value>Yaramanguila</value>
          </Data>
          <Data name="FINCA">
            <value>Finca González lopez</value>
          </Data>
          <Data name="DNI">
            <value>1016-1978-00127</value>
          </Data>
          <Data name="IMAGEN DNI">
            <value>https://kf.kobotoolbox.org/api/v2/assets/ad7G92bXCJpMkqNXz97XDt/data/746171662/attachments/attdx5ivGKPZixzjcrczDwZE/</value>
          </Data>
          <Data name="EDAD">
            <value>48.0</value>
          </Data>
          <Data name="RAZA">
            <value>Hass</value>
          </Data>
          <Data name="VARIEDAD">
            <value/>
          </Data>
          <Data name="TOTAL PLANTAS">
            <value>51.0</value>
          </Data>
          <Data name="PLANTAS EN PRODUCCION">
            <value>8.0</value>
          </Data>
          <Data name="AREA EN MZ">
            <value>0,25</value>
          </Data>
          <Data name="ANALISIS DE SUELO">
            <value>No</value>
          </Data>
          <Data name="IMAGEN ANALISIS">
            <value/>
          </Data>
          <Data name="FERTILIZA">
            <value>Si</value>
          </Data>
          <Data name="FUMIGA">
            <value>Si</value>
          </Data>
          <Data name="SISTEMA DE RIEGO">
            <value>No</value>
          </Data>
          <Data name="TIPO DE SISTEMA">
            <value/>
          </Data>
          <Data name="AREA CON RIEGO">
            <value/>
          </Data>
          <Data name="FUENTE DE AGUA">
            <value>Si</value>
          </Data>
          <Data name="CAPACITACION">
            <value>Si</value>
          </Data>
          <Data name="REALIZA PODAS">
            <value>Si</value>
          </Data>
          <Data name="AFILIADO A ASPAH">
            <value>No</value>
          </Data>
          <Data name="CREDITO">
            <value>Si</value>
          </Data>
          <Data name="TRABAJADORES PERMANENTES">
            <value>No</value>
          </Data>
          <Data name="CUANTOS TP">
            <value/>
          </Data>
          <Data name="TRANBAJADORES TEMPORALES">
            <value>Si</value>
          </Data>
          <Data name="CUANTOS TT">
            <value>3.0</value>
          </Data>
          <Data name="SALARIO POR DIA">
            <value>250.0</value>
          </Data>
          <Data name="LIBRAS COSECHADAS">
            <value>50.0</value>
          </Data>
          <Data name="UNIDADES COSECHADAS">
            <value/>
          </Data>
          <Data name="UNIDADES COSSECHADAS">
            <value/>
          </Data>
          <Data name="MESES DE COSECHA">
            <value>Diciembre Enero</value>
          </Data>
          <Data name="DONDE VENDE">
            <value>Mercado local, pulperias y en casa.</value>
          </Data>
          <Data name="PRECIO LIBRA">
            <value>26.0</value>
          </Data>
          <Data name="PRECIO UNIDAD">
            <value/>
          </Data>
          <Data name="PRECIO UNNIDAD">
            <value/>
          </Data>
          <Data name="TRANSPORTE DE COSECHA">
            <value>En bus</value>
          </Data>
          <Data name="IMAGEN PRODUCTOR">
            <value>https://kf.kobotoolbox.org/api/v2/assets/ad7G92bXCJpMkqNXz97XDt/data/746171662/attachments/attJ2HCgDw9o2jJEw9CrbgD5/</value>
          </Data>
          <Data name="OBSERVACION">
            <value>Hay agua cerca para riego</value>
          </Data>
          <Data name="FIRMA">
            <value>https://kf.kobotoolbox.org/api/v2/assets/ad7G92bXCJpMkqNXz97XDt/data/746171662/attachments/attCpoYKuaqzkUzfSWRV5L2v/</value>
          </Data>
        </ExtendedData>
        <Point>
          <coordinates>
            -88.2285721,14.3633933,0
          </coordinates>
        </Point>
      </Placemark>
      <Placemark>
        <name>PIO GOMEZ</name>
        <description><![CDATA[﻿FECHA: 7/5/2026<br>LATITUD: 14.3627564<br>LONGITUD: -88.2277391<br>ALTITUD MSNM: 1973<br>DEPARTAMENTO: Intibuca<br>MUNICIPIO: Yaramanguila<br>FINCA: Finca los sipres<br>DNI: 1016-1972-00232<br>IMAGEN DNI: https://kf.kobotoolbox.org/api/v2/assets/ad7G92bXCJpMkqNXz97XDt/data/746184665/attachments/attvD8GrQsiJxc62aoSgsRcX/<br>EDAD: 54<br>RAZA: Hass<br>VARIEDAD: <br>TOTAL PLANTAS: 20<br>PLANTAS EN PRODUCCION: 5<br>AREA EN MZ: 0,20<br>ANALISIS DE SUELO: No<br>IMAGEN ANALISIS: <br>FERTILIZA: Si<br>FUMIGA: Si<br>SISTEMA DE RIEGO: Si<br>TIPO DE SISTEMA: Sistema de riego superficial<br>AREA CON RIEGO: 0,20<br>FUENTE DE AGUA: <br>CAPACITACION: Si<br>REALIZA PODAS: No<br>AFILIADO A ASPAH: No<br>CREDITO: No<br>TRABAJADORES PERMANENTES: No<br>CUANTOS TP: <br>TRANBAJADORES TEMPORALES: Si<br>CUANTOS TT: 2<br>SALARIO POR DIA: 300<br>LIBRAS COSECHADAS: 50<br>UNIDADES COSECHADAS: <br>UNIDADES COSSECHADAS: <br>MESES DE COSECHA: Diciembre<br>DONDE VENDE: Mercado local, pulperias y en casa.<br>PRECIO LIBRA: 18<br>PRECIO UNIDAD: <br>PRECIO UNNIDAD: <br>TRANSPORTE DE COSECHA: Ninguno<br>IMAGEN PRODUCTOR: https://kf.kobotoolbox.org/api/v2/assets/ad7G92bXCJpMkqNXz97XDt/data/746184665/attachments/att5Rn7zBiWRMqcFynUMD7Po/<br>OBSERVACION: Tiene reservorio de agua<br>FIRMA: https://kf.kobotoolbox.org/api/v2/assets/ad7G92bXCJpMkqNXz97XDt/data/746184665/attachments/attvw4bEgrntd4iigp9uRX22/]]></description>
        <styleUrl>#icon-1899-FFD600</styleUrl>
        <ExtendedData>
          <Data name="﻿FECHA">
            <value>7/5/2026</value>
          </Data>
          <Data name="LATITUD">
            <value>14.3627564</value>
          </Data>
          <Data name="LONGITUD">
            <value>-88.2277391</value>
          </Data>
          <Data name="ALTITUD MSNM">
            <value>1973.0</value>
          </Data>
          <Data name="DEPARTAMENTO">
            <value>Intibuca</value>
          </Data>
          <Data name="MUNICIPIO">
            <value>Yaramanguila</value>
          </Data>
          <Data name="FINCA">
            <value>Finca los sipres</value>
          </Data>
          <Data name="DNI">
            <value>1016-1972-00232</value>
          </Data>
          <Data name="IMAGEN DNI">
            <value>https://kf.kobotoolbox.org/api/v2/assets/ad7G92bXCJpMkqNXz97XDt/data/746184665/attachments/attvD8GrQsiJxc62aoSgsRcX/</value>
          </Data>
          <Data name="EDAD">
            <value>54.0</value>
          </Data>
          <Data name="RAZA">
            <value>Hass</value>
          </Data>
          <Data name="VARIEDAD">
            <value/>
          </Data>
          <Data name="TOTAL PLANTAS">
            <value>20.0</value>
          </Data>
          <Data name="PLANTAS EN PRODUCCION">
            <value>5.0</value>
          </Data>
          <Data name="AREA EN MZ">
            <value>0,20</value>
          </Data>
          <Data name="ANALISIS DE SUELO">
            <value>No</value>
          </Data>
          <Data name="IMAGEN ANALISIS">
            <value/>
          </Data>
          <Data name="FERTILIZA">
            <value>Si</value>
          </Data>
          <Data name="FUMIGA">
            <value>Si</value>
          </Data>
          <Data name="SISTEMA DE RIEGO">
            <value>Si</value>
          </Data>
          <Data name="TIPO DE SISTEMA">
            <value>Sistema de riego superficial</value>
          </Data>
          <Data name="AREA CON RIEGO">
            <value>0,20</value>
          </Data>
          <Data name="FUENTE DE AGUA">
            <value/>
          </Data>
          <Data name="CAPACITACION">
            <value>Si</value>
          </Data>
          <Data name="REALIZA PODAS">
            <value>No</value>
          </Data>
          <Data name="AFILIADO A ASPAH">
            <value>No</value>
          </Data>
          <Data name="CREDITO">
            <value>No</value>
          </Data>
          <Data name="TRABAJADORES PERMANENTES">
            <value>No</value>
          </Data>
          <Data name="CUANTOS TP">
            <value/>
          </Data>
          <Data name="TRANBAJADORES TEMPORALES">
            <value>Si</value>
          </Data>
          <Data name="CUANTOS TT">
            <value>2.0</value>
          </Data>
          <Data name="SALARIO POR DIA">
            <value>300.0</value>
          </Data>
          <Data name="LIBRAS COSECHADAS">
            <value>50.0</value>
          </Data>
          <Data name="UNIDADES COSECHADAS">
            <value/>
          </Data>
          <Data name="UNIDADES COSSECHADAS">
            <value/>
          </Data>
          <Data name="MESES DE COSECHA">
            <value>Diciembre</value>
          </Data>
          <Data name="DONDE VENDE">
            <value>Mercado local, pulperias y en casa.</value>
          </Data>
          <Data name="PRECIO LIBRA">
            <value>18.0</value>
          </Data>
          <Data name="PRECIO UNIDAD">
            <value/>
          </Data>
          <Data name="PRECIO UNNIDAD">
            <value/>
          </Data>
          <Data name="TRANSPORTE DE COSECHA">
            <value>Ninguno</value>
          </Data>
          <Data name="IMAGEN PRODUCTOR">
            <value>https://kf.kobotoolbox.org/api/v2/assets/ad7G92bXCJpMkqNXz97XDt/data/746184665/attachments/att5Rn7zBiWRMqcFynUMD7Po/</value>
          </Data>
          <Data name="OBSERVACION">
            <value>Tiene reservorio de agua</value>
          </Data>
          <Data name="FIRMA">
            <value>https://kf.kobotoolbox.org/api/v2/assets/ad7G92bXCJpMkqNXz97XDt/data/746184665/attachments/attvw4bEgrntd4iigp9uRX22/</value>
          </Data>
        </ExtendedData>
        <Point>
          <coordinates>
            -88.2277391,14.3627564,0
          </coordinates>
        </Point>
      </Placemark>
      <Placemark>
        <name>MARCIANO GONZALES</name>
        <description><![CDATA[﻿FECHA: 7/5/2026<br>LATITUD: 14.3632833<br>LONGITUD: -88.2272396<br>ALTITUD MSNM: 1981<br>DEPARTAMENTO: Intibuca<br>MUNICIPIO: Yaramanguila<br>FINCA: Finca Gonzales<br>DNI: 1016-1949-00060<br>IMAGEN DNI: https://kf.kobotoolbox.org/api/v2/assets/ad7G92bXCJpMkqNXz97XDt/data/746196834/attachments/attj3frnmnohZELKi8Ruoqkd/<br>EDAD: 78<br>RAZA: Hass<br>VARIEDAD: <br>TOTAL PLANTAS: 42<br>PLANTAS EN PRODUCCION: 15<br>AREA EN MZ: 0,25<br>ANALISIS DE SUELO: No<br>IMAGEN ANALISIS: <br>FERTILIZA: Si<br>FUMIGA: Si<br>SISTEMA DE RIEGO: No<br>TIPO DE SISTEMA: <br>AREA CON RIEGO: <br>FUENTE DE AGUA: Si<br>CAPACITACION: Si<br>REALIZA PODAS: Si<br>AFILIADO A ASPAH: No<br>CREDITO: No<br>TRABAJADORES PERMANENTES: No<br>CUANTOS TP: <br>TRANBAJADORES TEMPORALES: Si<br>CUANTOS TT: 3<br>SALARIO POR DIA: 250<br>LIBRAS COSECHADAS: 100<br>UNIDADES COSECHADAS: <br>UNIDADES COSSECHADAS: <br>MESES DE COSECHA: Septiembre<br>DONDE VENDE: Un comprador viene a mi finca.<br>PRECIO LIBRA: 8<br>PRECIO UNIDAD: <br>PRECIO UNNIDAD: <br>TRANSPORTE DE COSECHA: Ninguno<br>IMAGEN PRODUCTOR: https://kf.kobotoolbox.org/api/v2/assets/ad7G92bXCJpMkqNXz97XDt/data/746196834/attachments/attakHkTBRBQErAcEdF5NyrZ/<br>OBSERVACION: <br>FIRMA: https://kf.kobotoolbox.org/api/v2/assets/ad7G92bXCJpMkqNXz97XDt/data/746196834/attachments/atthrpxCrsVzeKgKtkbGAxyy/]]></description>
        <styleUrl>#icon-1899-FFD600</styleUrl>
        <ExtendedData>
          <Data name="﻿FECHA">
            <value>7/5/2026</value>
          </Data>
          <Data name="LATITUD">
            <value>14.3632833</value>
          </Data>
          <Data name="LONGITUD">
            <value>-88.2272396</value>
          </Data>
          <Data name="ALTITUD MSNM">
            <value>1981.0</value>
          </Data>
          <Data name="DEPARTAMENTO">
            <value>Intibuca</value>
          </Data>
          <Data name="MUNICIPIO">
            <value>Yaramanguila</value>
          </Data>
          <Data name="FINCA">
            <value>Finca Gonzales</value>
          </Data>
          <Data name="DNI">
            <value>1016-1949-00060</value>
          </Data>
          <Data name="IMAGEN DNI">
            <value>https://kf.kobotoolbox.org/api/v2/assets/ad7G92bXCJpMkqNXz97XDt/data/746196834/attachments/attj3frnmnohZELKi8Ruoqkd/</value>
          </Data>
          <Data name="EDAD">
            <value>78.0</value>
          </Data>
          <Data name="RAZA">
            <value>Hass</value>
          </Data>
          <Data name="VARIEDAD">
            <value/>
          </Data>
          <Data name="TOTAL PLANTAS">
            <value>42.0</value>
          </Data>
          <Data name="PLANTAS EN PRODUCCION">
            <value>15.0</value>
          </Data>
          <Data name="AREA EN MZ">
            <value>0,25</value>
          </Data>
          <Data name="ANALISIS DE SUELO">
            <value>No</value>
          </Data>
          <Data name="IMAGEN ANALISIS">
            <value/>
          </Data>
          <Data name="FERTILIZA">
            <value>Si</value>
          </Data>
          <Data name="FUMIGA">
            <value>Si</value>
          </Data>
          <Data name="SISTEMA DE RIEGO">
            <value>No</value>
          </Data>
          <Data name="TIPO DE SISTEMA">
            <value/>
          </Data>
          <Data name="AREA CON RIEGO">
            <value/>
          </Data>
          <Data name="FUENTE DE AGUA">
            <value>Si</value>
          </Data>
          <Data name="CAPACITACION">
            <value>Si</value>
          </Data>
          <Data name="REALIZA PODAS">
            <value>Si</value>
          </Data>
          <Data name="AFILIADO A ASPAH">
            <value>No</value>
          </Data>
          <Data name="CREDITO">
            <value>No</value>
          </Data>
          <Data name="TRABAJADORES PERMANENTES">
            <value>No</value>
          </Data>
          <Data name="CUANTOS TP">
            <value/>
          </Data>
          <Data name="TRANBAJADORES TEMPORALES">
            <value>Si</value>
          </Data>
          <Data name="CUANTOS TT">
            <value>3.0</value>
          </Data>
          <Data name="SALARIO POR DIA">
            <value>250.0</value>
          </Data>
          <Data name="LIBRAS COSECHADAS">
            <value>100.0</value>
          </Data>
          <Data name="UNIDADES COSECHADAS">
            <value/>
          </Data>
          <Data name="UNIDADES COSSECHADAS">
            <value/>
          </Data>
          <Data name="MESES DE COSECHA">
            <value>Septiembre</value>
          </Data>
          <Data name="DONDE VENDE">
            <value>Un comprador viene a mi finca.</value>
          </Data>
          <Data name="PRECIO LIBRA">
            <value>8.0</value>
          </Data>
          <Data name="PRECIO UNIDAD">
            <value/>
          </Data>
          <Data name="PRECIO UNNIDAD">
            <value/>
          </Data>
          <Data name="TRANSPORTE DE COSECHA">
            <value>Ninguno</value>
          </Data>
          <Data name="IMAGEN PRODUCTOR">
            <value>https://kf.kobotoolbox.org/api/v2/assets/ad7G92bXCJpMkqNXz97XDt/data/746196834/attachments/attakHkTBRBQErAcEdF5NyrZ/</value>
          </Data>
          <Data name="OBSERVACION">
            <value/>
          </Data>
          <Data name="FIRMA">
            <value>https://kf.kobotoolbox.org/api/v2/assets/ad7G92bXCJpMkqNXz97XDt/data/746196834/attachments/atthrpxCrsVzeKgKtkbGAxyy/</value>
          </Data>
        </ExtendedData>
        <Point>
          <coordinates>
            -88.2272396,14.3632833,0
          </coordinates>
        </Point>
      </Placemark>
      <Placemark>
        <name>MARLON RUBID MARQUEZ PINEDA</name>
        <description><![CDATA[﻿FECHA: 7/5/2026<br>LATITUD: 14.3530442<br>LONGITUD: -88.224942<br>ALTITUD MSNM: 2164<br>DEPARTAMENTO: Intibuca<br>MUNICIPIO: Yaramanguila<br>FINCA: Finca Mery<br>DNI: 1003-1983-00371<br>IMAGEN DNI: https://kf.kobotoolbox.org/api/v2/assets/ad7G92bXCJpMkqNXz97XDt/data/746499237/attachments/attprjR6H8gzvPybdmbJXrqH/<br>EDAD: 42<br>RAZA: Hass<br>VARIEDAD: <br>TOTAL PLANTAS: 75<br>PLANTAS EN PRODUCCION: 50<br>AREA EN MZ: 0,40<br>ANALISIS DE SUELO: No<br>IMAGEN ANALISIS: <br>FERTILIZA: Si<br>FUMIGA: Si<br>SISTEMA DE RIEGO: No<br>TIPO DE SISTEMA: <br>AREA CON RIEGO: <br>FUENTE DE AGUA: Si<br>CAPACITACION: No<br>REALIZA PODAS: Si<br>AFILIADO A ASPAH: No<br>CREDITO: No<br>TRABAJADORES PERMANENTES: No<br>CUANTOS TP: <br>TRANBAJADORES TEMPORALES: Si<br>CUANTOS TT: 3<br>SALARIO POR DIA: 250<br>LIBRAS COSECHADAS: 1800<br>UNIDADES COSECHADAS: <br>UNIDADES COSSECHADAS: <br>MESES DE COSECHA: Febrero Marzo<br>DONDE VENDE: Mercado local, pulperias y en casa.<br>PRECIO LIBRA: 18<br>PRECIO UNIDAD: <br>PRECIO UNNIDAD: <br>TRANSPORTE DE COSECHA: Vehiculo propio<br>IMAGEN PRODUCTOR: https://kf.kobotoolbox.org/api/v2/assets/ad7G92bXCJpMkqNXz97XDt/data/746499237/attachments/att5Er7gyCpo7bFjdvzY8moF/<br>OBSERVACION: Hay nacimiento de agua permanente <br>FIRMA: https://kf.kobotoolbox.org/api/v2/assets/ad7G92bXCJpMkqNXz97XDt/data/746499237/attachments/attuLdGGWhvuh9xsH2hXJLqS/]]></description>
        <styleUrl>#icon-1899-FFD600</styleUrl>
        <ExtendedData>
          <Data name="﻿FECHA">
            <value>7/5/2026</value>
          </Data>
          <Data name="LATITUD">
            <value>14.3530442</value>
          </Data>
          <Data name="LONGITUD">
            <value>-88.224942</value>
          </Data>
          <Data name="ALTITUD MSNM">
            <value>2164.0</value>
          </Data>
          <Data name="DEPARTAMENTO">
            <value>Intibuca</value>
          </Data>
          <Data name="MUNICIPIO">
            <value>Yaramanguila</value>
          </Data>
          <Data name="FINCA">
            <value>Finca Mery</value>
          </Data>
          <Data name="DNI">
            <value>1003-1983-00371</value>
          </Data>
          <Data name="IMAGEN DNI">
            <value>https://kf.kobotoolbox.org/api/v2/assets/ad7G92bXCJpMkqNXz97XDt/data/746499237/attachments/attprjR6H8gzvPybdmbJXrqH/</value>
          </Data>
          <Data name="EDAD">
            <value>42.0</value>
          </Data>
          <Data name="RAZA">
            <value>Hass</value>
          </Data>
          <Data name="VARIEDAD">
            <value/>
          </Data>
          <Data name="TOTAL PLANTAS">
            <value>75.0</value>
          </Data>
          <Data name="PLANTAS EN PRODUCCION">
            <value>50.0</value>
          </Data>
          <Data name="AREA EN MZ">
            <value>0,40</value>
          </Data>
          <Data name="ANALISIS DE SUELO">
            <value>No</value>
          </Data>
          <Data name="IMAGEN ANALISIS">
            <value/>
          </Data>
          <Data name="FERTILIZA">
            <value>Si</value>
          </Data>
          <Data name="FUMIGA">
            <value>Si</value>
          </Data>
          <Data name="SISTEMA DE RIEGO">
            <value>No</value>
          </Data>
          <Data name="TIPO DE SISTEMA">
            <value/>
          </Data>
          <Data name="AREA CON RIEGO">
            <value/>
          </Data>
          <Data name="FUENTE DE AGUA">
            <value>Si</value>
          </Data>
          <Data name="CAPACITACION">
            <value>No</value>
          </Data>
          <Data name="REALIZA PODAS">
            <value>Si</value>
          </Data>
          <Data name="AFILIADO A ASPAH">
            <value>No</value>
          </Data>
          <Data name="CREDITO">
            <value>No</value>
          </Data>
          <Data name="TRABAJADORES PERMANENTES">
            <value>No</value>
          </Data>
          <Data name="CUANTOS TP">
            <value/>
          </Data>
          <Data name="TRANBAJADORES TEMPORALES">
            <value>Si</value>
          </Data>
          <Data name="CUANTOS TT">
            <value>3.0</value>
          </Data>
          <Data name="SALARIO POR DIA">
            <value>250.0</value>
          </Data>
          <Data name="LIBRAS COSECHADAS">
            <value>1800.0</value>
          </Data>
          <Data name="UNIDADES COSECHADAS">
            <value/>
          </Data>
          <Data name="UNIDADES COSSECHADAS">
            <value/>
          </Data>
          <Data name="MESES DE COSECHA">
            <value>Febrero Marzo</value>
          </Data>
          <Data name="DONDE VENDE">
            <value>Mercado local, pulperias y en casa.</value>
          </Data>
          <Data name="PRECIO LIBRA">
            <value>18.0</value>
          </Data>
          <Data name="PRECIO UNIDAD">
            <value/>
          </Data>
          <Data name="PRECIO UNNIDAD">
            <value/>
          </Data>
          <Data name="TRANSPORTE DE COSECHA">
            <value>Vehiculo propio</value>
          </Data>
          <Data name="IMAGEN PRODUCTOR">
            <value>https://kf.kobotoolbox.org/api/v2/assets/ad7G92bXCJpMkqNXz97XDt/data/746499237/attachments/att5Er7gyCpo7bFjdvzY8moF/</value>
          </Data>
          <Data name="OBSERVACION">
            <value>Hay nacimiento de agua permanente </value>
          </Data>
          <Data name="FIRMA">
            <value>https://kf.kobotoolbox.org/api/v2/assets/ad7G92bXCJpMkqNXz97XDt/data/746499237/attachments/attuLdGGWhvuh9xsH2hXJLqS/</value>
          </Data>
        </ExtendedData>
        <Point>
          <coordinates>
            -88.224942,14.3530442,0
          </coordinates>
        </Point>
      </Placemark>
      <Placemark>
        <name>FRANCISCO RODRÍGUEZ PEREZ</name>
        <description><![CDATA[﻿FECHA: 8/5/2026<br>LATITUD: 14.2681195<br>LONGITUD: -88.2502493<br>ALTITUD MSNM: 1611<br>DEPARTAMENTO: Intibuca<br>MUNICIPIO: Yaramanguila<br>FINCA: FINCA ABUELA INES<br>DNI: 1016-1970-00049<br>IMAGEN DNI: https://kf.kobotoolbox.org/api/v2/assets/ad7G92bXCJpMkqNXz97XDt/data/746783435/attachments/attFVeHGaipn56HkxTioVyjK/<br>EDAD: 56<br>RAZA: Hass<br>VARIEDAD: <br>TOTAL PLANTAS: 30<br>PLANTAS EN PRODUCCION: 20<br>AREA EN MZ: 0,15<br>ANALISIS DE SUELO: No<br>IMAGEN ANALISIS: <br>FERTILIZA: Si<br>FUMIGA: Si<br>SISTEMA DE RIEGO: No<br>TIPO DE SISTEMA: <br>AREA CON RIEGO: <br>FUENTE DE AGUA: Si<br>CAPACITACION: Si<br>REALIZA PODAS: Si<br>AFILIADO A ASPAH: No<br>CREDITO: No<br>TRABAJADORES PERMANENTES: No<br>CUANTOS TP: <br>TRANBAJADORES TEMPORALES: Si<br>CUANTOS TT: 2<br>SALARIO POR DIA: 250<br>LIBRAS COSECHADAS: 1700<br>UNIDADES COSECHADAS: <br>UNIDADES COSSECHADAS: <br>MESES DE COSECHA: Agosto Febrero<br>DONDE VENDE: Mercado local, pulperias y en casa.<br>PRECIO LIBRA: 18<br>PRECIO UNIDAD: <br>PRECIO UNNIDAD: <br>TRANSPORTE DE COSECHA: En bus<br>IMAGEN PRODUCTOR: https://kf.kobotoolbox.org/api/v2/assets/ad7G92bXCJpMkqNXz97XDt/data/746783435/attachments/attSqi86kDfQNFZfryXVJ26P/<br>OBSERVACION: Reservorio serca<br>FIRMA: https://kf.kobotoolbox.org/api/v2/assets/ad7G92bXCJpMkqNXz97XDt/data/746783435/attachments/attjwaXdwBB8xBaWDdtQfCPZ/]]></description>
        <styleUrl>#icon-1899-FFD600</styleUrl>
        <ExtendedData>
          <Data name="﻿FECHA">
            <value>8/5/2026</value>
          </Data>
          <Data name="LATITUD">
            <value>14.2681195</value>
          </Data>
          <Data name="LONGITUD">
            <value>-88.2502493</value>
          </Data>
          <Data name="ALTITUD MSNM">
            <value>1611.0</value>
          </Data>
          <Data name="DEPARTAMENTO">
            <value>Intibuca</value>
          </Data>
          <Data name="MUNICIPIO">
            <value>Yaramanguila</value>
          </Data>
          <Data name="FINCA">
            <value>FINCA ABUELA INES</value>
          </Data>
          <Data name="DNI">
            <value>1016-1970-00049</value>
          </Data>
          <Data name="IMAGEN DNI">
            <value>https://kf.kobotoolbox.org/api/v2/assets/ad7G92bXCJpMkqNXz97XDt/data/746783435/attachments/attFVeHGaipn56HkxTioVyjK/</value>
          </Data>
          <Data name="EDAD">
            <value>56.0</value>
          </Data>
          <Data name="RAZA">
            <value>Hass</value>
          </Data>
          <Data name="VARIEDAD">
            <value/>
          </Data>
          <Data name="TOTAL PLANTAS">
            <value>30.0</value>
          </Data>
          <Data name="PLANTAS EN PRODUCCION">
            <value>20.0</value>
          </Data>
          <Data name="AREA EN MZ">
            <value>0,15</value>
          </Data>
          <Data name="ANALISIS DE SUELO">
            <value>No</value>
          </Data>
          <Data name="IMAGEN ANALISIS">
            <value/>
          </Data>
          <Data name="FERTILIZA">
            <value>Si</value>
          </Data>
          <Data name="FUMIGA">
            <value>Si</value>
          </Data>
          <Data name="SISTEMA DE RIEGO">
            <value>No</value>
          </Data>
          <Data name="TIPO DE SISTEMA">
            <value/>
          </Data>
          <Data name="AREA CON RIEGO">
            <value/>
          </Data>
          <Data name="FUENTE DE AGUA">
            <value>Si</value>
          </Data>
          <Data name="CAPACITACION">
            <value>Si</value>
          </Data>
          <Data name="REALIZA PODAS">
            <value>Si</value>
          </Data>
          <Data name="AFILIADO A ASPAH">
            <value>No</value>
          </Data>
          <Data name="CREDITO">
            <value>No</value>
          </Data>
          <Data name="TRABAJADORES PERMANENTES">
            <value>No</value>
          </Data>
          <Data name="CUANTOS TP">
            <value/>
          </Data>
          <Data name="TRANBAJADORES TEMPORALES">
            <value>Si</value>
          </Data>
          <Data name="CUANTOS TT">
            <value>2.0</value>
          </Data>
          <Data name="SALARIO POR DIA">
            <value>250.0</value>
          </Data>
          <Data name="LIBRAS COSECHADAS">
            <value>1700.0</value>
          </Data>
          <Data name="UNIDADES COSECHADAS">
            <value/>
          </Data>
          <Data name="UNIDADES COSSECHADAS">
            <value/>
          </Data>
          <Data name="MESES DE COSECHA">
            <value>Agosto Febrero</value>
          </Data>
          <Data name="DONDE VENDE">
            <value>Mercado local, pulperias y en casa.</value>
          </Data>
          <Data name="PRECIO LIBRA">
            <value>18.0</value>
          </Data>
          <Data name="PRECIO UNIDAD">
            <value/>
          </Data>
          <Data name="PRECIO UNNIDAD">
            <value/>
          </Data>
          <Data name="TRANSPORTE DE COSECHA">
            <value>En bus</value>
          </Data>
          <Data name="IMAGEN PRODUCTOR">
            <value>https://kf.kobotoolbox.org/api/v2/assets/ad7G92bXCJpMkqNXz97XDt/data/746783435/attachments/attSqi86kDfQNFZfryXVJ26P/</value>
          </Data>
          <Data name="OBSERVACION">
            <value>Reservorio serca</value>
          </Data>
          <Data name="FIRMA">
            <value>https://kf.kobotoolbox.org/api/v2/assets/ad7G92bXCJpMkqNXz97XDt/data/746783435/attachments/attjwaXdwBB8xBaWDdtQfCPZ/</value>
          </Data>
        </ExtendedData>
        <Point>
          <coordinates>
            -88.2502493,14.2681195,0
          </coordinates>
        </Point>
      </Placemark>
      <Placemark>
        <name>DOMINGO PEREZ BENITEZ</name>
        <description><![CDATA[﻿FECHA: 8/5/2026<br>LATITUD: 14.31477<br>LONGITUD: -88.2910667<br>ALTITUD MSNM: 1748<br>DEPARTAMENTO: Intibuca<br>MUNICIPIO: Yaramanguila<br>FINCA: Finca Mitik<br>DNI: 1016-1972-00423<br>IMAGEN DNI: https://kf.kobotoolbox.org/api/v2/assets/ad7G92bXCJpMkqNXz97XDt/data/746879546/attachments/attopJNkRrS2MVnwvFvJ4pum/<br>EDAD: 52<br>RAZA: Hass<br>VARIEDAD: <br>TOTAL PLANTAS: 32<br>PLANTAS EN PRODUCCION: 0<br>AREA EN MZ: 0,15<br>ANALISIS DE SUELO: Si<br>IMAGEN ANALISIS: <br>FERTILIZA: Si<br>FUMIGA: No<br>SISTEMA DE RIEGO: No<br>TIPO DE SISTEMA: <br>AREA CON RIEGO: <br>FUENTE DE AGUA: No<br>CAPACITACION: No<br>REALIZA PODAS: No<br>AFILIADO A ASPAH: No<br>CREDITO: No<br>TRABAJADORES PERMANENTES: No<br>CUANTOS TP: <br>TRANBAJADORES TEMPORALES: Si<br>CUANTOS TT: 3<br>SALARIO POR DIA: 300<br>LIBRAS COSECHADAS: 0<br>UNIDADES COSECHADAS: <br>UNIDADES COSSECHADAS: <br>MESES DE COSECHA: Diciembre<br>DONDE VENDE: No he vendido aún.<br>PRECIO LIBRA: 0<br>PRECIO UNIDAD: <br>PRECIO UNNIDAD: <br>TRANSPORTE DE COSECHA: Ninguno<br>IMAGEN PRODUCTOR: https://kf.kobotoolbox.org/api/v2/assets/ad7G92bXCJpMkqNXz97XDt/data/746879546/attachments/attg3Rdwv4an8TwSmkLPb3hb/<br>OBSERVACION: Tiene deseo de cultivar mas aguacate<br>FIRMA: https://kf.kobotoolbox.org/api/v2/assets/ad7G92bXCJpMkqNXz97XDt/data/746879546/attachments/attynVEVmZZTdsVWQNrVkr33/]]></description>
        <styleUrl>#icon-1899-FFD600</styleUrl>
        <ExtendedData>
          <Data name="﻿FECHA">
            <value>8/5/2026</value>
          </Data>
          <Data name="LATITUD">
            <value>14.31477</value>
          </Data>
          <Data name="LONGITUD">
            <value>-88.2910667</value>
          </Data>
          <Data name="ALTITUD MSNM">
            <value>1748.0</value>
          </Data>
          <Data name="DEPARTAMENTO">
            <value>Intibuca</value>
          </Data>
          <Data name="MUNICIPIO">
            <value>Yaramanguila</value>
          </Data>
          <Data name="FINCA">
            <value>Finca Mitik</value>
          </Data>
          <Data name="DNI">
            <value>1016-1972-00423</value>
          </Data>
          <Data name="IMAGEN DNI">
            <value>https://kf.kobotoolbox.org/api/v2/assets/ad7G92bXCJpMkqNXz97XDt/data/746879546/attachments/attopJNkRrS2MVnwvFvJ4pum/</value>
          </Data>
          <Data name="EDAD">
            <value>52.0</value>
          </Data>
          <Data name="RAZA">
            <value>Hass</value>
          </Data>
          <Data name="VARIEDAD">
            <value/>
          </Data>
          <Data name="TOTAL PLANTAS">
            <value>32.0</value>
          </Data>
          <Data name="PLANTAS EN PRODUCCION">
            <value>0.0</value>
          </Data>
          <Data name="AREA EN MZ">
            <value>0,15</value>
          </Data>
          <Data name="ANALISIS DE SUELO">
            <value>Si</value>
          </Data>
          <Data name="IMAGEN ANALISIS">
            <value/>
          </Data>
          <Data name="FERTILIZA">
            <value>Si</value>
          </Data>
          <Data name="FUMIGA">
            <value>No</value>
          </Data>
          <Data name="SISTEMA DE RIEGO">
            <value>No</value>
          </Data>
          <Data name="TIPO DE SISTEMA">
            <value/>
          </Data>
          <Data name="AREA CON RIEGO">
            <value/>
          </Data>
          <Data name="FUENTE DE AGUA">
            <value>No</value>
          </Data>
          <Data name="CAPACITACION">
            <value>No</value>
          </Data>
          <Data name="REALIZA PODAS">
            <value>No</value>
          </Data>
          <Data name="AFILIADO A ASPAH">
            <value>No</value>
          </Data>
          <Data name="CREDITO">
            <value>No</value>
          </Data>
          <Data name="TRABAJADORES PERMANENTES">
            <value>No</value>
          </Data>
          <Data name="CUANTOS TP">
            <value/>
          </Data>
          <Data name="TRANBAJADORES TEMPORALES">
            <value>Si</value>
          </Data>
          <Data name="CUANTOS TT">
            <value>3.0</value>
          </Data>
          <Data name="SALARIO POR DIA">
            <value>300.0</value>
          </Data>
          <Data name="LIBRAS COSECHADAS">
            <value>0.0</value>
          </Data>
          <Data name="UNIDADES COSECHADAS">
            <value/>
          </Data>
          <Data name="UNIDADES COSSECHADAS">
            <value/>
          </Data>
          <Data name="MESES DE COSECHA">
            <value>Diciembre</value>
          </Data>
          <Data name="DONDE VENDE">
            <value>No he vendido aún.</value>
          </Data>
          <Data name="PRECIO LIBRA">
            <value>0.0</value>
          </Data>
          <Data name="PRECIO UNIDAD">
            <value/>
          </Data>
          <Data name="PRECIO UNNIDAD">
            <value/>
          </Data>
          <Data name="TRANSPORTE DE COSECHA">
            <value>Ninguno</value>
          </Data>
          <Data name="IMAGEN PRODUCTOR">
            <value>https://kf.kobotoolbox.org/api/v2/assets/ad7G92bXCJpMkqNXz97XDt/data/746879546/attachments/attg3Rdwv4an8TwSmkLPb3hb/</value>
          </Data>
          <Data name="OBSERVACION">
            <value>Tiene deseo de cultivar mas aguacate</value>
          </Data>
          <Data name="FIRMA">
            <value>https://kf.kobotoolbox.org/api/v2/assets/ad7G92bXCJpMkqNXz97XDt/data/746879546/attachments/attynVEVmZZTdsVWQNrVkr33/</value>
          </Data>
        </ExtendedData>
        <Point>
          <coordinates>
            -88.2910667,14.31477,0
          </coordinates>
        </Point>
      </Placemark>
      <Placemark>
        <name>Noe Adán Vallecillo Hernández</name>
        <description><![CDATA[﻿FECHA: 11/5/2026<br>LATITUD: 14.3284528<br>LONGITUD: -88.2746196<br>ALTITUD MSNM: 1935<br>DEPARTAMENTO: Intibuca<br>MUNICIPIO: Yaramanguila<br>FINCA: CRIOLLA LENCA<br>DNI: 1006-1989-00049<br>IMAGEN DNI: https://kf.kobotoolbox.org/api/v2/assets/ad7G92bXCJpMkqNXz97XDt/data/749863798/attachments/attjqUEtaohCWjjRS9RfsKDo/<br>EDAD: 35<br>RAZA: Hass<br>VARIEDAD: <br>TOTAL PLANTAS: 30<br>PLANTAS EN PRODUCCION: 0<br>AREA EN MZ: 0,15<br>ANALISIS DE SUELO: No<br>IMAGEN ANALISIS: <br>FERTILIZA: Si<br>FUMIGA: Si<br>SISTEMA DE RIEGO: No<br>TIPO DE SISTEMA: <br>AREA CON RIEGO: <br>FUENTE DE AGUA: Si<br>CAPACITACION: Si<br>REALIZA PODAS: Si<br>AFILIADO A ASPAH: No<br>CREDITO: No<br>TRABAJADORES PERMANENTES: No<br>CUANTOS TP: <br>TRANBAJADORES TEMPORALES: No<br>CUANTOS TT: <br>SALARIO POR DIA: 300<br>LIBRAS COSECHADAS: 0<br>UNIDADES COSECHADAS: <br>UNIDADES COSSECHADAS: <br>MESES DE COSECHA: Diciembre<br>DONDE VENDE: No he vendido aún.<br>PRECIO LIBRA: 0<br>PRECIO UNIDAD: <br>PRECIO UNNIDAD: <br>TRANSPORTE DE COSECHA: Ninguno<br>IMAGEN PRODUCTOR: https://kf.kobotoolbox.org/api/v2/assets/ad7G92bXCJpMkqNXz97XDt/data/749863798/attachments/att3kcLFks9265hpapy6Skco/<br>OBSERVACION: No<br>FIRMA: https://kf.kobotoolbox.org/api/v2/assets/ad7G92bXCJpMkqNXz97XDt/data/749863798/attachments/attH5sdLA7zKEAxvEuZNjbEH/]]></description>
        <styleUrl>#icon-1899-FFD600</styleUrl>
        <ExtendedData>
          <Data name="﻿FECHA">
            <value>11/5/2026</value>
          </Data>
          <Data name="LATITUD">
            <value>14.3284528</value>
          </Data>
          <Data name="LONGITUD">
            <value>-88.2746196</value>
          </Data>
          <Data name="ALTITUD MSNM">
            <value>1935.0</value>
          </Data>
          <Data name="DEPARTAMENTO">
            <value>Intibuca</value>
          </Data>
          <Data name="MUNICIPIO">
            <value>Yaramanguila</value>
          </Data>
          <Data name="FINCA">
            <value>CRIOLLA LENCA</value>
          </Data>
          <Data name="DNI">
            <value>1006-1989-00049</value>
          </Data>
          <Data name="IMAGEN DNI">
            <value>https://kf.kobotoolbox.org/api/v2/assets/ad7G92bXCJpMkqNXz97XDt/data/749863798/attachments/attjqUEtaohCWjjRS9RfsKDo/</value>
          </Data>
          <Data name="EDAD">
            <value>35.0</value>
          </Data>
          <Data name="RAZA">
            <value>Hass</value>
          </Data>
          <Data name="VARIEDAD">
            <value/>
          </Data>
          <Data name="TOTAL PLANTAS">
            <value>30.0</value>
          </Data>
          <Data name="PLANTAS EN PRODUCCION">
            <value>0.0</value>
          </Data>
          <Data name="AREA EN MZ">
            <value>0,15</value>
          </Data>
          <Data name="ANALISIS DE SUELO">
            <value>No</value>
          </Data>
          <Data name="IMAGEN ANALISIS">
            <value/>
          </Data>
          <Data name="FERTILIZA">
            <value>Si</value>
          </Data>
          <Data name="FUMIGA">
            <value>Si</value>
          </Data>
          <Data name="SISTEMA DE RIEGO">
            <value>No</value>
          </Data>
          <Data name="TIPO DE SISTEMA">
            <value/>
          </Data>
          <Data name="AREA CON RIEGO">
            <value/>
          </Data>
          <Data name="FUENTE DE AGUA">
            <value>Si</value>
          </Data>
          <Data name="CAPACITACION">
            <value>Si</value>
          </Data>
          <Data name="REALIZA PODAS">
            <value>Si</value>
          </Data>
          <Data name="AFILIADO A ASPAH">
            <value>No</value>
          </Data>
          <Data name="CREDITO">
            <value>No</value>
          </Data>
          <Data name="TRABAJADORES PERMANENTES">
            <value>No</value>
          </Data>
          <Data name="CUANTOS TP">
            <value/>
          </Data>
          <Data name="TRANBAJADORES TEMPORALES">
            <value>No</value>
          </Data>
          <Data name="CUANTOS TT">
            <value/>
          </Data>
          <Data name="SALARIO POR DIA">
            <value>300.0</value>
          </Data>
          <Data name="LIBRAS COSECHADAS">
            <value>0.0</value>
          </Data>
          <Data name="UNIDADES COSECHADAS">
            <value/>
          </Data>
          <Data name="UNIDADES COSSECHADAS">
            <value/>
          </Data>
          <Data name="MESES DE COSECHA">
            <value>Diciembre</value>
          </Data>
          <Data name="DONDE VENDE">
            <value>No he vendido aún.</value>
          </Data>
          <Data name="PRECIO LIBRA">
            <value>0.0</value>
          </Data>
          <Data name="PRECIO UNIDAD">
            <value/>
          </Data>
          <Data name="PRECIO UNNIDAD">
            <value/>
          </Data>
          <Data name="TRANSPORTE DE COSECHA">
            <value>Ninguno</value>
          </Data>
          <Data name="IMAGEN PRODUCTOR">
            <value>https://kf.kobotoolbox.org/api/v2/assets/ad7G92bXCJpMkqNXz97XDt/data/749863798/attachments/att3kcLFks9265hpapy6Skco/</value>
          </Data>
          <Data name="OBSERVACION">
            <value>No</value>
          </Data>
          <Data name="FIRMA">
            <value>https://kf.kobotoolbox.org/api/v2/assets/ad7G92bXCJpMkqNXz97XDt/data/749863798/attachments/attH5sdLA7zKEAxvEuZNjbEH/</value>
          </Data>
        </ExtendedData>
        <Point>
          <coordinates>
            -88.2746196,14.3284528,0
          </coordinates>
        </Point>
      </Placemark>
      <Placemark>
        <name>JOSE SAMUEL LÓPEZ ORELLANA </name>
        <description><![CDATA[﻿FECHA: 11/5/2026<br>LATITUD: 14.3333221<br>LONGITUD: -88.2697798<br>ALTITUD MSNM: 1952<br>DEPARTAMENTO: Intibuca<br>MUNICIPIO: Yaramanguila<br>FINCA: EL PALISAL<br>DNI: 1016-1970-00057<br>IMAGEN DNI: https://kf.kobotoolbox.org/api/v2/assets/ad7G92bXCJpMkqNXz97XDt/data/749932772/attachments/attUy4TWhBF9ocqdeth89sUL/<br>EDAD: 56<br>RAZA: Hass<br>VARIEDAD: <br>TOTAL PLANTAS: 30<br>PLANTAS EN PRODUCCION: 20<br>AREA EN MZ: 0,20<br>ANALISIS DE SUELO: No<br>IMAGEN ANALISIS: <br>FERTILIZA: No<br>FUMIGA: Si<br>SISTEMA DE RIEGO: No<br>TIPO DE SISTEMA: <br>AREA CON RIEGO: <br>FUENTE DE AGUA: No<br>CAPACITACION: Si<br>REALIZA PODAS: No<br>AFILIADO A ASPAH: No<br>CREDITO: No<br>TRABAJADORES PERMANENTES: Si<br>CUANTOS TP: 3<br>TRANBAJADORES TEMPORALES: Si<br>CUANTOS TT: 2<br>SALARIO POR DIA: 300<br>LIBRAS COSECHADAS: 1500<br>UNIDADES COSECHADAS: <br>UNIDADES COSSECHADAS: <br>MESES DE COSECHA: Diciembre<br>DONDE VENDE: Mercado local, pulperias y en casa.<br>PRECIO LIBRA: 15<br>PRECIO UNIDAD: <br>PRECIO UNNIDAD: <br>TRANSPORTE DE COSECHA: Ninguno<br>IMAGEN PRODUCTOR: https://kf.kobotoolbox.org/api/v2/assets/ad7G92bXCJpMkqNXz97XDt/data/749932772/attachments/atteeXKpZcXNgGqA5mK3DWC5/<br>OBSERVACION: Si darle un mejor mantenimiento <br>FIRMA: https://kf.kobotoolbox.org/api/v2/assets/ad7G92bXCJpMkqNXz97XDt/data/749932772/attachments/attxNUhpEM8DTtTN2Wb5t7qA/]]></description>
        <styleUrl>#icon-1899-FFD600</styleUrl>
        <ExtendedData>
          <Data name="﻿FECHA">
            <value>11/5/2026</value>
          </Data>
          <Data name="LATITUD">
            <value>14.3333221</value>
          </Data>
          <Data name="LONGITUD">
            <value>-88.2697798</value>
          </Data>
          <Data name="ALTITUD MSNM">
            <value>1952.0</value>
          </Data>
          <Data name="DEPARTAMENTO">
            <value>Intibuca</value>
          </Data>
          <Data name="MUNICIPIO">
            <value>Yaramanguila</value>
          </Data>
          <Data name="FINCA">
            <value>EL PALISAL</value>
          </Data>
          <Data name="DNI">
            <value>1016-1970-00057</value>
          </Data>
          <Data name="IMAGEN DNI">
            <value>https://kf.kobotoolbox.org/api/v2/assets/ad7G92bXCJpMkqNXz97XDt/data/749932772/attachments/attUy4TWhBF9ocqdeth89sUL/</value>
          </Data>
          <Data name="EDAD">
            <value>56.0</value>
          </Data>
          <Data name="RAZA">
            <value>Hass</value>
          </Data>
          <Data name="VARIEDAD">
            <value/>
          </Data>
          <Data name="TOTAL PLANTAS">
            <value>30.0</value>
          </Data>
          <Data name="PLANTAS EN PRODUCCION">
            <value>20.0</value>
          </Data>
          <Data name="AREA EN MZ">
            <value>0,20</value>
          </Data>
          <Data name="ANALISIS DE SUELO">
            <value>No</value>
          </Data>
          <Data name="IMAGEN ANALISIS">
            <value/>
          </Data>
          <Data name="FERTILIZA">
            <value>No</value>
          </Data>
          <Data name="FUMIGA">
            <value>Si</value>
          </Data>
          <Data name="SISTEMA DE RIEGO">
            <value>No</value>
          </Data>
          <Data name="TIPO DE SISTEMA">
            <value/>
          </Data>
          <Data name="AREA CON RIEGO">
            <value/>
          </Data>
          <Data name="FUENTE DE AGUA">
            <value>No</value>
          </Data>
          <Data name="CAPACITACION">
            <value>Si</value>
          </Data>
          <Data name="REALIZA PODAS">
            <value>No</value>
          </Data>
          <Data name="AFILIADO A ASPAH">
            <value>No</value>
          </Data>
          <Data name="CREDITO">
            <value>No</value>
          </Data>
          <Data name="TRABAJADORES PERMANENTES">
            <value>Si</value>
          </Data>
          <Data name="CUANTOS TP">
            <value>3.0</value>
          </Data>
          <Data name="TRANBAJADORES TEMPORALES">
            <value>Si</value>
          </Data>
          <Data name="CUANTOS TT">
            <value>2.0</value>
          </Data>
          <Data name="SALARIO POR DIA">
            <value>300.0</value>
          </Data>
          <Data name="LIBRAS COSECHADAS">
            <value>1500.0</value>
          </Data>
          <Data name="UNIDADES COSECHADAS">
            <value/>
          </Data>
          <Data name="UNIDADES COSSECHADAS">
            <value/>
          </Data>
          <Data name="MESES DE COSECHA">
            <value>Diciembre</value>
          </Data>
          <Data name="DONDE VENDE">
            <value>Mercado local, pulperias y en casa.</value>
          </Data>
          <Data name="PRECIO LIBRA">
            <value>15.0</value>
          </Data>
          <Data name="PRECIO UNIDAD">
            <value/>
          </Data>
          <Data name="PRECIO UNNIDAD">
            <value/>
          </Data>
          <Data name="TRANSPORTE DE COSECHA">
            <value>Ninguno</value>
          </Data>
          <Data name="IMAGEN PRODUCTOR">
            <value>https://kf.kobotoolbox.org/api/v2/assets/ad7G92bXCJpMkqNXz97XDt/data/749932772/attachments/atteeXKpZcXNgGqA5mK3DWC5/</value>
          </Data>
          <Data name="OBSERVACION">
            <value>Si darle un mejor mantenimiento </value>
          </Data>
          <Data name="FIRMA">
            <value>https://kf.kobotoolbox.org/api/v2/assets/ad7G92bXCJpMkqNXz97XDt/data/749932772/attachments/attxNUhpEM8DTtTN2Wb5t7qA/</value>
          </Data>
        </ExtendedData>
        <Point>
          <coordinates>
            -88.2697798,14.3333221,0
          </coordinates>
        </Point>
      </Placemark>
      <Placemark>
        <name>EFRAIN LÓPEZ ORELLANA </name>
        <description><![CDATA[﻿FECHA: 11/5/2026<br>LATITUD: 14.3330908<br>LONGITUD: -88.272085<br>ALTITUD MSNM: 1916<br>DEPARTAMENTO: Intibuca<br>MUNICIPIO: Yaramanguila<br>FINCA: FINCA LOS LOPEZ <br>DNI: 1016-1955-00177<br>IMAGEN DNI: https://kf.kobotoolbox.org/api/v2/assets/ad7G92bXCJpMkqNXz97XDt/data/749966326/attachments/attMmagL5DAH8GmGzhPtxQgP/<br>EDAD: 70<br>RAZA: Criollo<br>VARIEDAD: <br>TOTAL PLANTAS: 20<br>PLANTAS EN PRODUCCION: 8<br>AREA EN MZ: 0,10<br>ANALISIS DE SUELO: No<br>IMAGEN ANALISIS: <br>FERTILIZA: Si<br>FUMIGA: Si<br>SISTEMA DE RIEGO: No<br>TIPO DE SISTEMA: <br>AREA CON RIEGO: <br>FUENTE DE AGUA: No<br>CAPACITACION: Si<br>REALIZA PODAS: No<br>AFILIADO A ASPAH: No<br>CREDITO: No<br>TRABAJADORES PERMANENTES: No<br>CUANTOS TP: <br>TRANBAJADORES TEMPORALES: No<br>CUANTOS TT: <br>SALARIO POR DIA: 300<br>LIBRAS COSECHADAS: <br>UNIDADES COSECHADAS: <br>UNIDADES COSSECHADAS: 800<br>MESES DE COSECHA: Diciembre Febrero<br>DONDE VENDE: Mercado local, pulperias y en casa.<br>PRECIO LIBRA: <br>PRECIO UNIDAD: <br>PRECIO UNNIDAD: 18<br>TRANSPORTE DE COSECHA: Ninguno<br>IMAGEN PRODUCTOR: https://kf.kobotoolbox.org/api/v2/assets/ad7G92bXCJpMkqNXz97XDt/data/749966326/attachments/attnUb8CQ9fZ7MfrFqoq4yNi/<br>OBSERVACION: Falta de manejó <br>FIRMA: https://kf.kobotoolbox.org/api/v2/assets/ad7G92bXCJpMkqNXz97XDt/data/749966326/attachments/attsSPsMiUWyRu8fNMHJ3ijX/]]></description>
        <styleUrl>#icon-1899-FFD600</styleUrl>
        <ExtendedData>
          <Data name="﻿FECHA">
            <value>11/5/2026</value>
          </Data>
          <Data name="LATITUD">
            <value>14.3330908</value>
          </Data>
          <Data name="LONGITUD">
            <value>-88.272085</value>
          </Data>
          <Data name="ALTITUD MSNM">
            <value>1916.0</value>
          </Data>
          <Data name="DEPARTAMENTO">
            <value>Intibuca</value>
          </Data>
          <Data name="MUNICIPIO">
            <value>Yaramanguila</value>
          </Data>
          <Data name="FINCA">
            <value>FINCA LOS LOPEZ </value>
          </Data>
          <Data name="DNI">
            <value>1016-1955-00177</value>
          </Data>
          <Data name="IMAGEN DNI">
            <value>https://kf.kobotoolbox.org/api/v2/assets/ad7G92bXCJpMkqNXz97XDt/data/749966326/attachments/attMmagL5DAH8GmGzhPtxQgP/</value>
          </Data>
          <Data name="EDAD">
            <value>70.0</value>
          </Data>
          <Data name="RAZA">
            <value>Criollo</value>
          </Data>
          <Data name="VARIEDAD">
            <value/>
          </Data>
          <Data name="TOTAL PLANTAS">
            <value>20.0</value>
          </Data>
          <Data name="PLANTAS EN PRODUCCION">
            <value>8.0</value>
          </Data>
          <Data name="AREA EN MZ">
            <value>0,10</value>
          </Data>
          <Data name="ANALISIS DE SUELO">
            <value>No</value>
          </Data>
          <Data name="IMAGEN ANALISIS">
            <value/>
          </Data>
          <Data name="FERTILIZA">
            <value>Si</value>
          </Data>
          <Data name="FUMIGA">
            <value>Si</value>
          </Data>
          <Data name="SISTEMA DE RIEGO">
            <value>No</value>
          </Data>
          <Data name="TIPO DE SISTEMA">
            <value/>
          </Data>
          <Data name="AREA CON RIEGO">
            <value/>
          </Data>
          <Data name="FUENTE DE AGUA">
            <value>No</value>
          </Data>
          <Data name="CAPACITACION">
            <value>Si</value>
          </Data>
          <Data name="REALIZA PODAS">
            <value>No</value>
          </Data>
          <Data name="AFILIADO A ASPAH">
            <value>No</value>
          </Data>
          <Data name="CREDITO">
            <value>No</value>
          </Data>
          <Data name="TRABAJADORES PERMANENTES">
            <value>No</value>
          </Data>
          <Data name="CUANTOS TP">
            <value/>
          </Data>
          <Data name="TRANBAJADORES TEMPORALES">
            <value>No</value>
          </Data>
          <Data name="CUANTOS TT">
            <value/>
          </Data>
          <Data name="SALARIO POR DIA">
            <value>300.0</value>
          </Data>
          <Data name="LIBRAS COSECHADAS">
            <value/>
          </Data>
          <Data name="UNIDADES COSECHADAS">
            <value/>
          </Data>
          <Data name="UNIDADES COSSECHADAS">
            <value>800.0</value>
          </Data>
          <Data name="MESES DE COSECHA">
            <value>Diciembre Febrero</value>
          </Data>
          <Data name="DONDE VENDE">
            <value>Mercado local, pulperias y en casa.</value>
          </Data>
          <Data name="PRECIO LIBRA">
            <value/>
          </Data>
          <Data name="PRECIO UNIDAD">
            <value/>
          </Data>
          <Data name="PRECIO UNNIDAD">
            <value>18.0</value>
          </Data>
          <Data name="TRANSPORTE DE COSECHA">
            <value>Ninguno</value>
          </Data>
          <Data name="IMAGEN PRODUCTOR">
            <value>https://kf.kobotoolbox.org/api/v2/assets/ad7G92bXCJpMkqNXz97XDt/data/749966326/attachments/attnUb8CQ9fZ7MfrFqoq4yNi/</value>
          </Data>
          <Data name="OBSERVACION">
            <value>Falta de manejó </value>
          </Data>
          <Data name="FIRMA">
            <value>https://kf.kobotoolbox.org/api/v2/assets/ad7G92bXCJpMkqNXz97XDt/data/749966326/attachments/attsSPsMiUWyRu8fNMHJ3ijX/</value>
          </Data>
        </ExtendedData>
        <Point>
          <coordinates>
            -88.272085,14.3330908,0
          </coordinates>
        </Point>
      </Placemark>
      <Placemark>
        <name>MOISES ANAHIN PEREZ LOPEZ</name>
        <description><![CDATA[﻿FECHA: 11/5/2026<br>LATITUD: 14.3365561<br>LONGITUD: -88.2744909<br>ALTITUD MSNM: 1893<br>DEPARTAMENTO: Intibuca<br>MUNICIPIO: Yaramanguila<br>FINCA: FINCA REYNITA<br>DNI: 1016-1977-00183<br>IMAGEN DNI: https://kf.kobotoolbox.org/api/v2/assets/ad7G92bXCJpMkqNXz97XDt/data/750025025/attachments/attLxRaHLhZjwCxv4B5WuHFp/<br>EDAD: 42<br>RAZA: Criollo<br>VARIEDAD: <br>TOTAL PLANTAS: 20<br>PLANTAS EN PRODUCCION: 6<br>AREA EN MZ: 0,10<br>ANALISIS DE SUELO: No<br>IMAGEN ANALISIS: <br>FERTILIZA: Si<br>FUMIGA: Si<br>SISTEMA DE RIEGO: No<br>TIPO DE SISTEMA: <br>AREA CON RIEGO: <br>FUENTE DE AGUA: No<br>CAPACITACION: Si<br>REALIZA PODAS: No<br>AFILIADO A ASPAH: No<br>CREDITO: No<br>TRABAJADORES PERMANENTES: No<br>CUANTOS TP: <br>TRANBAJADORES TEMPORALES: Si<br>CUANTOS TT: 3<br>SALARIO POR DIA: 300<br>LIBRAS COSECHADAS: <br>UNIDADES COSECHADAS: <br>UNIDADES COSSECHADAS: 7000<br>MESES DE COSECHA: Diciembre Marzo Mayo<br>DONDE VENDE: Mercado local, pulperias y en casa.<br>PRECIO LIBRA: <br>PRECIO UNIDAD: <br>PRECIO UNNIDAD: 17<br>TRANSPORTE DE COSECHA: Vehiculo propio<br>IMAGEN PRODUCTOR: https://kf.kobotoolbox.org/api/v2/assets/ad7G92bXCJpMkqNXz97XDt/data/750025025/attachments/attJR2G5WgYiHtruJkAqHZA2/<br>OBSERVACION: Falta de manejo<br>FIRMA: https://kf.kobotoolbox.org/api/v2/assets/ad7G92bXCJpMkqNXz97XDt/data/750025025/attachments/attgUct2dGMe8oybD6FEzxJg/]]></description>
        <styleUrl>#icon-1899-FFD600</styleUrl>
        <ExtendedData>
          <Data name="﻿FECHA">
            <value>11/5/2026</value>
          </Data>
          <Data name="LATITUD">
            <value>14.3365561</value>
          </Data>
          <Data name="LONGITUD">
            <value>-88.2744909</value>
          </Data>
          <Data name="ALTITUD MSNM">
            <value>1893.0</value>
          </Data>
          <Data name="DEPARTAMENTO">
            <value>Intibuca</value>
          </Data>
          <Data name="MUNICIPIO">
            <value>Yaramanguila</value>
          </Data>
          <Data name="FINCA">
            <value>FINCA REYNITA</value>
          </Data>
          <Data name="DNI">
            <value>1016-1977-00183</value>
          </Data>
          <Data name="IMAGEN DNI">
            <value>https://kf.kobotoolbox.org/api/v2/assets/ad7G92bXCJpMkqNXz97XDt/data/750025025/attachments/attLxRaHLhZjwCxv4B5WuHFp/</value>
          </Data>
          <Data name="EDAD">
            <value>42.0</value>
          </Data>
          <Data name="RAZA">
            <value>Criollo</value>
          </Data>
          <Data name="VARIEDAD">
            <value/>
          </Data>
          <Data name="TOTAL PLANTAS">
            <value>20.0</value>
          </Data>
          <Data name="PLANTAS EN PRODUCCION">
            <value>6.0</value>
          </Data>
          <Data name="AREA EN MZ">
            <value>0,10</value>
          </Data>
          <Data name="ANALISIS DE SUELO">
            <value>No</value>
          </Data>
          <Data name="IMAGEN ANALISIS">
            <value/>
          </Data>
          <Data name="FERTILIZA">
            <value>Si</value>
          </Data>
          <Data name="FUMIGA">
            <value>Si</value>
          </Data>
          <Data name="SISTEMA DE RIEGO">
            <value>No</value>
          </Data>
          <Data name="TIPO DE SISTEMA">
            <value/>
          </Data>
          <Data name="AREA CON RIEGO">
            <value/>
          </Data>
          <Data name="FUENTE DE AGUA">
            <value>No</value>
          </Data>
          <Data name="CAPACITACION">
            <value>Si</value>
          </Data>
          <Data name="REALIZA PODAS">
            <value>No</value>
          </Data>
          <Data name="AFILIADO A ASPAH">
            <value>No</value>
          </Data>
          <Data name="CREDITO">
            <value>No</value>
          </Data>
          <Data name="TRABAJADORES PERMANENTES">
            <value>No</value>
          </Data>
          <Data name="CUANTOS TP">
            <value/>
          </Data>
          <Data name="TRANBAJADORES TEMPORALES">
            <value>Si</value>
          </Data>
          <Data name="CUANTOS TT">
            <value>3.0</value>
          </Data>
          <Data name="SALARIO POR DIA">
            <value>300.0</value>
          </Data>
          <Data name="LIBRAS COSECHADAS">
            <value/>
          </Data>
          <Data name="UNIDADES COSECHADAS">
            <value/>
          </Data>
          <Data name="UNIDADES COSSECHADAS">
            <value>7000.0</value>
          </Data>
          <Data name="MESES DE COSECHA">
            <value>Diciembre Marzo Mayo</value>
          </Data>
          <Data name="DONDE VENDE">
            <value>Mercado local, pulperias y en casa.</value>
          </Data>
          <Data name="PRECIO LIBRA">
            <value/>
          </Data>
          <Data name="PRECIO UNIDAD">
            <value/>
          </Data>
          <Data name="PRECIO UNNIDAD">
            <value>17.0</value>
          </Data>
          <Data name="TRANSPORTE DE COSECHA">
            <value>Vehiculo propio</value>
          </Data>
          <Data name="IMAGEN PRODUCTOR">
            <value>https://kf.kobotoolbox.org/api/v2/assets/ad7G92bXCJpMkqNXz97XDt/data/750025025/attachments/attJR2G5WgYiHtruJkAqHZA2/</value>
          </Data>
          <Data name="OBSERVACION">
            <value>Falta de manejo</value>
          </Data>
          <Data name="FIRMA">
            <value>https://kf.kobotoolbox.org/api/v2/assets/ad7G92bXCJpMkqNXz97XDt/data/750025025/attachments/attgUct2dGMe8oybD6FEzxJg/</value>
          </Data>
        </ExtendedData>
        <Point>
          <coordinates>
            -88.2744909,14.3365561,0
          </coordinates>
        </Point>
      </Placemark>
      <Placemark>
        <name>GUADALUPE RODRÍGUEZ</name>
        <description><![CDATA[﻿FECHA: 11/5/2026<br>LATITUD: 14.3340676<br>LONGITUD: -88.2649924<br>ALTITUD MSNM: 1969<br>DEPARTAMENTO: Intibuca<br>MUNICIPIO: Yaramanguila<br>FINCA: LA GUADALUPE<br>DNI: 1016-1967-00339<br>IMAGEN DNI: https://kf.kobotoolbox.org/api/v2/assets/ad7G92bXCJpMkqNXz97XDt/data/750072689/attachments/attNWCTb6PZ7qxtDvmV74AnJ/<br>EDAD: 58<br>RAZA: Criollo<br>VARIEDAD: <br>TOTAL PLANTAS: 20<br>PLANTAS EN PRODUCCION: 6<br>AREA EN MZ: 0,10<br>ANALISIS DE SUELO: No<br>IMAGEN ANALISIS: <br>FERTILIZA: Si<br>FUMIGA: Si<br>SISTEMA DE RIEGO: Si<br>TIPO DE SISTEMA: Sistema de riego superficial<br>AREA CON RIEGO: 0,10<br>FUENTE DE AGUA: <br>CAPACITACION: Si<br>REALIZA PODAS: No<br>AFILIADO A ASPAH: No<br>CREDITO: No<br>TRABAJADORES PERMANENTES: No<br>CUANTOS TP: <br>TRANBAJADORES TEMPORALES: No<br>CUANTOS TT: <br>SALARIO POR DIA: 200<br>LIBRAS COSECHADAS: <br>UNIDADES COSECHADAS: <br>UNIDADES COSSECHADAS: 2000<br>MESES DE COSECHA: Diciembre<br>DONDE VENDE: Mercado local, pulperias y en casa.<br>PRECIO LIBRA: <br>PRECIO UNIDAD: <br>PRECIO UNNIDAD: 18<br>TRANSPORTE DE COSECHA: Ninguno<br>IMAGEN PRODUCTOR: https://kf.kobotoolbox.org/api/v2/assets/ad7G92bXCJpMkqNXz97XDt/data/750072689/attachments/att6Yr6nxBURbKnCH8r4FX7G/<br>OBSERVACION: Requiere asistencia y apoyo para abonó<br>FIRMA: https://kf.kobotoolbox.org/api/v2/assets/ad7G92bXCJpMkqNXz97XDt/data/750072689/attachments/attHdiS8cQXLCqBiu3HrHKu2/]]></description>
        <styleUrl>#icon-1899-FFD600</styleUrl>
        <ExtendedData>
          <Data name="﻿FECHA">
            <value>11/5/2026</value>
          </Data>
          <Data name="LATITUD">
            <value>14.3340676</value>
          </Data>
          <Data name="LONGITUD">
            <value>-88.2649924</value>
          </Data>
          <Data name="ALTITUD MSNM">
            <value>1969.0</value>
          </Data>
          <Data name="DEPARTAMENTO">
            <value>Intibuca</value>
          </Data>
          <Data name="MUNICIPIO">
            <value>Yaramanguila</value>
          </Data>
          <Data name="FINCA">
            <value>LA GUADALUPE</value>
          </Data>
          <Data name="DNI">
            <value>1016-1967-00339</value>
          </Data>
          <Data name="IMAGEN DNI">
            <value>https://kf.kobotoolbox.org/api/v2/assets/ad7G92bXCJpMkqNXz97XDt/data/750072689/attachments/attNWCTb6PZ7qxtDvmV74AnJ/</value>
          </Data>
          <Data name="EDAD">
            <value>58.0</value>
          </Data>
          <Data name="RAZA">
            <value>Criollo</value>
          </Data>
          <Data name="VARIEDAD">
            <value/>
          </Data>
          <Data name="TOTAL PLANTAS">
            <value>20.0</value>
          </Data>
          <Data name="PLANTAS EN PRODUCCION">
            <value>6.0</value>
          </Data>
          <Data name="AREA EN MZ">
            <value>0,10</value>
          </Data>
          <Data name="ANALISIS DE SUELO">
            <value>No</value>
          </Data>
          <Data name="IMAGEN ANALISIS">
            <value/>
          </Data>
          <Data name="FERTILIZA">
            <value>Si</value>
          </Data>
          <Data name="FUMIGA">
            <value>Si</value>
          </Data>
          <Data name="SISTEMA DE RIEGO">
            <value>Si</value>
          </Data>
          <Data name="TIPO DE SISTEMA">
            <value>Sistema de riego superficial</value>
          </Data>
          <Data name="AREA CON RIEGO">
            <value>0,10</value>
          </Data>
          <Data name="FUENTE DE AGUA">
            <value/>
          </Data>
          <Data name="CAPACITACION">
            <value>Si</value>
          </Data>
          <Data name="REALIZA PODAS">
            <value>No</value>
          </Data>
          <Data name="AFILIADO A ASPAH">
            <value>No</value>
          </Data>
          <Data name="CREDITO">
            <value>No</value>
          </Data>
          <Data name="TRABAJADORES PERMANENTES">
            <value>No</value>
          </Data>
          <Data name="CUANTOS TP">
            <value/>
          </Data>
          <Data name="TRANBAJADORES TEMPORALES">
            <value>No</value>
          </Data>
          <Data name="CUANTOS TT">
            <value/>
          </Data>
          <Data name="SALARIO POR DIA">
            <value>200.0</value>
          </Data>
          <Data name="LIBRAS COSECHADAS">
            <value/>
          </Data>
          <Data name="UNIDADES COSECHADAS">
            <value/>
          </Data>
          <Data name="UNIDADES COSSECHADAS">
            <value>2000.0</value>
          </Data>
          <Data name="MESES DE COSECHA">
            <value>Diciembre</value>
          </Data>
          <Data name="DONDE VENDE">
            <value>Mercado local, pulperias y en casa.</value>
          </Data>
          <Data name="PRECIO LIBRA">
            <value/>
          </Data>
          <Data name="PRECIO UNIDAD">
            <value/>
          </Data>
          <Data name="PRECIO UNNIDAD">
            <value>18.0</value>
          </Data>
          <Data name="TRANSPORTE DE COSECHA">
            <value>Ninguno</value>
          </Data>
          <Data name="IMAGEN PRODUCTOR">
            <value>https://kf.kobotoolbox.org/api/v2/assets/ad7G92bXCJpMkqNXz97XDt/data/750072689/attachments/att6Yr6nxBURbKnCH8r4FX7G/</value>
          </Data>
          <Data name="OBSERVACION">
            <value>Requiere asistencia y apoyo para abonó</value>
          </Data>
          <Data name="FIRMA">
            <value>https://kf.kobotoolbox.org/api/v2/assets/ad7G92bXCJpMkqNXz97XDt/data/750072689/attachments/attHdiS8cQXLCqBiu3HrHKu2/</value>
          </Data>
        </ExtendedData>
        <Point>
          <coordinates>
            -88.2649924,14.3340676,0
          </coordinates>
        </Point>
      </Placemark>
      <Placemark>
        <name>SANTOS FERMÍN ORELLANA CEDILLO </name>
        <description><![CDATA[﻿FECHA: 11/5/2026<br>LATITUD: 14.3319496<br>LONGITUD: -88.2686673<br>ALTITUD MSNM: 1956<br>DEPARTAMENTO: Intibuca<br>MUNICIPIO: Yaramanguila<br>FINCA: FINCA LOS AGUACATES<br>DNI: 1315-1983-00241<br>IMAGEN DNI: https://kf.kobotoolbox.org/api/v2/assets/ad7G92bXCJpMkqNXz97XDt/data/750107107/attachments/attTP7AYnRvGRYyvnvSXLk4W/<br>EDAD: 43<br>RAZA: Criollo<br>VARIEDAD: <br>TOTAL PLANTAS: 20<br>PLANTAS EN PRODUCCION: 5<br>AREA EN MZ: 0,10<br>ANALISIS DE SUELO: No<br>IMAGEN ANALISIS: <br>FERTILIZA: Si<br>FUMIGA: Si<br>SISTEMA DE RIEGO: No<br>TIPO DE SISTEMA: <br>AREA CON RIEGO: <br>FUENTE DE AGUA: Si<br>CAPACITACION: No<br>REALIZA PODAS: No<br>AFILIADO A ASPAH: No<br>CREDITO: No<br>TRABAJADORES PERMANENTES: No<br>CUANTOS TP: <br>TRANBAJADORES TEMPORALES: No<br>CUANTOS TT: <br>SALARIO POR DIA: 300<br>LIBRAS COSECHADAS: <br>UNIDADES COSECHADAS: <br>UNIDADES COSSECHADAS: 1200<br>MESES DE COSECHA: Diciembre<br>DONDE VENDE: Mercado local, pulperias y en casa.<br>PRECIO LIBRA: <br>PRECIO UNIDAD: <br>PRECIO UNNIDAD: 18<br>TRANSPORTE DE COSECHA: Vehiculo propio<br>IMAGEN PRODUCTOR: https://kf.kobotoolbox.org/api/v2/assets/ad7G92bXCJpMkqNXz97XDt/data/750107107/attachments/attDhHZqqLNz2B8KKJeBLbSy/<br>OBSERVACION: Falta de mantenimiento maneja más planta criolla<br>FIRMA: https://kf.kobotoolbox.org/api/v2/assets/ad7G92bXCJpMkqNXz97XDt/data/750107107/attachments/attJMzL5Yty2vpttDZHSBftK/]]></description>
        <styleUrl>#icon-1899-FFD600</styleUrl>
        <ExtendedData>
          <Data name="﻿FECHA">
            <value>11/5/2026</value>
          </Data>
          <Data name="LATITUD">
            <value>14.3319496</value>
          </Data>
          <Data name="LONGITUD">
            <value>-88.2686673</value>
          </Data>
          <Data name="ALTITUD MSNM">
            <value>1956.0</value>
          </Data>
          <Data name="DEPARTAMENTO">
            <value>Intibuca</value>
          </Data>
          <Data name="MUNICIPIO">
            <value>Yaramanguila</value>
          </Data>
          <Data name="FINCA">
            <value>FINCA LOS AGUACATES</value>
          </Data>
          <Data name="DNI">
            <value>1315-1983-00241</value>
          </Data>
          <Data name="IMAGEN DNI">
            <value>https://kf.kobotoolbox.org/api/v2/assets/ad7G92bXCJpMkqNXz97XDt/data/750107107/attachments/attTP7AYnRvGRYyvnvSXLk4W/</value>
          </Data>
          <Data name="EDAD">
            <value>43.0</value>
          </Data>
          <Data name="RAZA">
            <value>Criollo</value>
          </Data>
          <Data name="VARIEDAD">
            <value/>
          </Data>
          <Data name="TOTAL PLANTAS">
            <value>20.0</value>
          </Data>
          <Data name="PLANTAS EN PRODUCCION">
            <value>5.0</value>
          </Data>
          <Data name="AREA EN MZ">
            <value>0,10</value>
          </Data>
          <Data name="ANALISIS DE SUELO">
            <value>No</value>
          </Data>
          <Data name="IMAGEN ANALISIS">
            <value/>
          </Data>
          <Data name="FERTILIZA">
            <value>Si</value>
          </Data>
          <Data name="FUMIGA">
            <value>Si</value>
          </Data>
          <Data name="SISTEMA DE RIEGO">
            <value>No</value>
          </Data>
          <Data name="TIPO DE SISTEMA">
            <value/>
          </Data>
          <Data name="AREA CON RIEGO">
            <value/>
          </Data>
          <Data name="FUENTE DE AGUA">
            <value>Si</value>
          </Data>
          <Data name="CAPACITACION">
            <value>No</value>
          </Data>
          <Data name="REALIZA PODAS">
            <value>No</value>
          </Data>
          <Data name="AFILIADO A ASPAH">
            <value>No</value>
          </Data>
          <Data name="CREDITO">
            <value>No</value>
          </Data>
          <Data name="TRABAJADORES PERMANENTES">
            <value>No</value>
          </Data>
          <Data name="CUANTOS TP">
            <value/>
          </Data>
          <Data name="TRANBAJADORES TEMPORALES">
            <value>No</value>
          </Data>
          <Data name="CUANTOS TT">
            <value/>
          </Data>
          <Data name="SALARIO POR DIA">
            <value>300.0</value>
          </Data>
          <Data name="LIBRAS COSECHADAS">
            <value/>
          </Data>
          <Data name="UNIDADES COSECHADAS">
            <value/>
          </Data>
          <Data name="UNIDADES COSSECHADAS">
            <value>1200.0</value>
          </Data>
          <Data name="MESES DE COSECHA">
            <value>Diciembre</value>
          </Data>
          <Data name="DONDE VENDE">
            <value>Mercado local, pulperias y en casa.</value>
          </Data>
          <Data name="PRECIO LIBRA">
            <value/>
          </Data>
          <Data name="PRECIO UNIDAD">
            <value/>
          </Data>
          <Data name="PRECIO UNNIDAD">
            <value>18.0</value>
          </Data>
          <Data name="TRANSPORTE DE COSECHA">
            <value>Vehiculo propio</value>
          </Data>
          <Data name="IMAGEN PRODUCTOR">
            <value>https://kf.kobotoolbox.org/api/v2/assets/ad7G92bXCJpMkqNXz97XDt/data/750107107/attachments/attDhHZqqLNz2B8KKJeBLbSy/</value>
          </Data>
          <Data name="OBSERVACION">
            <value>Falta de mantenimiento maneja más planta criolla</value>
          </Data>
          <Data name="FIRMA">
            <value>https://kf.kobotoolbox.org/api/v2/assets/ad7G92bXCJpMkqNXz97XDt/data/750107107/attachments/attJMzL5Yty2vpttDZHSBftK/</value>
          </Data>
        </ExtendedData>
        <Point>
          <coordinates>
            -88.2686673,14.3319496,0
          </coordinates>
        </Point>
      </Placemark>
      <Placemark>
        <name>JOSE FRANCISCO MEJIA BENÍTEZ </name>
        <description><![CDATA[﻿FECHA: 11/5/2026<br>LATITUD: 14.3333528<br>LONGITUD: -88.2684083<br>ALTITUD MSNM: 1947<br>DEPARTAMENTO: Intibuca<br>MUNICIPIO: Yaramanguila<br>FINCA: FINCA ANGELA<br>DNI: 1301-1968-00265<br>IMAGEN DNI: https://kf.kobotoolbox.org/api/v2/assets/ad7G92bXCJpMkqNXz97XDt/data/750133962/attachments/attDJK3Nqpk3hjciA2prW6GG/<br>EDAD: 58<br>RAZA: Criollo<br>VARIEDAD: <br>TOTAL PLANTAS: 20<br>PLANTAS EN PRODUCCION: 5<br>AREA EN MZ: 0,10<br>ANALISIS DE SUELO: No<br>IMAGEN ANALISIS: <br>FERTILIZA: Si<br>FUMIGA: Si<br>SISTEMA DE RIEGO: Si<br>TIPO DE SISTEMA: Sistema de riego por micro-aspersion<br>AREA CON RIEGO: 0,10<br>FUENTE DE AGUA: <br>CAPACITACION: No<br>REALIZA PODAS: No<br>AFILIADO A ASPAH: No<br>CREDITO: No<br>TRABAJADORES PERMANENTES: No<br>CUANTOS TP: <br>TRANBAJADORES TEMPORALES: No<br>CUANTOS TT: <br>SALARIO POR DIA: 250<br>LIBRAS COSECHADAS: <br>UNIDADES COSECHADAS: <br>UNIDADES COSSECHADAS: 1000<br>MESES DE COSECHA: Diciembre<br>DONDE VENDE: Mercado local, pulperias y en casa.<br>PRECIO LIBRA: <br>PRECIO UNIDAD: <br>PRECIO UNNIDAD: 12<br>TRANSPORTE DE COSECHA: Vehiculo propio<br>IMAGEN PRODUCTOR: https://kf.kobotoolbox.org/api/v2/assets/ad7G92bXCJpMkqNXz97XDt/data/750133962/attachments/attRassNMr3ToVWgoouCrt5m/<br>OBSERVACION: Falta de manejo solo aguacate criollo <br>FIRMA: https://kf.kobotoolbox.org/api/v2/assets/ad7G92bXCJpMkqNXz97XDt/data/750133962/attachments/att6CRgmbmmAbjX8vHsJX4ow/]]></description>
        <styleUrl>#icon-1899-FFD600</styleUrl>
        <ExtendedData>
          <Data name="﻿FECHA">
            <value>11/5/2026</value>
          </Data>
          <Data name="LATITUD">
            <value>14.3333528</value>
          </Data>
          <Data name="LONGITUD">
            <value>-88.2684083</value>
          </Data>
          <Data name="ALTITUD MSNM">
            <value>1947.0</value>
          </Data>
          <Data name="DEPARTAMENTO">
            <value>Intibuca</value>
          </Data>
          <Data name="MUNICIPIO">
            <value>Yaramanguila</value>
          </Data>
          <Data name="FINCA">
            <value>FINCA ANGELA</value>
          </Data>
          <Data name="DNI">
            <value>1301-1968-00265</value>
          </Data>
          <Data name="IMAGEN DNI">
            <value>https://kf.kobotoolbox.org/api/v2/assets/ad7G92bXCJpMkqNXz97XDt/data/750133962/attachments/attDJK3Nqpk3hjciA2prW6GG/</value>
          </Data>
          <Data name="EDAD">
            <value>58.0</value>
          </Data>
          <Data name="RAZA">
            <value>Criollo</value>
          </Data>
          <Data name="VARIEDAD">
            <value/>
          </Data>
          <Data name="TOTAL PLANTAS">
            <value>20.0</value>
          </Data>
          <Data name="PLANTAS EN PRODUCCION">
            <value>5.0</value>
          </Data>
          <Data name="AREA EN MZ">
            <value>0,10</value>
          </Data>
          <Data name="ANALISIS DE SUELO">
            <value>No</value>
          </Data>
          <Data name="IMAGEN ANALISIS">
            <value/>
          </Data>
          <Data name="FERTILIZA">
            <value>Si</value>
          </Data>
          <Data name="FUMIGA">
            <value>Si</value>
          </Data>
          <Data name="SISTEMA DE RIEGO">
            <value>Si</value>
          </Data>
          <Data name="TIPO DE SISTEMA">
            <value>Sistema de riego por micro-aspersion</value>
          </Data>
          <Data name="AREA CON RIEGO">
            <value>0,10</value>
          </Data>
          <Data name="FUENTE DE AGUA">
            <value/>
          </Data>
          <Data name="CAPACITACION">
            <value>No</value>
          </Data>
          <Data name="REALIZA PODAS">
            <value>No</value>
          </Data>
          <Data name="AFILIADO A ASPAH">
            <value>No</value>
          </Data>
          <Data name="CREDITO">
            <value>No</value>
          </Data>
          <Data name="TRABAJADORES PERMANENTES">
            <value>No</value>
          </Data>
          <Data name="CUANTOS TP">
            <value/>
          </Data>
          <Data name="TRANBAJADORES TEMPORALES">
            <value>No</value>
          </Data>
          <Data name="CUANTOS TT">
            <value/>
          </Data>
          <Data name="SALARIO POR DIA">
            <value>250.0</value>
          </Data>
          <Data name="LIBRAS COSECHADAS">
            <value/>
          </Data>
          <Data name="UNIDADES COSECHADAS">
            <value/>
          </Data>
          <Data name="UNIDADES COSSECHADAS">
            <value>1000.0</value>
          </Data>
          <Data name="MESES DE COSECHA">
            <value>Diciembre</value>
          </Data>
          <Data name="DONDE VENDE">
            <value>Mercado local, pulperias y en casa.</value>
          </Data>
          <Data name="PRECIO LIBRA">
            <value/>
          </Data>
          <Data name="PRECIO UNIDAD">
            <value/>
          </Data>
          <Data name="PRECIO UNNIDAD">
            <value>12.0</value>
          </Data>
          <Data name="TRANSPORTE DE COSECHA">
            <value>Vehiculo propio</value>
          </Data>
          <Data name="IMAGEN PRODUCTOR">
            <value>https://kf.kobotoolbox.org/api/v2/assets/ad7G92bXCJpMkqNXz97XDt/data/750133962/attachments/attRassNMr3ToVWgoouCrt5m/</value>
          </Data>
          <Data name="OBSERVACION">
            <value>Falta de manejo solo aguacate criollo </value>
          </Data>
          <Data name="FIRMA">
            <value>https://kf.kobotoolbox.org/api/v2/assets/ad7G92bXCJpMkqNXz97XDt/data/750133962/attachments/att6CRgmbmmAbjX8vHsJX4ow/</value>
          </Data>
        </ExtendedData>
        <Point>
          <coordinates>
            -88.2684083,14.3333528,0
          </coordinates>
        </Point>
      </Placemark>
      <Placemark>
        <name>MARIA ALTAGRACIA PEREZ GARCÍA</name>
        <description><![CDATA[﻿FECHA: 13/5/2026<br>LATITUD: 14.3286968<br>LONGITUD: -88.260297<br>ALTITUD MSNM: 1957<br>DEPARTAMENTO: Intibuca<br>MUNICIPIO: Yaramanguila<br>FINCA: FINCA GARCÍA<br>DNI: 1016-1989-00063<br>IMAGEN DNI: https://kf.kobotoolbox.org/api/v2/assets/ad7G92bXCJpMkqNXz97XDt/data/751882765/attachments/attCnUPPTQpWAeqVzLtbhVrh/<br>EDAD: 36<br>RAZA: Criollo<br>VARIEDAD: <br>TOTAL PLANTAS: 15<br>PLANTAS EN PRODUCCION: 5<br>AREA EN MZ: 0,10<br>ANALISIS DE SUELO: No<br>IMAGEN ANALISIS: <br>FERTILIZA: Si<br>FUMIGA: No<br>SISTEMA DE RIEGO: No<br>TIPO DE SISTEMA: <br>AREA CON RIEGO: <br>FUENTE DE AGUA: No<br>CAPACITACION: No<br>REALIZA PODAS: No<br>AFILIADO A ASPAH: No<br>CREDITO: No<br>TRABAJADORES PERMANENTES: No<br>CUANTOS TP: <br>TRANBAJADORES TEMPORALES: No<br>CUANTOS TT: <br>SALARIO POR DIA: 200<br>LIBRAS COSECHADAS: <br>UNIDADES COSECHADAS: <br>UNIDADES COSSECHADAS: 2000<br>MESES DE COSECHA: Diciembre<br>DONDE VENDE: Mercado local, pulperias y en casa.<br>PRECIO LIBRA: <br>PRECIO UNIDAD: <br>PRECIO UNNIDAD: 13<br>TRANSPORTE DE COSECHA: Ninguno<br>IMAGEN PRODUCTOR: https://kf.kobotoolbox.org/api/v2/assets/ad7G92bXCJpMkqNXz97XDt/data/751882765/attachments/attymppVS5C65kVrvtufkU7E/<br>OBSERVACION: Falta de mantenimiento<br>FIRMA: https://kf.kobotoolbox.org/api/v2/assets/ad7G92bXCJpMkqNXz97XDt/data/751882765/attachments/attaLDk26sP2RewzBzRSZrjt/]]></description>
        <styleUrl>#icon-1899-FFD600</styleUrl>
        <ExtendedData>
          <Data name="﻿FECHA">
            <value>13/5/2026</value>
          </Data>
          <Data name="LATITUD">
            <value>14.3286968</value>
          </Data>
          <Data name="LONGITUD">
            <value>-88.260297</value>
          </Data>
          <Data name="ALTITUD MSNM">
            <value>1957.0</value>
          </Data>
          <Data name="DEPARTAMENTO">
            <value>Intibuca</value>
          </Data>
          <Data name="MUNICIPIO">
            <value>Yaramanguila</value>
          </Data>
          <Data name="FINCA">
            <value>FINCA GARCÍA</value>
          </Data>
          <Data name="DNI">
            <value>1016-1989-00063</value>
          </Data>
          <Data name="IMAGEN DNI">
            <value>https://kf.kobotoolbox.org/api/v2/assets/ad7G92bXCJpMkqNXz97XDt/data/751882765/attachments/attCnUPPTQpWAeqVzLtbhVrh/</value>
          </Data>
          <Data name="EDAD">
            <value>36.0</value>
          </Data>
          <Data name="RAZA">
            <value>Criollo</value>
          </Data>
          <Data name="VARIEDAD">
            <value/>
          </Data>
          <Data name="TOTAL PLANTAS">
            <value>15.0</value>
          </Data>
          <Data name="PLANTAS EN PRODUCCION">
            <value>5.0</value>
          </Data>
          <Data name="AREA EN MZ">
            <value>0,10</value>
          </Data>
          <Data name="ANALISIS DE SUELO">
            <value>No</value>
          </Data>
          <Data name="IMAGEN ANALISIS">
            <value/>
          </Data>
          <Data name="FERTILIZA">
            <value>Si</value>
          </Data>
          <Data name="FUMIGA">
            <value>No</value>
          </Data>
          <Data name="SISTEMA DE RIEGO">
            <value>No</value>
          </Data>
          <Data name="TIPO DE SISTEMA">
            <value/>
          </Data>
          <Data name="AREA CON RIEGO">
            <value/>
          </Data>
          <Data name="FUENTE DE AGUA">
            <value>No</value>
          </Data>
          <Data name="CAPACITACION">
            <value>No</value>
          </Data>
          <Data name="REALIZA PODAS">
            <value>No</value>
          </Data>
          <Data name="AFILIADO A ASPAH">
            <value>No</value>
          </Data>
          <Data name="CREDITO">
            <value>No</value>
          </Data>
          <Data name="TRABAJADORES PERMANENTES">
            <value>No</value>
          </Data>
          <Data name="CUANTOS TP">
            <value/>
          </Data>
          <Data name="TRANBAJADORES TEMPORALES">
            <value>No</value>
          </Data>
          <Data name="CUANTOS TT">
            <value/>
          </Data>
          <Data name="SALARIO POR DIA">
            <value>200.0</value>
          </Data>
          <Data name="LIBRAS COSECHADAS">
            <value/>
          </Data>
          <Data name="UNIDADES COSECHADAS">
            <value/>
          </Data>
          <Data name="UNIDADES COSSECHADAS">
            <value>2000.0</value>
          </Data>
          <Data name="MESES DE COSECHA">
            <value>Diciembre</value>
          </Data>
          <Data name="DONDE VENDE">
            <value>Mercado local, pulperias y en casa.</value>
          </Data>
          <Data name="PRECIO LIBRA">
            <value/>
          </Data>
          <Data name="PRECIO UNIDAD">
            <value/>
          </Data>
          <Data name="PRECIO UNNIDAD">
            <value>13.0</value>
          </Data>
          <Data name="TRANSPORTE DE COSECHA">
            <value>Ninguno</value>
          </Data>
          <Data name="IMAGEN PRODUCTOR">
            <value>https://kf.kobotoolbox.org/api/v2/assets/ad7G92bXCJpMkqNXz97XDt/data/751882765/attachments/attymppVS5C65kVrvtufkU7E/</value>
          </Data>
          <Data name="OBSERVACION">
            <value>Falta de mantenimiento</value>
          </Data>
          <Data name="FIRMA">
            <value>https://kf.kobotoolbox.org/api/v2/assets/ad7G92bXCJpMkqNXz97XDt/data/751882765/attachments/attaLDk26sP2RewzBzRSZrjt/</value>
          </Data>
        </ExtendedData>
        <Point>
          <coordinates>
            -88.260297,14.3286968,0
          </coordinates>
        </Point>
      </Placemark>
      <Placemark>
        <name>J. IRENE LORENZO VÁZQUEZ </name>
        <description><![CDATA[﻿FECHA: 13/5/2026<br>LATITUD: 14.3273604<br>LONGITUD: -88.2625405<br>ALTITUD MSNM: 1940<br>DEPARTAMENTO: Intibuca<br>MUNICIPIO: Yaramanguila<br>FINCA: FINCA VÁZQUEZ <br>DNI: 1016-1953-00136<br>IMAGEN DNI: https://kf.kobotoolbox.org/api/v2/assets/ad7G92bXCJpMkqNXz97XDt/data/751882778/attachments/attkxVi5wBVs7hKQN736QsJ9/<br>EDAD: 73<br>RAZA: Criollo<br>VARIEDAD: <br>TOTAL PLANTAS: 20<br>PLANTAS EN PRODUCCION: 10<br>AREA EN MZ: 0,10<br>ANALISIS DE SUELO: No<br>IMAGEN ANALISIS: <br>FERTILIZA: No<br>FUMIGA: No<br>SISTEMA DE RIEGO: No<br>TIPO DE SISTEMA: <br>AREA CON RIEGO: <br>FUENTE DE AGUA: No<br>CAPACITACION: No<br>REALIZA PODAS: No<br>AFILIADO A ASPAH: No<br>CREDITO: No<br>TRABAJADORES PERMANENTES: No<br>CUANTOS TP: <br>TRANBAJADORES TEMPORALES: No<br>CUANTOS TT: <br>SALARIO POR DIA: 200<br>LIBRAS COSECHADAS: <br>UNIDADES COSECHADAS: <br>UNIDADES COSSECHADAS: 5000<br>MESES DE COSECHA: Mayo Marzo<br>DONDE VENDE: Mercado local, pulperias y en casa.<br>PRECIO LIBRA: <br>PRECIO UNIDAD: <br>PRECIO UNNIDAD: 14<br>TRANSPORTE DE COSECHA: Ninguno<br>IMAGEN PRODUCTOR: https://kf.kobotoolbox.org/api/v2/assets/ad7G92bXCJpMkqNXz97XDt/data/751882778/attachments/attqbhFytaV3rSVZqnBcXQQT/<br>OBSERVACION: Falta de manejo <br>FIRMA: https://kf.kobotoolbox.org/api/v2/assets/ad7G92bXCJpMkqNXz97XDt/data/751882778/attachments/attP8EvDsHPEhfR35AeZTyit/]]></description>
        <styleUrl>#icon-1899-FFD600</styleUrl>
        <ExtendedData>
          <Data name="﻿FECHA">
            <value>13/5/2026</value>
          </Data>
          <Data name="LATITUD">
            <value>14.3273604</value>
          </Data>
          <Data name="LONGITUD">
            <value>-88.2625405</value>
          </Data>
          <Data name="ALTITUD MSNM">
            <value>1940.0</value>
          </Data>
          <Data name="DEPARTAMENTO">
            <value>Intibuca</value>
          </Data>
          <Data name="MUNICIPIO">
            <value>Yaramanguila</value>
          </Data>
          <Data name="FINCA">
            <value>FINCA VÁZQUEZ </value>
          </Data>
          <Data name="DNI">
            <value>1016-1953-00136</value>
          </Data>
          <Data name="IMAGEN DNI">
            <value>https://kf.kobotoolbox.org/api/v2/assets/ad7G92bXCJpMkqNXz97XDt/data/751882778/attachments/attkxVi5wBVs7hKQN736QsJ9/</value>
          </Data>
          <Data name="EDAD">
            <value>73.0</value>
          </Data>
          <Data name="RAZA">
            <value>Criollo</value>
          </Data>
          <Data name="VARIEDAD">
            <value/>
          </Data>
          <Data name="TOTAL PLANTAS">
            <value>20.0</value>
          </Data>
          <Data name="PLANTAS EN PRODUCCION">
            <value>10.0</value>
          </Data>
          <Data name="AREA EN MZ">
            <value>0,10</value>
          </Data>
          <Data name="ANALISIS DE SUELO">
            <value>No</value>
          </Data>
          <Data name="IMAGEN ANALISIS">
            <value/>
          </Data>
          <Data name="FERTILIZA">
            <value>No</value>
          </Data>
          <Data name="FUMIGA">
            <value>No</value>
          </Data>
          <Data name="SISTEMA DE RIEGO">
            <value>No</value>
          </Data>
          <Data name="TIPO DE SISTEMA">
            <value/>
          </Data>
          <Data name="AREA CON RIEGO">
            <value/>
          </Data>
          <Data name="FUENTE DE AGUA">
            <value>No</value>
          </Data>
          <Data name="CAPACITACION">
            <value>No</value>
          </Data>
          <Data name="REALIZA PODAS">
            <value>No</value>
          </Data>
          <Data name="AFILIADO A ASPAH">
            <value>No</value>
          </Data>
          <Data name="CREDITO">
            <value>No</value>
          </Data>
          <Data name="TRABAJADORES PERMANENTES">
            <value>No</value>
          </Data>
          <Data name="CUANTOS TP">
            <value/>
          </Data>
          <Data name="TRANBAJADORES TEMPORALES">
            <value>No</value>
          </Data>
          <Data name="CUANTOS TT">
            <value/>
          </Data>
          <Data name="SALARIO POR DIA">
            <value>200.0</value>
          </Data>
          <Data name="LIBRAS COSECHADAS">
            <value/>
          </Data>
          <Data name="UNIDADES COSECHADAS">
            <value/>
          </Data>
          <Data name="UNIDADES COSSECHADAS">
            <value>5000.0</value>
          </Data>
          <Data name="MESES DE COSECHA">
            <value>Mayo Marzo</value>
          </Data>
          <Data name="DONDE VENDE">
            <value>Mercado local, pulperias y en casa.</value>
          </Data>
          <Data name="PRECIO LIBRA">
            <value/>
          </Data>
          <Data name="PRECIO UNIDAD">
            <value/>
          </Data>
          <Data name="PRECIO UNNIDAD">
            <value>14.0</value>
          </Data>
          <Data name="TRANSPORTE DE COSECHA">
            <value>Ninguno</value>
          </Data>
          <Data name="IMAGEN PRODUCTOR">
            <value>https://kf.kobotoolbox.org/api/v2/assets/ad7G92bXCJpMkqNXz97XDt/data/751882778/attachments/attqbhFytaV3rSVZqnBcXQQT/</value>
          </Data>
          <Data name="OBSERVACION">
            <value>Falta de manejo </value>
          </Data>
          <Data name="FIRMA">
            <value>https://kf.kobotoolbox.org/api/v2/assets/ad7G92bXCJpMkqNXz97XDt/data/751882778/attachments/attP8EvDsHPEhfR35AeZTyit/</value>
          </Data>
        </ExtendedData>
        <Point>
          <coordinates>
            -88.2625405,14.3273604,0
          </coordinates>
        </Point>
      </Placemark>
      <Placemark>
        <name>JOSE DOLORES MEJIA</name>
        <description><![CDATA[﻿FECHA: 13/5/2026<br>LATITUD: 14.3271113<br>LONGITUD: -88.264059<br>ALTITUD MSNM: 1919<br>DEPARTAMENTO: Intibuca<br>MUNICIPIO: Yaramanguila<br>FINCA: El PASO <br>DNI: 1016-1977-00418<br>IMAGEN DNI: https://kf.kobotoolbox.org/api/v2/assets/ad7G92bXCJpMkqNXz97XDt/data/751882789/attachments/attzmPrCdUJ9CdREmjWtkiMJ/<br>EDAD: 49<br>RAZA: Criollo<br>VARIEDAD: <br>TOTAL PLANTAS: 21<br>PLANTAS EN PRODUCCION: 5<br>AREA EN MZ: 0,10<br>ANALISIS DE SUELO: No<br>IMAGEN ANALISIS: <br>FERTILIZA: Si<br>FUMIGA: Si<br>SISTEMA DE RIEGO: No<br>TIPO DE SISTEMA: <br>AREA CON RIEGO: <br>FUENTE DE AGUA: No<br>CAPACITACION: No<br>REALIZA PODAS: No<br>AFILIADO A ASPAH: No<br>CREDITO: No<br>TRABAJADORES PERMANENTES: No<br>CUANTOS TP: <br>TRANBAJADORES TEMPORALES: No<br>CUANTOS TT: <br>SALARIO POR DIA: 150<br>LIBRAS COSECHADAS: <br>UNIDADES COSECHADAS: <br>UNIDADES COSSECHADAS: 2500<br>MESES DE COSECHA: Diciembre<br>DONDE VENDE: Mercado local, pulperias y en casa.<br>PRECIO LIBRA: <br>PRECIO UNIDAD: <br>PRECIO UNNIDAD: 12<br>TRANSPORTE DE COSECHA: Ninguno<br>IMAGEN PRODUCTOR: https://kf.kobotoolbox.org/api/v2/assets/ad7G92bXCJpMkqNXz97XDt/data/751882789/attachments/attaaXJkz2wxAcR94xMjUZQa/<br>OBSERVACION: Falta de manejo <br>FIRMA: https://kf.kobotoolbox.org/api/v2/assets/ad7G92bXCJpMkqNXz97XDt/data/751882789/attachments/attZVSUVFGVg8uAqVAPdHPFJ/]]></description>
        <styleUrl>#icon-1899-FFD600</styleUrl>
        <ExtendedData>
          <Data name="﻿FECHA">
            <value>13/5/2026</value>
          </Data>
          <Data name="LATITUD">
            <value>14.3271113</value>
          </Data>
          <Data name="LONGITUD">
            <value>-88.264059</value>
          </Data>
          <Data name="ALTITUD MSNM">
            <value>1919.0</value>
          </Data>
          <Data name="DEPARTAMENTO">
            <value>Intibuca</value>
          </Data>
          <Data name="MUNICIPIO">
            <value>Yaramanguila</value>
          </Data>
          <Data name="FINCA">
            <value>El PASO </value>
          </Data>
          <Data name="DNI">
            <value>1016-1977-00418</value>
          </Data>
          <Data name="IMAGEN DNI">
            <value>https://kf.kobotoolbox.org/api/v2/assets/ad7G92bXCJpMkqNXz97XDt/data/751882789/attachments/attzmPrCdUJ9CdREmjWtkiMJ/</value>
          </Data>
          <Data name="EDAD">
            <value>49.0</value>
          </Data>
          <Data name="RAZA">
            <value>Criollo</value>
          </Data>
          <Data name="VARIEDAD">
            <value/>
          </Data>
          <Data name="TOTAL PLANTAS">
            <value>21.0</value>
          </Data>
          <Data name="PLANTAS EN PRODUCCION">
            <value>5.0</value>
          </Data>
          <Data name="AREA EN MZ">
            <value>0,10</value>
          </Data>
          <Data name="ANALISIS DE SUELO">
            <value>No</value>
          </Data>
          <Data name="IMAGEN ANALISIS">
            <value/>
          </Data>
          <Data name="FERTILIZA">
            <value>Si</value>
          </Data>
          <Data name="FUMIGA">
            <value>Si</value>
          </Data>
          <Data name="SISTEMA DE RIEGO">
            <value>No</value>
          </Data>
          <Data name="TIPO DE SISTEMA">
            <value/>
          </Data>
          <Data name="AREA CON RIEGO">
            <value/>
          </Data>
          <Data name="FUENTE DE AGUA">
            <value>No</value>
          </Data>
          <Data name="CAPACITACION">
            <value>No</value>
          </Data>
          <Data name="REALIZA PODAS">
            <value>No</value>
          </Data>
          <Data name="AFILIADO A ASPAH">
            <value>No</value>
          </Data>
          <Data name="CREDITO">
            <value>No</value>
          </Data>
          <Data name="TRABAJADORES PERMANENTES">
            <value>No</value>
          </Data>
          <Data name="CUANTOS TP">
            <value/>
          </Data>
          <Data name="TRANBAJADORES TEMPORALES">
            <value>No</value>
          </Data>
          <Data name="CUANTOS TT">
            <value/>
          </Data>
          <Data name="SALARIO POR DIA">
            <value>150.0</value>
          </Data>
          <Data name="LIBRAS COSECHADAS">
            <value/>
          </Data>
          <Data name="UNIDADES COSECHADAS">
            <value/>
          </Data>
          <Data name="UNIDADES COSSECHADAS">
            <value>2500.0</value>
          </Data>
          <Data name="MESES DE COSECHA">
            <value>Diciembre</value>
          </Data>
          <Data name="DONDE VENDE">
            <value>Mercado local, pulperias y en casa.</value>
          </Data>
          <Data name="PRECIO LIBRA">
            <value/>
          </Data>
          <Data name="PRECIO UNIDAD">
            <value/>
          </Data>
          <Data name="PRECIO UNNIDAD">
            <value>12.0</value>
          </Data>
          <Data name="TRANSPORTE DE COSECHA">
            <value>Ninguno</value>
          </Data>
          <Data name="IMAGEN PRODUCTOR">
            <value>https://kf.kobotoolbox.org/api/v2/assets/ad7G92bXCJpMkqNXz97XDt/data/751882789/attachments/attaaXJkz2wxAcR94xMjUZQa/</value>
          </Data>
          <Data name="OBSERVACION">
            <value>Falta de manejo </value>
          </Data>
          <Data name="FIRMA">
            <value>https://kf.kobotoolbox.org/api/v2/assets/ad7G92bXCJpMkqNXz97XDt/data/751882789/attachments/attZVSUVFGVg8uAqVAPdHPFJ/</value>
          </Data>
        </ExtendedData>
        <Point>
          <coordinates>
            -88.264059,14.3271113,0
          </coordinates>
        </Point>
      </Placemark>
      <Placemark>
        <name>BACILIA PEREZ</name>
        <description><![CDATA[﻿FECHA: 13/5/2026<br>LATITUD: 14.2950214<br>LONGITUD: -88.2800235<br>ALTITUD MSNM: 1751<br>DEPARTAMENTO: Intibuca<br>MUNICIPIO: Yaramanguila<br>FINCA: FINCA PÉREZ<br>DNI: 1016-1979-00127<br>IMAGEN DNI: https://kf.kobotoolbox.org/api/v2/assets/ad7G92bXCJpMkqNXz97XDt/data/751882801/attachments/attXJX7NTm6E3bYmuskY2zy6/<br>EDAD: 47<br>RAZA: Criollo<br>VARIEDAD: <br>TOTAL PLANTAS: 22<br>PLANTAS EN PRODUCCION: 2<br>AREA EN MZ: 0,10<br>ANALISIS DE SUELO: No<br>IMAGEN ANALISIS: <br>FERTILIZA: No<br>FUMIGA: No<br>SISTEMA DE RIEGO: No<br>TIPO DE SISTEMA: <br>AREA CON RIEGO: <br>FUENTE DE AGUA: No<br>CAPACITACION: No<br>REALIZA PODAS: No<br>AFILIADO A ASPAH: No<br>CREDITO: No<br>TRABAJADORES PERMANENTES: No<br>CUANTOS TP: <br>TRANBAJADORES TEMPORALES: No<br>CUANTOS TT: <br>SALARIO POR DIA: 100<br>LIBRAS COSECHADAS: <br>UNIDADES COSECHADAS: <br>UNIDADES COSSECHADAS: 1500<br>MESES DE COSECHA: Diciembre<br>DONDE VENDE: Mercado local, pulperias y en casa.<br>PRECIO LIBRA: <br>PRECIO UNIDAD: <br>PRECIO UNNIDAD: 12<br>TRANSPORTE DE COSECHA: Ninguno<br>IMAGEN PRODUCTOR: https://kf.kobotoolbox.org/api/v2/assets/ad7G92bXCJpMkqNXz97XDt/data/751882801/attachments/attyZcnCzvJKHLPRgpS55WCB/<br>OBSERVACION: Falta de mantenimiento<br>FIRMA: https://kf.kobotoolbox.org/api/v2/assets/ad7G92bXCJpMkqNXz97XDt/data/751882801/attachments/attYpyefEk65wY94C4tdGegC/]]></description>
        <styleUrl>#icon-1899-FFD600</styleUrl>
        <ExtendedData>
          <Data name="﻿FECHA">
            <value>13/5/2026</value>
          </Data>
          <Data name="LATITUD">
            <value>14.2950214</value>
          </Data>
          <Data name="LONGITUD">
            <value>-88.2800235</value>
          </Data>
          <Data name="ALTITUD MSNM">
            <value>1751.0</value>
          </Data>
          <Data name="DEPARTAMENTO">
            <value>Intibuca</value>
          </Data>
          <Data name="MUNICIPIO">
            <value>Yaramanguila</value>
          </Data>
          <Data name="FINCA">
            <value>FINCA PÉREZ</value>
          </Data>
          <Data name="DNI">
            <value>1016-1979-00127</value>
          </Data>
          <Data name="IMAGEN DNI">
            <value>https://kf.kobotoolbox.org/api/v2/assets/ad7G92bXCJpMkqNXz97XDt/data/751882801/attachments/attXJX7NTm6E3bYmuskY2zy6/</value>
          </Data>
          <Data name="EDAD">
            <value>47.0</value>
          </Data>
          <Data name="RAZA">
            <value>Criollo</value>
          </Data>
          <Data name="VARIEDAD">
            <value/>
          </Data>
          <Data name="TOTAL PLANTAS">
            <value>22.0</value>
          </Data>
          <Data name="PLANTAS EN PRODUCCION">
            <value>2.0</value>
          </Data>
          <Data name="AREA EN MZ">
            <value>0,10</value>
          </Data>
          <Data name="ANALISIS DE SUELO">
            <value>No</value>
          </Data>
          <Data name="IMAGEN ANALISIS">
            <value/>
          </Data>
          <Data name="FERTILIZA">
            <value>No</value>
          </Data>
          <Data name="FUMIGA">
            <value>No</value>
          </Data>
          <Data name="SISTEMA DE RIEGO">
            <value>No</value>
          </Data>
          <Data name="TIPO DE SISTEMA">
            <value/>
          </Data>
          <Data name="AREA CON RIEGO">
            <value/>
          </Data>
          <Data name="FUENTE DE AGUA">
            <value>No</value>
          </Data>
          <Data name="CAPACITACION">
            <value>No</value>
          </Data>
          <Data name="REALIZA PODAS">
            <value>No</value>
          </Data>
          <Data name="AFILIADO A ASPAH">
            <value>No</value>
          </Data>
          <Data name="CREDITO">
            <value>No</value>
          </Data>
          <Data name="TRABAJADORES PERMANENTES">
            <value>No</value>
          </Data>
          <Data name="CUANTOS TP">
            <value/>
          </Data>
          <Data name="TRANBAJADORES TEMPORALES">
            <value>No</value>
          </Data>
          <Data name="CUANTOS TT">
            <value/>
          </Data>
          <Data name="SALARIO POR DIA">
            <value>100.0</value>
          </Data>
          <Data name="LIBRAS COSECHADAS">
            <value/>
          </Data>
          <Data name="UNIDADES COSECHADAS">
            <value/>
          </Data>
          <Data name="UNIDADES COSSECHADAS">
            <value>1500.0</value>
          </Data>
          <Data name="MESES DE COSECHA">
            <value>Diciembre</value>
          </Data>
          <Data name="DONDE VENDE">
            <value>Mercado local, pulperias y en casa.</value>
          </Data>
          <Data name="PRECIO LIBRA">
            <value/>
          </Data>
          <Data name="PRECIO UNIDAD">
            <value/>
          </Data>
          <Data name="PRECIO UNNIDAD">
            <value>12.0</value>
          </Data>
          <Data name="TRANSPORTE DE COSECHA">
            <value>Ninguno</value>
          </Data>
          <Data name="IMAGEN PRODUCTOR">
            <value>https://kf.kobotoolbox.org/api/v2/assets/ad7G92bXCJpMkqNXz97XDt/data/751882801/attachments/attyZcnCzvJKHLPRgpS55WCB/</value>
          </Data>
          <Data name="OBSERVACION">
            <value>Falta de mantenimiento</value>
          </Data>
          <Data name="FIRMA">
            <value>https://kf.kobotoolbox.org/api/v2/assets/ad7G92bXCJpMkqNXz97XDt/data/751882801/attachments/attYpyefEk65wY94C4tdGegC/</value>
          </Data>
        </ExtendedData>
        <Point>
          <coordinates>
            -88.2800235,14.2950214,0
          </coordinates>
        </Point>
      </Placemark>
      <Placemark>
        <name>ALEJANDRO GARCÍA</name>
        <description><![CDATA[﻿FECHA: 13/5/2026<br>LATITUD: 14.2918198<br>LONGITUD: -88.2783621<br>ALTITUD MSNM: 1781<br>DEPARTAMENTO: Intibuca<br>MUNICIPIO: Yaramanguila<br>FINCA: FINCA GARCÍA<br>DNI: 1016-1958-00068<br>IMAGEN DNI: https://kf.kobotoolbox.org/api/v2/assets/ad7G92bXCJpMkqNXz97XDt/data/751882818/attachments/att5nqxL9MmLpBaV7th9hujP/<br>EDAD: 69<br>RAZA: Hass<br>VARIEDAD: <br>TOTAL PLANTAS: 25<br>PLANTAS EN PRODUCCION: 0<br>AREA EN MZ: 0,10<br>ANALISIS DE SUELO: No<br>IMAGEN ANALISIS: <br>FERTILIZA: Si<br>FUMIGA: No<br>SISTEMA DE RIEGO: Si<br>TIPO DE SISTEMA: Sistema de riego superficial<br>AREA CON RIEGO: 0,10<br>FUENTE DE AGUA: <br>CAPACITACION: No<br>REALIZA PODAS: No<br>AFILIADO A ASPAH: No<br>CREDITO: No<br>TRABAJADORES PERMANENTES: No<br>CUANTOS TP: <br>TRANBAJADORES TEMPORALES: Si<br>CUANTOS TT: 1<br>SALARIO POR DIA: 300<br>LIBRAS COSECHADAS: 0<br>UNIDADES COSECHADAS: <br>UNIDADES COSSECHADAS: <br>MESES DE COSECHA: Diciembre<br>DONDE VENDE: No he vendido aún.<br>PRECIO LIBRA: 0<br>PRECIO UNIDAD: <br>PRECIO UNNIDAD: <br>TRANSPORTE DE COSECHA: Ninguno<br>IMAGEN PRODUCTOR: https://kf.kobotoolbox.org/api/v2/assets/ad7G92bXCJpMkqNXz97XDt/data/751882818/attachments/attBLPdqrR4c5XzcriBSZbwx/<br>OBSERVACION: Falta de manejo y apoyo ellos fertilizan cuando le echan al café fertilizantes <br>FIRMA: https://kf.kobotoolbox.org/api/v2/assets/ad7G92bXCJpMkqNXz97XDt/data/751882818/attachments/attDM38GkH7uiCbzQRtHArgP/]]></description>
        <styleUrl>#icon-1899-FFD600</styleUrl>
        <ExtendedData>
          <Data name="﻿FECHA">
            <value>13/5/2026</value>
          </Data>
          <Data name="LATITUD">
            <value>14.2918198</value>
          </Data>
          <Data name="LONGITUD">
            <value>-88.2783621</value>
          </Data>
          <Data name="ALTITUD MSNM">
            <value>1781.0</value>
          </Data>
          <Data name="DEPARTAMENTO">
            <value>Intibuca</value>
          </Data>
          <Data name="MUNICIPIO">
            <value>Yaramanguila</value>
          </Data>
          <Data name="FINCA">
            <value>FINCA GARCÍA</value>
          </Data>
          <Data name="DNI">
            <value>1016-1958-00068</value>
          </Data>
          <Data name="IMAGEN DNI">
            <value>https://kf.kobotoolbox.org/api/v2/assets/ad7G92bXCJpMkqNXz97XDt/data/751882818/attachments/att5nqxL9MmLpBaV7th9hujP/</value>
          </Data>
          <Data name="EDAD">
            <value>69.0</value>
          </Data>
          <Data name="RAZA">
            <value>Hass</value>
          </Data>
          <Data name="VARIEDAD">
            <value/>
          </Data>
          <Data name="TOTAL PLANTAS">
            <value>25.0</value>
          </Data>
          <Data name="PLANTAS EN PRODUCCION">
            <value>0.0</value>
          </Data>
          <Data name="AREA EN MZ">
            <value>0,10</value>
          </Data>
          <Data name="ANALISIS DE SUELO">
            <value>No</value>
          </Data>
          <Data name="IMAGEN ANALISIS">
            <value/>
          </Data>
          <Data name="FERTILIZA">
            <value>Si</value>
          </Data>
          <Data name="FUMIGA">
            <value>No</value>
          </Data>
          <Data name="SISTEMA DE RIEGO">
            <value>Si</value>
          </Data>
          <Data name="TIPO DE SISTEMA">
            <value>Sistema de riego superficial</value>
          </Data>
          <Data name="AREA CON RIEGO">
            <value>0,10</value>
          </Data>
          <Data name="FUENTE DE AGUA">
            <value/>
          </Data>
          <Data name="CAPACITACION">
            <value>No</value>
          </Data>
          <Data name="REALIZA PODAS">
            <value>No</value>
          </Data>
          <Data name="AFILIADO A ASPAH">
            <value>No</value>
          </Data>
          <Data name="CREDITO">
            <value>No</value>
          </Data>
          <Data name="TRABAJADORES PERMANENTES">
            <value>No</value>
          </Data>
          <Data name="CUANTOS TP">
            <value/>
          </Data>
          <Data name="TRANBAJADORES TEMPORALES">
            <value>Si</value>
          </Data>
          <Data name="CUANTOS TT">
            <value>1.0</value>
          </Data>
          <Data name="SALARIO POR DIA">
            <value>300.0</value>
          </Data>
          <Data name="LIBRAS COSECHADAS">
            <value>0.0</value>
          </Data>
          <Data name="UNIDADES COSECHADAS">
            <value/>
          </Data>
          <Data name="UNIDADES COSSECHADAS">
            <value/>
          </Data>
          <Data name="MESES DE COSECHA">
            <value>Diciembre</value>
          </Data>
          <Data name="DONDE VENDE">
            <value>No he vendido aún.</value>
          </Data>
          <Data name="PRECIO LIBRA">
            <value>0.0</value>
          </Data>
          <Data name="PRECIO UNIDAD">
            <value/>
          </Data>
          <Data name="PRECIO UNNIDAD">
            <value/>
          </Data>
          <Data name="TRANSPORTE DE COSECHA">
            <value>Ninguno</value>
          </Data>
          <Data name="IMAGEN PRODUCTOR">
            <value>https://kf.kobotoolbox.org/api/v2/assets/ad7G92bXCJpMkqNXz97XDt/data/751882818/attachments/attBLPdqrR4c5XzcriBSZbwx/</value>
          </Data>
          <Data name="OBSERVACION">
            <value>Falta de manejo y apoyo ellos fertilizan cuando le echan al café fertilizantes </value>
          </Data>
          <Data name="FIRMA">
            <value>https://kf.kobotoolbox.org/api/v2/assets/ad7G92bXCJpMkqNXz97XDt/data/751882818/attachments/attDM38GkH7uiCbzQRtHArgP/</value>
          </Data>
        </ExtendedData>
        <Point>
          <coordinates>
            -88.2783621,14.2918198,0
          </coordinates>
        </Point>
      </Placemark>
      <Placemark>
        <name>RIGOBERTO LOPEZ GARCÍA </name>
        <description><![CDATA[﻿FECHA: 13/5/2026<br>LATITUD: 14.2838078<br>LONGITUD: -88.2965403<br>ALTITUD MSNM: 1781<br>DEPARTAMENTO: Intibuca<br>MUNICIPIO: Yaramanguila<br>FINCA: FINCA,ROLANDO <br>DNI: 1016-1982-00464<br>IMAGEN DNI: https://kf.kobotoolbox.org/api/v2/assets/ad7G92bXCJpMkqNXz97XDt/data/751882827/attachments/att2vmj7REkM8yqyFnd7ehwm/<br>EDAD: 43<br>RAZA: Hass<br>VARIEDAD: <br>TOTAL PLANTAS: 24<br>PLANTAS EN PRODUCCION: 12<br>AREA EN MZ: 0,10<br>ANALISIS DE SUELO: No<br>IMAGEN ANALISIS: <br>FERTILIZA: Si<br>FUMIGA: Si<br>SISTEMA DE RIEGO: No<br>TIPO DE SISTEMA: <br>AREA CON RIEGO: <br>FUENTE DE AGUA: Si<br>CAPACITACION: No<br>REALIZA PODAS: No<br>AFILIADO A ASPAH: No<br>CREDITO: No<br>TRABAJADORES PERMANENTES: No<br>CUANTOS TP: <br>TRANBAJADORES TEMPORALES: Si<br>CUANTOS TT: 1<br>SALARIO POR DIA: 300<br>LIBRAS COSECHADAS: 750<br>UNIDADES COSECHADAS: <br>UNIDADES COSSECHADAS: <br>MESES DE COSECHA: Diciembre<br>DONDE VENDE: Mercado local, pulperias y en casa.<br>PRECIO LIBRA: 16<br>PRECIO UNIDAD: <br>PRECIO UNNIDAD: <br>TRANSPORTE DE COSECHA: Ninguno<br>IMAGEN PRODUCTOR: https://kf.kobotoolbox.org/api/v2/assets/ad7G92bXCJpMkqNXz97XDt/data/751882827/attachments/attW5t8LcRNr9YNLHbkLhBUz/<br>OBSERVACION: Falta de riego necesitan apoyo en material para sistema de riego y almacenamiento <br>FIRMA: https://kf.kobotoolbox.org/api/v2/assets/ad7G92bXCJpMkqNXz97XDt/data/751882827/attachments/attfMhqsinChuFJgYm2WVuxX/]]></description>
        <styleUrl>#icon-1899-FFD600</styleUrl>
        <ExtendedData>
          <Data name="﻿FECHA">
            <value>13/5/2026</value>
          </Data>
          <Data name="LATITUD">
            <value>14.2838078</value>
          </Data>
          <Data name="LONGITUD">
            <value>-88.2965403</value>
          </Data>
          <Data name="ALTITUD MSNM">
            <value>1781.0</value>
          </Data>
          <Data name="DEPARTAMENTO">
            <value>Intibuca</value>
          </Data>
          <Data name="MUNICIPIO">
            <value>Yaramanguila</value>
          </Data>
          <Data name="FINCA">
            <value>FINCA,ROLANDO </value>
          </Data>
          <Data name="DNI">
            <value>1016-1982-00464</value>
          </Data>
          <Data name="IMAGEN DNI">
            <value>https://kf.kobotoolbox.org/api/v2/assets/ad7G92bXCJpMkqNXz97XDt/data/751882827/attachments/att2vmj7REkM8yqyFnd7ehwm/</value>
          </Data>
          <Data name="EDAD">
            <value>43.0</value>
          </Data>
          <Data name="RAZA">
            <value>Hass</value>
          </Data>
          <Data name="VARIEDAD">
            <value/>
          </Data>
          <Data name="TOTAL PLANTAS">
            <value>24.0</value>
          </Data>
          <Data name="PLANTAS EN PRODUCCION">
            <value>12.0</value>
          </Data>
          <Data name="AREA EN MZ">
            <value>0,10</value>
          </Data>
          <Data name="ANALISIS DE SUELO">
            <value>No</value>
          </Data>
          <Data name="IMAGEN ANALISIS">
            <value/>
          </Data>
          <Data name="FERTILIZA">
            <value>Si</value>
          </Data>
          <Data name="FUMIGA">
            <value>Si</value>
          </Data>
          <Data name="SISTEMA DE RIEGO">
            <value>No</value>
          </Data>
          <Data name="TIPO DE SISTEMA">
            <value/>
          </Data>
          <Data name="AREA CON RIEGO">
            <value/>
          </Data>
          <Data name="FUENTE DE AGUA">
            <value>Si</value>
          </Data>
          <Data name="CAPACITACION">
            <value>No</value>
          </Data>
          <Data name="REALIZA PODAS">
            <value>No</value>
          </Data>
          <Data name="AFILIADO A ASPAH">
            <value>No</value>
          </Data>
          <Data name="CREDITO">
            <value>No</value>
          </Data>
          <Data name="TRABAJADORES PERMANENTES">
            <value>No</value>
          </Data>
          <Data name="CUANTOS TP">
            <value/>
          </Data>
          <Data name="TRANBAJADORES TEMPORALES">
            <value>Si</value>
          </Data>
          <Data name="CUANTOS TT">
            <value>1.0</value>
          </Data>
          <Data name="SALARIO POR DIA">
            <value>300.0</value>
          </Data>
          <Data name="LIBRAS COSECHADAS">
            <value>750.0</value>
          </Data>
          <Data name="UNIDADES COSECHADAS">
            <value/>
          </Data>
          <Data name="UNIDADES COSSECHADAS">
            <value/>
          </Data>
          <Data name="MESES DE COSECHA">
            <value>Diciembre</value>
          </Data>
          <Data name="DONDE VENDE">
            <value>Mercado local, pulperias y en casa.</value>
          </Data>
          <Data name="PRECIO LIBRA">
            <value>16.0</value>
          </Data>
          <Data name="PRECIO UNIDAD">
            <value/>
          </Data>
          <Data name="PRECIO UNNIDAD">
            <value/>
          </Data>
          <Data name="TRANSPORTE DE COSECHA">
            <value>Ninguno</value>
          </Data>
          <Data name="IMAGEN PRODUCTOR">
            <value>https://kf.kobotoolbox.org/api/v2/assets/ad7G92bXCJpMkqNXz97XDt/data/751882827/attachments/attW5t8LcRNr9YNLHbkLhBUz/</value>
          </Data>
          <Data name="OBSERVACION">
            <value>Falta de riego necesitan apoyo en material para sistema de riego y almacenamiento </value>
          </Data>
          <Data name="FIRMA">
            <value>https://kf.kobotoolbox.org/api/v2/assets/ad7G92bXCJpMkqNXz97XDt/data/751882827/attachments/attfMhqsinChuFJgYm2WVuxX/</value>
          </Data>
        </ExtendedData>
        <Point>
          <coordinates>
            -88.2965403,14.2838078,0
          </coordinates>
        </Point>
      </Placemark>
      <Placemark>
        <name>BERTHA GARCÍA PÉREZ</name>
        <description><![CDATA[﻿FECHA: 13/5/2026<br>LATITUD: 14.2837559<br>LONGITUD: -88.2967172<br>ALTITUD MSNM: 1700<br>DEPARTAMENTO: Intibuca<br>MUNICIPIO: Yaramanguila<br>FINCA: FINCA LAS FLORES<br>DNI: 1016-1980-00545<br>IMAGEN DNI: https://kf.kobotoolbox.org/api/v2/assets/ad7G92bXCJpMkqNXz97XDt/data/751882831/attachments/attUTUMryAqKcTYw5vz7FXYK/<br>EDAD: 45<br>RAZA: Criollo<br>VARIEDAD: <br>TOTAL PLANTAS: 22<br>PLANTAS EN PRODUCCION: 8<br>AREA EN MZ: 0,10<br>ANALISIS DE SUELO: No<br>IMAGEN ANALISIS: <br>FERTILIZA: No<br>FUMIGA: No<br>SISTEMA DE RIEGO: No<br>TIPO DE SISTEMA: <br>AREA CON RIEGO: <br>FUENTE DE AGUA: No<br>CAPACITACION: No<br>REALIZA PODAS: No<br>AFILIADO A ASPAH: No<br>CREDITO: No<br>TRABAJADORES PERMANENTES: No<br>CUANTOS TP: <br>TRANBAJADORES TEMPORALES: No<br>CUANTOS TT: <br>SALARIO POR DIA: 0<br>LIBRAS COSECHADAS: <br>UNIDADES COSECHADAS: <br>UNIDADES COSSECHADAS: 2000<br>MESES DE COSECHA: Marzo<br>DONDE VENDE: Mercado local, pulperias y en casa.<br>PRECIO LIBRA: <br>PRECIO UNIDAD: <br>PRECIO UNNIDAD: 18<br>TRANSPORTE DE COSECHA: Ninguno<br>IMAGEN PRODUCTOR: https://kf.kobotoolbox.org/api/v2/assets/ad7G92bXCJpMkqNXz97XDt/data/751882831/attachments/attv22otqdqvbHDNqEYEZshu/<br>OBSERVACION: Falta de apoyo y capacitación ellos requieren apoyo para aguacate y café <br>FIRMA: https://kf.kobotoolbox.org/api/v2/assets/ad7G92bXCJpMkqNXz97XDt/data/751882831/attachments/att5rM6MYepV5B3YAKjFXZEz/]]></description>
        <styleUrl>#icon-1899-FFD600</styleUrl>
        <ExtendedData>
          <Data name="﻿FECHA">
            <value>13/5/2026</value>
          </Data>
          <Data name="LATITUD">
            <value>14.2837559</value>
          </Data>
          <Data name="LONGITUD">
            <value>-88.2967172</value>
          </Data>
          <Data name="ALTITUD MSNM">
            <value>1700.0</value>
          </Data>
          <Data name="DEPARTAMENTO">
            <value>Intibuca</value>
          </Data>
          <Data name="MUNICIPIO">
            <value>Yaramanguila</value>
          </Data>
          <Data name="FINCA">
            <value>FINCA LAS FLORES</value>
          </Data>
          <Data name="DNI">
            <value>1016-1980-00545</value>
          </Data>
          <Data name="IMAGEN DNI">
            <value>https://kf.kobotoolbox.org/api/v2/assets/ad7G92bXCJpMkqNXz97XDt/data/751882831/attachments/attUTUMryAqKcTYw5vz7FXYK/</value>
          </Data>
          <Data name="EDAD">
            <value>45.0</value>
          </Data>
          <Data name="RAZA">
            <value>Criollo</value>
          </Data>
          <Data name="VARIEDAD">
            <value/>
          </Data>
          <Data name="TOTAL PLANTAS">
            <value>22.0</value>
          </Data>
          <Data name="PLANTAS EN PRODUCCION">
            <value>8.0</value>
          </Data>
          <Data name="AREA EN MZ">
            <value>0,10</value>
          </Data>
          <Data name="ANALISIS DE SUELO">
            <value>No</value>
          </Data>
          <Data name="IMAGEN ANALISIS">
            <value/>
          </Data>
          <Data name="FERTILIZA">
            <value>No</value>
          </Data>
          <Data name="FUMIGA">
            <value>No</value>
          </Data>
          <Data name="SISTEMA DE RIEGO">
            <value>No</value>
          </Data>
          <Data name="TIPO DE SISTEMA">
            <value/>
          </Data>
          <Data name="AREA CON RIEGO">
            <value/>
          </Data>
          <Data name="FUENTE DE AGUA">
            <value>No</value>
          </Data>
          <Data name="CAPACITACION">
            <value>No</value>
          </Data>
          <Data name="REALIZA PODAS">
            <value>No</value>
          </Data>
          <Data name="AFILIADO A ASPAH">
            <value>No</value>
          </Data>
          <Data name="CREDITO">
            <value>No</value>
          </Data>
          <Data name="TRABAJADORES PERMANENTES">
            <value>No</value>
          </Data>
          <Data name="CUANTOS TP">
            <value/>
          </Data>
          <Data name="TRANBAJADORES TEMPORALES">
            <value>No</value>
          </Data>
          <Data name="CUANTOS TT">
            <value/>
          </Data>
          <Data name="SALARIO POR DIA">
            <value>0.0</value>
          </Data>
          <Data name="LIBRAS COSECHADAS">
            <value/>
          </Data>
          <Data name="UNIDADES COSECHADAS">
            <value/>
          </Data>
          <Data name="UNIDADES COSSECHADAS">
            <value>2000.0</value>
          </Data>
          <Data name="MESES DE COSECHA">
            <value>Marzo</value>
          </Data>
          <Data name="DONDE VENDE">
            <value>Mercado local, pulperias y en casa.</value>
          </Data>
          <Data name="PRECIO LIBRA">
            <value/>
          </Data>
          <Data name="PRECIO UNIDAD">
            <value/>
          </Data>
          <Data name="PRECIO UNNIDAD">
            <value>18.0</value>
          </Data>
          <Data name="TRANSPORTE DE COSECHA">
            <value>Ninguno</value>
          </Data>
          <Data name="IMAGEN PRODUCTOR">
            <value>https://kf.kobotoolbox.org/api/v2/assets/ad7G92bXCJpMkqNXz97XDt/data/751882831/attachments/attv22otqdqvbHDNqEYEZshu/</value>
          </Data>
          <Data name="OBSERVACION">
            <value>Falta de apoyo y capacitación ellos requieren apoyo para aguacate y café </value>
          </Data>
          <Data name="FIRMA">
            <value>https://kf.kobotoolbox.org/api/v2/assets/ad7G92bXCJpMkqNXz97XDt/data/751882831/attachments/att5rM6MYepV5B3YAKjFXZEz/</value>
          </Data>
        </ExtendedData>
        <Point>
          <coordinates>
            -88.2967172,14.2837559,0
          </coordinates>
        </Point>
      </Placemark>
      <Placemark>
        <name>MA ESTENIA GARCIA</name>
        <description><![CDATA[﻿FECHA: 14/5/2026<br>LATITUD: 14.2840588<br>LONGITUD: -88.2938901<br>ALTITUD MSNM: 1764<br>DEPARTAMENTO: Intibuca<br>MUNICIPIO: Yaramanguila<br>FINCA: FINCA GARCÍA <br>DNI: 1016-1961-00125<br>IMAGEN DNI: https://kf.kobotoolbox.org/api/v2/assets/ad7G92bXCJpMkqNXz97XDt/data/752517970/attachments/attt958papxZjfJjKuvkQQ77/<br>EDAD: 65<br>RAZA: Hass<br>VARIEDAD: <br>TOTAL PLANTAS: 20<br>PLANTAS EN PRODUCCION: 0<br>AREA EN MZ: 0,10<br>ANALISIS DE SUELO: No<br>IMAGEN ANALISIS: <br>FERTILIZA: No<br>FUMIGA: No<br>SISTEMA DE RIEGO: No<br>TIPO DE SISTEMA: <br>AREA CON RIEGO: <br>FUENTE DE AGUA: No<br>CAPACITACION: No<br>REALIZA PODAS: No<br>AFILIADO A ASPAH: No<br>CREDITO: No<br>TRABAJADORES PERMANENTES: No<br>CUANTOS TP: <br>TRANBAJADORES TEMPORALES: No<br>CUANTOS TT: <br>SALARIO POR DIA: 100<br>LIBRAS COSECHADAS: 0<br>UNIDADES COSECHADAS: <br>UNIDADES COSSECHADAS: <br>MESES DE COSECHA: Diciembre<br>DONDE VENDE: No he vendido aún.<br>PRECIO LIBRA: 0<br>PRECIO UNIDAD: <br>PRECIO UNNIDAD: <br>TRANSPORTE DE COSECHA: Ninguno<br>IMAGEN PRODUCTOR: https://kf.kobotoolbox.org/api/v2/assets/ad7G92bXCJpMkqNXz97XDt/data/752517970/attachments/attmyw4MHjCsaeXxTa3wAp6i/<br>OBSERVACION: Falta de apoyo a pequeños productores <br>FIRMA: https://kf.kobotoolbox.org/api/v2/assets/ad7G92bXCJpMkqNXz97XDt/data/752517970/attachments/attdCEBzPwYNFWUqR7rejAFr/]]></description>
        <styleUrl>#icon-1899-FFD600</styleUrl>
        <ExtendedData>
          <Data name="﻿FECHA">
            <value>14/5/2026</value>
          </Data>
          <Data name="LATITUD">
            <value>14.2840588</value>
          </Data>
          <Data name="LONGITUD">
            <value>-88.2938901</value>
          </Data>
          <Data name="ALTITUD MSNM">
            <value>1764.0</value>
          </Data>
          <Data name="DEPARTAMENTO">
            <value>Intibuca</value>
          </Data>
          <Data name="MUNICIPIO">
            <value>Yaramanguila</value>
          </Data>
          <Data name="FINCA">
            <value>FINCA GARCÍA </value>
          </Data>
          <Data name="DNI">
            <value>1016-1961-00125</value>
          </Data>
          <Data name="IMAGEN DNI">
            <value>https://kf.kobotoolbox.org/api/v2/assets/ad7G92bXCJpMkqNXz97XDt/data/752517970/attachments/attt958papxZjfJjKuvkQQ77/</value>
          </Data>
          <Data name="EDAD">
            <value>65.0</value>
          </Data>
          <Data name="RAZA">
            <value>Hass</value>
          </Data>
          <Data name="VARIEDAD">
            <value/>
          </Data>
          <Data name="TOTAL PLANTAS">
            <value>20.0</value>
          </Data>
          <Data name="PLANTAS EN PRODUCCION">
            <value>0.0</value>
          </Data>
          <Data name="AREA EN MZ">
            <value>0,10</value>
          </Data>
          <Data name="ANALISIS DE SUELO">
            <value>No</value>
          </Data>
          <Data name="IMAGEN ANALISIS">
            <value/>
          </Data>
          <Data name="FERTILIZA">
            <value>No</value>
          </Data>
          <Data name="FUMIGA">
            <value>No</value>
          </Data>
          <Data name="SISTEMA DE RIEGO">
            <value>No</value>
          </Data>
          <Data name="TIPO DE SISTEMA">
            <value/>
          </Data>
          <Data name="AREA CON RIEGO">
            <value/>
          </Data>
          <Data name="FUENTE DE AGUA">
            <value>No</value>
          </Data>
          <Data name="CAPACITACION">
            <value>No</value>
          </Data>
          <Data name="REALIZA PODAS">
            <value>No</value>
          </Data>
          <Data name="AFILIADO A ASPAH">
            <value>No</value>
          </Data>
          <Data name="CREDITO">
            <value>No</value>
          </Data>
          <Data name="TRABAJADORES PERMANENTES">
            <value>No</value>
          </Data>
          <Data name="CUANTOS TP">
            <value/>
          </Data>
          <Data name="TRANBAJADORES TEMPORALES">
            <value>No</value>
          </Data>
          <Data name="CUANTOS TT">
            <value/>
          </Data>
          <Data name="SALARIO POR DIA">
            <value>100.0</value>
          </Data>
          <Data name="LIBRAS COSECHADAS">
            <value>0.0</value>
          </Data>
          <Data name="UNIDADES COSECHADAS">
            <value/>
          </Data>
          <Data name="UNIDADES COSSECHADAS">
            <value/>
          </Data>
          <Data name="MESES DE COSECHA">
            <value>Diciembre</value>
          </Data>
          <Data name="DONDE VENDE">
            <value>No he vendido aún.</value>
          </Data>
          <Data name="PRECIO LIBRA">
            <value>0.0</value>
          </Data>
          <Data name="PRECIO UNIDAD">
            <value/>
          </Data>
          <Data name="PRECIO UNNIDAD">
            <value/>
          </Data>
          <Data name="TRANSPORTE DE COSECHA">
            <value>Ninguno</value>
          </Data>
          <Data name="IMAGEN PRODUCTOR">
            <value>https://kf.kobotoolbox.org/api/v2/assets/ad7G92bXCJpMkqNXz97XDt/data/752517970/attachments/attmyw4MHjCsaeXxTa3wAp6i/</value>
          </Data>
          <Data name="OBSERVACION">
            <value>Falta de apoyo a pequeños productores </value>
          </Data>
          <Data name="FIRMA">
            <value>https://kf.kobotoolbox.org/api/v2/assets/ad7G92bXCJpMkqNXz97XDt/data/752517970/attachments/attdCEBzPwYNFWUqR7rejAFr/</value>
          </Data>
        </ExtendedData>
        <Point>
          <coordinates>
            -88.2938901,14.2840588,0
          </coordinates>
        </Point>
      </Placemark>
      <Placemark>
        <name>DORA LILIAN LOPEZ GARCÍA</name>
        <description><![CDATA[﻿FECHA: 14/5/2026<br>LATITUD: 14.2838732<br>LONGITUD: -88.2934925<br>ALTITUD MSNM: 1721<br>DEPARTAMENTO: Intibuca<br>MUNICIPIO: Yaramanguila<br>FINCA: FINCA LOPEZ<br>DNI: 1016-1986-00494<br>IMAGEN DNI: https://kf.kobotoolbox.org/api/v2/assets/ad7G92bXCJpMkqNXz97XDt/data/752539025/attachments/attNjrFsUHDfowe8ohekAStq/<br>EDAD: 39<br>RAZA: Hass<br>VARIEDAD: <br>TOTAL PLANTAS: 25<br>PLANTAS EN PRODUCCION: 0<br>AREA EN MZ: 0,10<br>ANALISIS DE SUELO: No<br>IMAGEN ANALISIS: <br>FERTILIZA: Si<br>FUMIGA: Si<br>SISTEMA DE RIEGO: No<br>TIPO DE SISTEMA: <br>AREA CON RIEGO: <br>FUENTE DE AGUA: No<br>CAPACITACION: No<br>REALIZA PODAS: No<br>AFILIADO A ASPAH: No<br>CREDITO: No<br>TRABAJADORES PERMANENTES: No<br>CUANTOS TP: <br>TRANBAJADORES TEMPORALES: No<br>CUANTOS TT: <br>SALARIO POR DIA: 100<br>LIBRAS COSECHADAS: 0<br>UNIDADES COSECHADAS: <br>UNIDADES COSSECHADAS: <br>MESES DE COSECHA: Diciembre<br>DONDE VENDE: No he vendido aún.<br>PRECIO LIBRA: 0<br>PRECIO UNIDAD: <br>PRECIO UNNIDAD: <br>TRANSPORTE DE COSECHA: Ninguno<br>IMAGEN PRODUCTOR: https://kf.kobotoolbox.org/api/v2/assets/ad7G92bXCJpMkqNXz97XDt/data/752539025/attachments/attp4Z3HVe6CyXAGLt3Spge4/<br>OBSERVACION: Falta de apoyo requieren un buen vivero ya que los sercanos no venden buena planta<br>FIRMA: https://kf.kobotoolbox.org/api/v2/assets/ad7G92bXCJpMkqNXz97XDt/data/752539025/attachments/attusLWG8DoVoGkGxLThiYdg/]]></description>
        <styleUrl>#icon-1899-FFD600</styleUrl>
        <ExtendedData>
          <Data name="﻿FECHA">
            <value>14/5/2026</value>
          </Data>
          <Data name="LATITUD">
            <value>14.2838732</value>
          </Data>
          <Data name="LONGITUD">
            <value>-88.2934925</value>
          </Data>
          <Data name="ALTITUD MSNM">
            <value>1721.0</value>
          </Data>
          <Data name="DEPARTAMENTO">
            <value>Intibuca</value>
          </Data>
          <Data name="MUNICIPIO">
            <value>Yaramanguila</value>
          </Data>
          <Data name="FINCA">
            <value>FINCA LOPEZ</value>
          </Data>
          <Data name="DNI">
            <value>1016-1986-00494</value>
          </Data>
          <Data name="IMAGEN DNI">
            <value>https://kf.kobotoolbox.org/api/v2/assets/ad7G92bXCJpMkqNXz97XDt/data/752539025/attachments/attNjrFsUHDfowe8ohekAStq/</value>
          </Data>
          <Data name="EDAD">
            <value>39.0</value>
          </Data>
          <Data name="RAZA">
            <value>Hass</value>
          </Data>
          <Data name="VARIEDAD">
            <value/>
          </Data>
          <Data name="TOTAL PLANTAS">
            <value>25.0</value>
          </Data>
          <Data name="PLANTAS EN PRODUCCION">
            <value>0.0</value>
          </Data>
          <Data name="AREA EN MZ">
            <value>0,10</value>
          </Data>
          <Data name="ANALISIS DE SUELO">
            <value>No</value>
          </Data>
          <Data name="IMAGEN ANALISIS">
            <value/>
          </Data>
          <Data name="FERTILIZA">
            <value>Si</value>
          </Data>
          <Data name="FUMIGA">
            <value>Si</value>
          </Data>
          <Data name="SISTEMA DE RIEGO">
            <value>No</value>
          </Data>
          <Data name="TIPO DE SISTEMA">
            <value/>
          </Data>
          <Data name="AREA CON RIEGO">
            <value/>
          </Data>
          <Data name="FUENTE DE AGUA">
            <value>No</value>
          </Data>
          <Data name="CAPACITACION">
            <value>No</value>
          </Data>
          <Data name="REALIZA PODAS">
            <value>No</value>
          </Data>
          <Data name="AFILIADO A ASPAH">
            <value>No</value>
          </Data>
          <Data name="CREDITO">
            <value>No</value>
          </Data>
          <Data name="TRABAJADORES PERMANENTES">
            <value>No</value>
          </Data>
          <Data name="CUANTOS TP">
            <value/>
          </Data>
          <Data name="TRANBAJADORES TEMPORALES">
            <value>No</value>
          </Data>
          <Data name="CUANTOS TT">
            <value/>
          </Data>
          <Data name="SALARIO POR DIA">
            <value>100.0</value>
          </Data>
          <Data name="LIBRAS COSECHADAS">
            <value>0.0</value>
          </Data>
          <Data name="UNIDADES COSECHADAS">
            <value/>
          </Data>
          <Data name="UNIDADES COSSECHADAS">
            <value/>
          </Data>
          <Data name="MESES DE COSECHA">
            <value>Diciembre</value>
          </Data>
          <Data name="DONDE VENDE">
            <value>No he vendido aún.</value>
          </Data>
          <Data name="PRECIO LIBRA">
            <value>0.0</value>
          </Data>
          <Data name="PRECIO UNIDAD">
            <value/>
          </Data>
          <Data name="PRECIO UNNIDAD">
            <value/>
          </Data>
          <Data name="TRANSPORTE DE COSECHA">
            <value>Ninguno</value>
          </Data>
          <Data name="IMAGEN PRODUCTOR">
            <value>https://kf.kobotoolbox.org/api/v2/assets/ad7G92bXCJpMkqNXz97XDt/data/752539025/attachments/attp4Z3HVe6CyXAGLt3Spge4/</value>
          </Data>
          <Data name="OBSERVACION">
            <value>Falta de apoyo requieren un buen vivero ya que los sercanos no venden buena planta</value>
          </Data>
          <Data name="FIRMA">
            <value>https://kf.kobotoolbox.org/api/v2/assets/ad7G92bXCJpMkqNXz97XDt/data/752539025/attachments/attusLWG8DoVoGkGxLThiYdg/</value>
          </Data>
        </ExtendedData>
        <Point>
          <coordinates>
            -88.2934925,14.2838732,0
          </coordinates>
        </Point>
      </Placemark>
      <Placemark>
        <name>DIGNA LOPEZ GARCÍA </name>
        <description><![CDATA[﻿FECHA: 14/5/2026<br>LATITUD: 14.2829373<br>LONGITUD: -88.2941699<br>ALTITUD MSNM: 1750<br>DEPARTAMENTO: Intibuca<br>MUNICIPIO: Yaramanguila<br>FINCA: FINCA LOS AGUACATES <br>DNI: 1016-1989-00328<br>IMAGEN DNI: https://kf.kobotoolbox.org/api/v2/assets/ad7G92bXCJpMkqNXz97XDt/data/752549065/attachments/attutSMJUZ7XJgMG6NQbgVkK/<br>EDAD: 36<br>RAZA: Hass<br>VARIEDAD: <br>TOTAL PLANTAS: 25<br>PLANTAS EN PRODUCCION: 0<br>AREA EN MZ: 0,10<br>ANALISIS DE SUELO: No<br>IMAGEN ANALISIS: <br>FERTILIZA: No<br>FUMIGA: No<br>SISTEMA DE RIEGO: No<br>TIPO DE SISTEMA: <br>AREA CON RIEGO: <br>FUENTE DE AGUA: No<br>CAPACITACION: No<br>REALIZA PODAS: No<br>AFILIADO A ASPAH: No<br>CREDITO: No<br>TRABAJADORES PERMANENTES: No<br>CUANTOS TP: <br>TRANBAJADORES TEMPORALES: No<br>CUANTOS TT: <br>SALARIO POR DIA: 0<br>LIBRAS COSECHADAS: 0<br>UNIDADES COSECHADAS: <br>UNIDADES COSSECHADAS: <br>MESES DE COSECHA: Diciembre<br>DONDE VENDE: No he vendido aún.<br>PRECIO LIBRA: 0<br>PRECIO UNIDAD: <br>PRECIO UNNIDAD: <br>TRANSPORTE DE COSECHA: Ninguno<br>IMAGEN PRODUCTOR: https://kf.kobotoolbox.org/api/v2/assets/ad7G92bXCJpMkqNXz97XDt/data/752549065/attachments/attr65B2GERa9DdLxJUBxMZs/<br>OBSERVACION: Madre soltera necesitan apoyo en este rubro <br>FIRMA: https://kf.kobotoolbox.org/api/v2/assets/ad7G92bXCJpMkqNXz97XDt/data/752549065/attachments/attmBGyeirpQevYCJTW322u8/]]></description>
        <styleUrl>#icon-1899-FFD600</styleUrl>
        <ExtendedData>
          <Data name="﻿FECHA">
            <value>14/5/2026</value>
          </Data>
          <Data name="LATITUD">
            <value>14.2829373</value>
          </Data>
          <Data name="LONGITUD">
            <value>-88.2941699</value>
          </Data>
          <Data name="ALTITUD MSNM">
            <value>1750.0</value>
          </Data>
          <Data name="DEPARTAMENTO">
            <value>Intibuca</value>
          </Data>
          <Data name="MUNICIPIO">
            <value>Yaramanguila</value>
          </Data>
          <Data name="FINCA">
            <value>FINCA LOS AGUACATES </value>
          </Data>
          <Data name="DNI">
            <value>1016-1989-00328</value>
          </Data>
          <Data name="IMAGEN DNI">
            <value>https://kf.kobotoolbox.org/api/v2/assets/ad7G92bXCJpMkqNXz97XDt/data/752549065/attachments/attutSMJUZ7XJgMG6NQbgVkK/</value>
          </Data>
          <Data name="EDAD">
            <value>36.0</value>
          </Data>
          <Data name="RAZA">
            <value>Hass</value>
          </Data>
          <Data name="VARIEDAD">
            <value/>
          </Data>
          <Data name="TOTAL PLANTAS">
            <value>25.0</value>
          </Data>
          <Data name="PLANTAS EN PRODUCCION">
            <value>0.0</value>
          </Data>
          <Data name="AREA EN MZ">
            <value>0,10</value>
          </Data>
          <Data name="ANALISIS DE SUELO">
            <value>No</value>
          </Data>
          <Data name="IMAGEN ANALISIS">
            <value/>
          </Data>
          <Data name="FERTILIZA">
            <value>No</value>
          </Data>
          <Data name="FUMIGA">
            <value>No</value>
          </Data>
          <Data name="SISTEMA DE RIEGO">
            <value>No</value>
          </Data>
          <Data name="TIPO DE SISTEMA">
            <value/>
          </Data>
          <Data name="AREA CON RIEGO">
            <value/>
          </Data>
          <Data name="FUENTE DE AGUA">
            <value>No</value>
          </Data>
          <Data name="CAPACITACION">
            <value>No</value>
          </Data>
          <Data name="REALIZA PODAS">
            <value>No</value>
          </Data>
          <Data name="AFILIADO A ASPAH">
            <value>No</value>
          </Data>
          <Data name="CREDITO">
            <value>No</value>
          </Data>
          <Data name="TRABAJADORES PERMANENTES">
            <value>No</value>
          </Data>
          <Data name="CUANTOS TP">
            <value/>
          </Data>
          <Data name="TRANBAJADORES TEMPORALES">
            <value>No</value>
          </Data>
          <Data name="CUANTOS TT">
            <value/>
          </Data>
          <Data name="SALARIO POR DIA">
            <value>0.0</value>
          </Data>
          <Data name="LIBRAS COSECHADAS">
            <value>0.0</value>
          </Data>
          <Data name="UNIDADES COSECHADAS">
            <value/>
          </Data>
          <Data name="UNIDADES COSSECHADAS">
            <value/>
          </Data>
          <Data name="MESES DE COSECHA">
            <value>Diciembre</value>
          </Data>
          <Data name="DONDE VENDE">
            <value>No he vendido aún.</value>
          </Data>
          <Data name="PRECIO LIBRA">
            <value>0.0</value>
          </Data>
          <Data name="PRECIO UNIDAD">
            <value/>
          </Data>
          <Data name="PRECIO UNNIDAD">
            <value/>
          </Data>
          <Data name="TRANSPORTE DE COSECHA">
            <value>Ninguno</value>
          </Data>
          <Data name="IMAGEN PRODUCTOR">
            <value>https://kf.kobotoolbox.org/api/v2/assets/ad7G92bXCJpMkqNXz97XDt/data/752549065/attachments/attr65B2GERa9DdLxJUBxMZs/</value>
          </Data>
          <Data name="OBSERVACION">
            <value>Madre soltera necesitan apoyo en este rubro </value>
          </Data>
          <Data name="FIRMA">
            <value>https://kf.kobotoolbox.org/api/v2/assets/ad7G92bXCJpMkqNXz97XDt/data/752549065/attachments/attmBGyeirpQevYCJTW322u8/</value>
          </Data>
        </ExtendedData>
        <Point>
          <coordinates>
            -88.2941699,14.2829373,0
          </coordinates>
        </Point>
      </Placemark>
      <Placemark>
        <name>SINDY MARISOL LÓPEZ VÁZQUEZ </name>
        <description><![CDATA[﻿FECHA: 14/5/2026<br>LATITUD: 14.2828535<br>LONGITUD: -88.2947131<br>ALTITUD MSNM: 1743<br>DEPARTAMENTO: Intibuca<br>MUNICIPIO: Yaramanguila<br>FINCA: FINCA HASLIN<br>DNI: 1016-2002-00228<br>IMAGEN DNI: https://kf.kobotoolbox.org/api/v2/assets/ad7G92bXCJpMkqNXz97XDt/data/752568458/attachments/attBJcXWvgzQgFjGEsxWqxyR/<br>EDAD: 23<br>RAZA: Hass<br>VARIEDAD: <br>TOTAL PLANTAS: 60<br>PLANTAS EN PRODUCCION: 30<br>AREA EN MZ: O,30<br>ANALISIS DE SUELO: No<br>IMAGEN ANALISIS: <br>FERTILIZA: Si<br>FUMIGA: Si<br>SISTEMA DE RIEGO: No<br>TIPO DE SISTEMA: <br>AREA CON RIEGO: <br>FUENTE DE AGUA: No<br>CAPACITACION: No<br>REALIZA PODAS: No<br>AFILIADO A ASPAH: No<br>CREDITO: No<br>TRABAJADORES PERMANENTES: No<br>CUANTOS TP: <br>TRANBAJADORES TEMPORALES: No<br>CUANTOS TT: <br>SALARIO POR DIA: 200<br>LIBRAS COSECHADAS: 1500<br>UNIDADES COSECHADAS: <br>UNIDADES COSSECHADAS: <br>MESES DE COSECHA: Diciembre<br>DONDE VENDE: Mercado local, pulperias y en casa.<br>PRECIO LIBRA: 20<br>PRECIO UNIDAD: <br>PRECIO UNNIDAD: <br>TRANSPORTE DE COSECHA: Vehiculo contratado<br>IMAGEN PRODUCTOR: https://kf.kobotoolbox.org/api/v2/assets/ad7G92bXCJpMkqNXz97XDt/data/752568458/attachments/attiqaonRAuoNSyniensWeaM/<br>OBSERVACION: Más asistencia <br>FIRMA: https://kf.kobotoolbox.org/api/v2/assets/ad7G92bXCJpMkqNXz97XDt/data/752568458/attachments/attcLEWXK4oGuFXYF3if6gHi/]]></description>
        <styleUrl>#icon-1899-FFD600</styleUrl>
        <ExtendedData>
          <Data name="﻿FECHA">
            <value>14/5/2026</value>
          </Data>
          <Data name="LATITUD">
            <value>14.2828535</value>
          </Data>
          <Data name="LONGITUD">
            <value>-88.2947131</value>
          </Data>
          <Data name="ALTITUD MSNM">
            <value>1743.0</value>
          </Data>
          <Data name="DEPARTAMENTO">
            <value>Intibuca</value>
          </Data>
          <Data name="MUNICIPIO">
            <value>Yaramanguila</value>
          </Data>
          <Data name="FINCA">
            <value>FINCA HASLIN</value>
          </Data>
          <Data name="DNI">
            <value>1016-2002-00228</value>
          </Data>
          <Data name="IMAGEN DNI">
            <value>https://kf.kobotoolbox.org/api/v2/assets/ad7G92bXCJpMkqNXz97XDt/data/752568458/attachments/attBJcXWvgzQgFjGEsxWqxyR/</value>
          </Data>
          <Data name="EDAD">
            <value>23.0</value>
          </Data>
          <Data name="RAZA">
            <value>Hass</value>
          </Data>
          <Data name="VARIEDAD">
            <value/>
          </Data>
          <Data name="TOTAL PLANTAS">
            <value>60.0</value>
          </Data>
          <Data name="PLANTAS EN PRODUCCION">
            <value>30.0</value>
          </Data>
          <Data name="AREA EN MZ">
            <value>O,30</value>
          </Data>
          <Data name="ANALISIS DE SUELO">
            <value>No</value>
          </Data>
          <Data name="IMAGEN ANALISIS">
            <value/>
          </Data>
          <Data name="FERTILIZA">
            <value>Si</value>
          </Data>
          <Data name="FUMIGA">
            <value>Si</value>
          </Data>
          <Data name="SISTEMA DE RIEGO">
            <value>No</value>
          </Data>
          <Data name="TIPO DE SISTEMA">
            <value/>
          </Data>
          <Data name="AREA CON RIEGO">
            <value/>
          </Data>
          <Data name="FUENTE DE AGUA">
            <value>No</value>
          </Data>
          <Data name="CAPACITACION">
            <value>No</value>
          </Data>
          <Data name="REALIZA PODAS">
            <value>No</value>
          </Data>
          <Data name="AFILIADO A ASPAH">
            <value>No</value>
          </Data>
          <Data name="CREDITO">
            <value>No</value>
          </Data>
          <Data name="TRABAJADORES PERMANENTES">
            <value>No</value>
          </Data>
          <Data name="CUANTOS TP">
            <value/>
          </Data>
          <Data name="TRANBAJADORES TEMPORALES">
            <value>No</value>
          </Data>
          <Data name="CUANTOS TT">
            <value/>
          </Data>
          <Data name="SALARIO POR DIA">
            <value>200.0</value>
          </Data>
          <Data name="LIBRAS COSECHADAS">
            <value>1500.0</value>
          </Data>
          <Data name="UNIDADES COSECHADAS">
            <value/>
          </Data>
          <Data name="UNIDADES COSSECHADAS">
            <value/>
          </Data>
          <Data name="MESES DE COSECHA">
            <value>Diciembre</value>
          </Data>
          <Data name="DONDE VENDE">
            <value>Mercado local, pulperias y en casa.</value>
          </Data>
          <Data name="PRECIO LIBRA">
            <value>20.0</value>
          </Data>
          <Data name="PRECIO UNIDAD">
            <value/>
          </Data>
          <Data name="PRECIO UNNIDAD">
            <value/>
          </Data>
          <Data name="TRANSPORTE DE COSECHA">
            <value>Vehiculo contratado</value>
          </Data>
          <Data name="IMAGEN PRODUCTOR">
            <value>https://kf.kobotoolbox.org/api/v2/assets/ad7G92bXCJpMkqNXz97XDt/data/752568458/attachments/attiqaonRAuoNSyniensWeaM/</value>
          </Data>
          <Data name="OBSERVACION">
            <value>Más asistencia </value>
          </Data>
          <Data name="FIRMA">
            <value>https://kf.kobotoolbox.org/api/v2/assets/ad7G92bXCJpMkqNXz97XDt/data/752568458/attachments/attcLEWXK4oGuFXYF3if6gHi/</value>
          </Data>
        </ExtendedData>
        <Point>
          <coordinates>
            -88.2947131,14.2828535,0
          </coordinates>
        </Point>
      </Placemark>
      <Placemark>
        <name>JOSE EFRAÍN LOPEZ SÁNCHEZ </name>
        <description><![CDATA[﻿FECHA: 14/5/2026<br>LATITUD: 14.2826887<br>LONGITUD: -88.2955483<br>ALTITUD MSNM: 1742<br>DEPARTAMENTO: Intibuca<br>MUNICIPIO: Yaramanguila<br>FINCA: LA BENDICIÓN 1<br>DNI: 1016-1987-00493<br>IMAGEN DNI: https://kf.kobotoolbox.org/api/v2/assets/ad7G92bXCJpMkqNXz97XDt/data/752728962/attachments/attAC5ZD9Z9wnUaEtHX973yf/<br>EDAD: 38<br>RAZA: Hass<br>VARIEDAD: <br>TOTAL PLANTAS: 29<br>PLANTAS EN PRODUCCION: 0<br>AREA EN MZ: 0,10<br>ANALISIS DE SUELO: No<br>IMAGEN ANALISIS: <br>FERTILIZA: No<br>FUMIGA: No<br>SISTEMA DE RIEGO: No<br>TIPO DE SISTEMA: <br>AREA CON RIEGO: <br>FUENTE DE AGUA: No<br>CAPACITACION: No<br>REALIZA PODAS: No<br>AFILIADO A ASPAH: No<br>CREDITO: No<br>TRABAJADORES PERMANENTES: No<br>CUANTOS TP: <br>TRANBAJADORES TEMPORALES: No<br>CUANTOS TT: <br>SALARIO POR DIA: 300<br>LIBRAS COSECHADAS: 0<br>UNIDADES COSECHADAS: <br>UNIDADES COSSECHADAS: <br>MESES DE COSECHA: Diciembre<br>DONDE VENDE: No he vendido aún.<br>PRECIO LIBRA: 0<br>PRECIO UNIDAD: <br>PRECIO UNNIDAD: <br>TRANSPORTE DE COSECHA: Ninguno<br>IMAGEN PRODUCTOR: https://kf.kobotoolbox.org/api/v2/assets/ad7G92bXCJpMkqNXz97XDt/data/752728962/attachments/atttko4jiTWZtVuLcKZiVf6z/<br>OBSERVACION: Falta de manejo <br>FIRMA: https://kf.kobotoolbox.org/api/v2/assets/ad7G92bXCJpMkqNXz97XDt/data/752728962/attachments/attutkeAttgMhRYb9UWueEoM/]]></description>
        <styleUrl>#icon-1899-FFD600</styleUrl>
        <ExtendedData>
          <Data name="﻿FECHA">
            <value>14/5/2026</value>
          </Data>
          <Data name="LATITUD">
            <value>14.2826887</value>
          </Data>
          <Data name="LONGITUD">
            <value>-88.2955483</value>
          </Data>
          <Data name="ALTITUD MSNM">
            <value>1742.0</value>
          </Data>
          <Data name="DEPARTAMENTO">
            <value>Intibuca</value>
          </Data>
          <Data name="MUNICIPIO">
            <value>Yaramanguila</value>
          </Data>
          <Data name="FINCA">
            <value>LA BENDICIÓN 1</value>
          </Data>
          <Data name="DNI">
            <value>1016-1987-00493</value>
          </Data>
          <Data name="IMAGEN DNI">
            <value>https://kf.kobotoolbox.org/api/v2/assets/ad7G92bXCJpMkqNXz97XDt/data/752728962/attachments/attAC5ZD9Z9wnUaEtHX973yf/</value>
          </Data>
          <Data name="EDAD">
            <value>38.0</value>
          </Data>
          <Data name="RAZA">
            <value>Hass</value>
          </Data>
          <Data name="VARIEDAD">
            <value/>
          </Data>
          <Data name="TOTAL PLANTAS">
            <value>29.0</value>
          </Data>
          <Data name="PLANTAS EN PRODUCCION">
            <value>0.0</value>
          </Data>
          <Data name="AREA EN MZ">
            <value>0,10</value>
          </Data>
          <Data name="ANALISIS DE SUELO">
            <value>No</value>
          </Data>
          <Data name="IMAGEN ANALISIS">
            <value/>
          </Data>
          <Data name="FERTILIZA">
            <value>No</value>
          </Data>
          <Data name="FUMIGA">
            <value>No</value>
          </Data>
          <Data name="SISTEMA DE RIEGO">
            <value>No</value>
          </Data>
          <Data name="TIPO DE SISTEMA">
            <value/>
          </Data>
          <Data name="AREA CON RIEGO">
            <value/>
          </Data>
          <Data name="FUENTE DE AGUA">
            <value>No</value>
          </Data>
          <Data name="CAPACITACION">
            <value>No</value>
          </Data>
          <Data name="REALIZA PODAS">
            <value>No</value>
          </Data>
          <Data name="AFILIADO A ASPAH">
            <value>No</value>
          </Data>
          <Data name="CREDITO">
            <value>No</value>
          </Data>
          <Data name="TRABAJADORES PERMANENTES">
            <value>No</value>
          </Data>
          <Data name="CUANTOS TP">
            <value/>
          </Data>
          <Data name="TRANBAJADORES TEMPORALES">
            <value>No</value>
          </Data>
          <Data name="CUANTOS TT">
            <value/>
          </Data>
          <Data name="SALARIO POR DIA">
            <value>300.0</value>
          </Data>
          <Data name="LIBRAS COSECHADAS">
            <value>0.0</value>
          </Data>
          <Data name="UNIDADES COSECHADAS">
            <value/>
          </Data>
          <Data name="UNIDADES COSSECHADAS">
            <value/>
          </Data>
          <Data name="MESES DE COSECHA">
            <value>Diciembre</value>
          </Data>
          <Data name="DONDE VENDE">
            <value>No he vendido aún.</value>
          </Data>
          <Data name="PRECIO LIBRA">
            <value>0.0</value>
          </Data>
          <Data name="PRECIO UNIDAD">
            <value/>
          </Data>
          <Data name="PRECIO UNNIDAD">
            <value/>
          </Data>
          <Data name="TRANSPORTE DE COSECHA">
            <value>Ninguno</value>
          </Data>
          <Data name="IMAGEN PRODUCTOR">
            <value>https://kf.kobotoolbox.org/api/v2/assets/ad7G92bXCJpMkqNXz97XDt/data/752728962/attachments/atttko4jiTWZtVuLcKZiVf6z/</value>
          </Data>
          <Data name="OBSERVACION">
            <value>Falta de manejo </value>
          </Data>
          <Data name="FIRMA">
            <value>https://kf.kobotoolbox.org/api/v2/assets/ad7G92bXCJpMkqNXz97XDt/data/752728962/attachments/attutkeAttgMhRYb9UWueEoM/</value>
          </Data>
        </ExtendedData>
        <Point>
          <coordinates>
            -88.2955483,14.2826887,0
          </coordinates>
        </Point>
      </Placemark>
      <Placemark>
        <name>JOSE OFELIO LOPEZ </name>
        <description><![CDATA[﻿FECHA: 14/5/2026<br>LATITUD: 14.2812301<br>LONGITUD: -88.2943606<br>ALTITUD MSNM: 1732<br>DEPARTAMENTO: Intibuca<br>MUNICIPIO: Yaramanguila<br>FINCA: FINCA LOPEZ <br>DNI: 1016-1954-00070<br>IMAGEN DNI: <br>EDAD: 74<br>RAZA: Hass<br>VARIEDAD: <br>TOTAL PLANTAS: 25<br>PLANTAS EN PRODUCCION: 20<br>AREA EN MZ: 0,10<br>ANALISIS DE SUELO: No<br>IMAGEN ANALISIS: <br>FERTILIZA: Si<br>FUMIGA: Si<br>SISTEMA DE RIEGO: No<br>TIPO DE SISTEMA: <br>AREA CON RIEGO: <br>FUENTE DE AGUA: No<br>CAPACITACION: No<br>REALIZA PODAS: No<br>AFILIADO A ASPAH: No<br>CREDITO: No<br>TRABAJADORES PERMANENTES: No<br>CUANTOS TP: <br>TRANBAJADORES TEMPORALES: Si<br>CUANTOS TT: 4<br>SALARIO POR DIA: 300<br>LIBRAS COSECHADAS: 3500<br>UNIDADES COSECHADAS: <br>UNIDADES COSSECHADAS: <br>MESES DE COSECHA: Diciembre<br>DONDE VENDE: Mercado local, pulperias y en casa.<br>PRECIO LIBRA: 18<br>PRECIO UNIDAD: <br>PRECIO UNNIDAD: <br>TRANSPORTE DE COSECHA: Vehiculo contratado<br>IMAGEN PRODUCTOR: https://kf.kobotoolbox.org/api/v2/assets/ad7G92bXCJpMkqNXz97XDt/data/752728975/attachments/atte9fopT7UUeTY5nqvPrnZT/<br>OBSERVACION: Falta de riego<br>FIRMA: https://kf.kobotoolbox.org/api/v2/assets/ad7G92bXCJpMkqNXz97XDt/data/752728975/attachments/attegbdubtiihYsPJXCieUQu/]]></description>
        <styleUrl>#icon-1899-FFD600</styleUrl>
        <ExtendedData>
          <Data name="﻿FECHA">
            <value>14/5/2026</value>
          </Data>
          <Data name="LATITUD">
            <value>14.2812301</value>
          </Data>
          <Data name="LONGITUD">
            <value>-88.2943606</value>
          </Data>
          <Data name="ALTITUD MSNM">
            <value>1732.0</value>
          </Data>
          <Data name="DEPARTAMENTO">
            <value>Intibuca</value>
          </Data>
          <Data name="MUNICIPIO">
            <value>Yaramanguila</value>
          </Data>
          <Data name="FINCA">
            <value>FINCA LOPEZ </value>
          </Data>
          <Data name="DNI">
            <value>1016-1954-00070</value>
          </Data>
          <Data name="IMAGEN DNI">
            <value/>
          </Data>
          <Data name="EDAD">
            <value>74.0</value>
          </Data>
          <Data name="RAZA">
            <value>Hass</value>
          </Data>
          <Data name="VARIEDAD">
            <value/>
          </Data>
          <Data name="TOTAL PLANTAS">
            <value>25.0</value>
          </Data>
          <Data name="PLANTAS EN PRODUCCION">
            <value>20.0</value>
          </Data>
          <Data name="AREA EN MZ">
            <value>0,10</value>
          </Data>
          <Data name="ANALISIS DE SUELO">
            <value>No</value>
          </Data>
          <Data name="IMAGEN ANALISIS">
            <value/>
          </Data>
          <Data name="FERTILIZA">
            <value>Si</value>
          </Data>
          <Data name="FUMIGA">
            <value>Si</value>
          </Data>
          <Data name="SISTEMA DE RIEGO">
            <value>No</value>
          </Data>
          <Data name="TIPO DE SISTEMA">
            <value/>
          </Data>
          <Data name="AREA CON RIEGO">
            <value/>
          </Data>
          <Data name="FUENTE DE AGUA">
            <value>No</value>
          </Data>
          <Data name="CAPACITACION">
            <value>No</value>
          </Data>
          <Data name="REALIZA PODAS">
            <value>No</value>
          </Data>
          <Data name="AFILIADO A ASPAH">
            <value>No</value>
          </Data>
          <Data name="CREDITO">
            <value>No</value>
          </Data>
          <Data name="TRABAJADORES PERMANENTES">
            <value>No</value>
          </Data>
          <Data name="CUANTOS TP">
            <value/>
          </Data>
          <Data name="TRANBAJADORES TEMPORALES">
            <value>Si</value>
          </Data>
          <Data name="CUANTOS TT">
            <value>4.0</value>
          </Data>
          <Data name="SALARIO POR DIA">
            <value>300.0</value>
          </Data>
          <Data name="LIBRAS COSECHADAS">
            <value>3500.0</value>
          </Data>
          <Data name="UNIDADES COSECHADAS">
            <value/>
          </Data>
          <Data name="UNIDADES COSSECHADAS">
            <value/>
          </Data>
          <Data name="MESES DE COSECHA">
            <value>Diciembre</value>
          </Data>
          <Data name="DONDE VENDE">
            <value>Mercado local, pulperias y en casa.</value>
          </Data>
          <Data name="PRECIO LIBRA">
            <value>18.0</value>
          </Data>
          <Data name="PRECIO UNIDAD">
            <value/>
          </Data>
          <Data name="PRECIO UNNIDAD">
            <value/>
          </Data>
          <Data name="TRANSPORTE DE COSECHA">
            <value>Vehiculo contratado</value>
          </Data>
          <Data name="IMAGEN PRODUCTOR">
            <value>https://kf.kobotoolbox.org/api/v2/assets/ad7G92bXCJpMkqNXz97XDt/data/752728975/attachments/atte9fopT7UUeTY5nqvPrnZT/</value>
          </Data>
          <Data name="OBSERVACION">
            <value>Falta de riego</value>
          </Data>
          <Data name="FIRMA">
            <value>https://kf.kobotoolbox.org/api/v2/assets/ad7G92bXCJpMkqNXz97XDt/data/752728975/attachments/attegbdubtiihYsPJXCieUQu/</value>
          </Data>
        </ExtendedData>
        <Point>
          <coordinates>
            -88.2943606,14.2812301,0
          </coordinates>
        </Point>
      </Placemark>
      <Placemark>
        <name>FERMÍNA LOPEZ</name>
        <description><![CDATA[﻿FECHA: 14/5/2026<br>LATITUD: 14.2884971<br>LONGITUD: -88.2964494<br>ALTITUD MSNM: 1684<br>DEPARTAMENTO: Intibuca<br>MUNICIPIO: Yaramanguila<br>FINCA: LA ORQUÍDEA <br>DNI: 1016-1968-00283<br>IMAGEN DNI: https://kf.kobotoolbox.org/api/v2/assets/ad7G92bXCJpMkqNXz97XDt/data/752728987/attachments/attRyvCtetF7BkhM6CtcCs5M/<br>EDAD: 58<br>RAZA: Criollo<br>VARIEDAD: <br>TOTAL PLANTAS: 20<br>PLANTAS EN PRODUCCION: 0<br>AREA EN MZ: 0,10<br>ANALISIS DE SUELO: No<br>IMAGEN ANALISIS: <br>FERTILIZA: No<br>FUMIGA: No<br>SISTEMA DE RIEGO: No<br>TIPO DE SISTEMA: <br>AREA CON RIEGO: <br>FUENTE DE AGUA: No<br>CAPACITACION: No<br>REALIZA PODAS: No<br>AFILIADO A ASPAH: No<br>CREDITO: No<br>TRABAJADORES PERMANENTES: No<br>CUANTOS TP: <br>TRANBAJADORES TEMPORALES: No<br>CUANTOS TT: <br>SALARIO POR DIA: 0<br>LIBRAS COSECHADAS: <br>UNIDADES COSECHADAS: <br>UNIDADES COSSECHADAS: 0<br>MESES DE COSECHA: Diciembre<br>DONDE VENDE: No he vendido aún.<br>PRECIO LIBRA: <br>PRECIO UNIDAD: <br>PRECIO UNNIDAD: 0<br>TRANSPORTE DE COSECHA: Ninguno<br>IMAGEN PRODUCTOR: https://kf.kobotoolbox.org/api/v2/assets/ad7G92bXCJpMkqNXz97XDt/data/752728987/attachments/attjXEVqiRQrXDYnLQeMJZiK/<br>OBSERVACION: Falta de mantenimiento general <br>FIRMA: https://kf.kobotoolbox.org/api/v2/assets/ad7G92bXCJpMkqNXz97XDt/data/752728987/attachments/attnnFCJLicJie22MD5ms9M8/]]></description>
        <styleUrl>#icon-1899-FFD600</styleUrl>
        <ExtendedData>
          <Data name="﻿FECHA">
            <value>14/5/2026</value>
          </Data>
          <Data name="LATITUD">
            <value>14.2884971</value>
          </Data>
          <Data name="LONGITUD">
            <value>-88.2964494</value>
          </Data>
          <Data name="ALTITUD MSNM">
            <value>1684.0</value>
          </Data>
          <Data name="DEPARTAMENTO">
            <value>Intibuca</value>
          </Data>
          <Data name="MUNICIPIO">
            <value>Yaramanguila</value>
          </Data>
          <Data name="FINCA">
            <value>LA ORQUÍDEA </value>
          </Data>
          <Data name="DNI">
            <value>1016-1968-00283</value>
          </Data>
          <Data name="IMAGEN DNI">
            <value>https://kf.kobotoolbox.org/api/v2/assets/ad7G92bXCJpMkqNXz97XDt/data/752728987/attachments/attRyvCtetF7BkhM6CtcCs5M/</value>
          </Data>
          <Data name="EDAD">
            <value>58.0</value>
          </Data>
          <Data name="RAZA">
            <value>Criollo</value>
          </Data>
          <Data name="VARIEDAD">
            <value/>
          </Data>
          <Data name="TOTAL PLANTAS">
            <value>20.0</value>
          </Data>
          <Data name="PLANTAS EN PRODUCCION">
            <value>0.0</value>
          </Data>
          <Data name="AREA EN MZ">
            <value>0,10</value>
          </Data>
          <Data name="ANALISIS DE SUELO">
            <value>No</value>
          </Data>
          <Data name="IMAGEN ANALISIS">
            <value/>
          </Data>
          <Data name="FERTILIZA">
            <value>No</value>
          </Data>
          <Data name="FUMIGA">
            <value>No</value>
          </Data>
          <Data name="SISTEMA DE RIEGO">
            <value>No</value>
          </Data>
          <Data name="TIPO DE SISTEMA">
            <value/>
          </Data>
          <Data name="AREA CON RIEGO">
            <value/>
          </Data>
          <Data name="FUENTE DE AGUA">
            <value>No</value>
          </Data>
          <Data name="CAPACITACION">
            <value>No</value>
          </Data>
          <Data name="REALIZA PODAS">
            <value>No</value>
          </Data>
          <Data name="AFILIADO A ASPAH">
            <value>No</value>
          </Data>
          <Data name="CREDITO">
            <value>No</value>
          </Data>
          <Data name="TRABAJADORES PERMANENTES">
            <value>No</value>
          </Data>
          <Data name="CUANTOS TP">
            <value/>
          </Data>
          <Data name="TRANBAJADORES TEMPORALES">
            <value>No</value>
          </Data>
          <Data name="CUANTOS TT">
            <value/>
          </Data>
          <Data name="SALARIO POR DIA">
            <value>0.0</value>
          </Data>
          <Data name="LIBRAS COSECHADAS">
            <value/>
          </Data>
          <Data name="UNIDADES COSECHADAS">
            <value/>
          </Data>
          <Data name="UNIDADES COSSECHADAS">
            <value>0.0</value>
          </Data>
          <Data name="MESES DE COSECHA">
            <value>Diciembre</value>
          </Data>
          <Data name="DONDE VENDE">
            <value>No he vendido aún.</value>
          </Data>
          <Data name="PRECIO LIBRA">
            <value/>
          </Data>
          <Data name="PRECIO UNIDAD">
            <value/>
          </Data>
          <Data name="PRECIO UNNIDAD">
            <value>0.0</value>
          </Data>
          <Data name="TRANSPORTE DE COSECHA">
            <value>Ninguno</value>
          </Data>
          <Data name="IMAGEN PRODUCTOR">
            <value>https://kf.kobotoolbox.org/api/v2/assets/ad7G92bXCJpMkqNXz97XDt/data/752728987/attachments/attjXEVqiRQrXDYnLQeMJZiK/</value>
          </Data>
          <Data name="OBSERVACION">
            <value>Falta de mantenimiento general </value>
          </Data>
          <Data name="FIRMA">
            <value>https://kf.kobotoolbox.org/api/v2/assets/ad7G92bXCJpMkqNXz97XDt/data/752728987/attachments/attnnFCJLicJie22MD5ms9M8/</value>
          </Data>
        </ExtendedData>
        <Point>
          <coordinates>
            -88.2964494,14.2884971,0
          </coordinates>
        </Point>
      </Placemark>
      <Placemark>
        <name>MARIA CRUZ SÁNCHEZ BAUTISTA</name>
        <description><![CDATA[﻿FECHA: 14/5/2026<br>LATITUD: 14.2784087<br>LONGITUD: -88.2995029<br>ALTITUD MSNM: 1694<br>DEPARTAMENTO: Intibuca<br>MUNICIPIO: Yaramanguila<br>FINCA: FINCA BENDICION<br>DNI: 1013-1991-00091<br>IMAGEN DNI: https://kf.kobotoolbox.org/api/v2/assets/ad7G92bXCJpMkqNXz97XDt/data/752728996/attachments/attvCg8SZVmu6qFJ9Jcw8FUZ/<br>EDAD: 35<br>RAZA: Criollo<br>VARIEDAD: <br>TOTAL PLANTAS: 30<br>PLANTAS EN PRODUCCION: 6<br>AREA EN MZ: 0,20<br>ANALISIS DE SUELO: No<br>IMAGEN ANALISIS: <br>FERTILIZA: Si<br>FUMIGA: Si<br>SISTEMA DE RIEGO: Si<br>TIPO DE SISTEMA: Sistema de riego superficial<br>AREA CON RIEGO: 0,20<br>FUENTE DE AGUA: <br>CAPACITACION: No<br>REALIZA PODAS: No<br>AFILIADO A ASPAH: No<br>CREDITO: No<br>TRABAJADORES PERMANENTES: No<br>CUANTOS TP: <br>TRANBAJADORES TEMPORALES: No<br>CUANTOS TT: <br>SALARIO POR DIA: 300<br>LIBRAS COSECHADAS: <br>UNIDADES COSECHADAS: <br>UNIDADES COSSECHADAS: 2000<br>MESES DE COSECHA: Diciembre<br>DONDE VENDE: Mercado local, pulperias y en casa.<br>PRECIO LIBRA: <br>PRECIO UNIDAD: <br>PRECIO UNNIDAD: 12<br>TRANSPORTE DE COSECHA: Ninguno<br>IMAGEN PRODUCTOR: https://kf.kobotoolbox.org/api/v2/assets/ad7G92bXCJpMkqNXz97XDt/data/752728996/attachments/attH3CsHZyoy8NtatdWAiouw/<br>OBSERVACION: Falta de manejo<br>FIRMA: https://kf.kobotoolbox.org/api/v2/assets/ad7G92bXCJpMkqNXz97XDt/data/752728996/attachments/attp4mSH5pL2hJDTkTrNkbFa/]]></description>
        <styleUrl>#icon-1899-FFD600</styleUrl>
        <ExtendedData>
          <Data name="﻿FECHA">
            <value>14/5/2026</value>
          </Data>
          <Data name="LATITUD">
            <value>14.2784087</value>
          </Data>
          <Data name="LONGITUD">
            <value>-88.2995029</value>
          </Data>
          <Data name="ALTITUD MSNM">
            <value>1694.0</value>
          </Data>
          <Data name="DEPARTAMENTO">
            <value>Intibuca</value>
          </Data>
          <Data name="MUNICIPIO">
            <value>Yaramanguila</value>
          </Data>
          <Data name="FINCA">
            <value>FINCA BENDICION</value>
          </Data>
          <Data name="DNI">
            <value>1013-1991-00091</value>
          </Data>
          <Data name="IMAGEN DNI">
            <value>https://kf.kobotoolbox.org/api/v2/assets/ad7G92bXCJpMkqNXz97XDt/data/752728996/attachments/attvCg8SZVmu6qFJ9Jcw8FUZ/</value>
          </Data>
          <Data name="EDAD">
            <value>35.0</value>
          </Data>
          <Data name="RAZA">
            <value>Criollo</value>
          </Data>
          <Data name="VARIEDAD">
            <value/>
          </Data>
          <Data name="TOTAL PLANTAS">
            <value>30.0</value>
          </Data>
          <Data name="PLANTAS EN PRODUCCION">
            <value>6.0</value>
          </Data>
          <Data name="AREA EN MZ">
            <value>0,20</value>
          </Data>
          <Data name="ANALISIS DE SUELO">
            <value>No</value>
          </Data>
          <Data name="IMAGEN ANALISIS">
            <value/>
          </Data>
          <Data name="FERTILIZA">
            <value>Si</value>
          </Data>
          <Data name="FUMIGA">
            <value>Si</value>
          </Data>
          <Data name="SISTEMA DE RIEGO">
            <value>Si</value>
          </Data>
          <Data name="TIPO DE SISTEMA">
            <value>Sistema de riego superficial</value>
          </Data>
          <Data name="AREA CON RIEGO">
            <value>0,20</value>
          </Data>
          <Data name="FUENTE DE AGUA">
            <value/>
          </Data>
          <Data name="CAPACITACION">
            <value>No</value>
          </Data>
          <Data name="REALIZA PODAS">
            <value>No</value>
          </Data>
          <Data name="AFILIADO A ASPAH">
            <value>No</value>
          </Data>
          <Data name="CREDITO">
            <value>No</value>
          </Data>
          <Data name="TRABAJADORES PERMANENTES">
            <value>No</value>
          </Data>
          <Data name="CUANTOS TP">
            <value/>
          </Data>
          <Data name="TRANBAJADORES TEMPORALES">
            <value>No</value>
          </Data>
          <Data name="CUANTOS TT">
            <value/>
          </Data>
          <Data name="SALARIO POR DIA">
            <value>300.0</value>
          </Data>
          <Data name="LIBRAS COSECHADAS">
            <value/>
          </Data>
          <Data name="UNIDADES COSECHADAS">
            <value/>
          </Data>
          <Data name="UNIDADES COSSECHADAS">
            <value>2000.0</value>
          </Data>
          <Data name="MESES DE COSECHA">
            <value>Diciembre</value>
          </Data>
          <Data name="DONDE VENDE">
            <value>Mercado local, pulperias y en casa.</value>
          </Data>
          <Data name="PRECIO LIBRA">
            <value/>
          </Data>
          <Data name="PRECIO UNIDAD">
            <value/>
          </Data>
          <Data name="PRECIO UNNIDAD">
            <value>12.0</value>
          </Data>
          <Data name="TRANSPORTE DE COSECHA">
            <value>Ninguno</value>
          </Data>
          <Data name="IMAGEN PRODUCTOR">
            <value>https://kf.kobotoolbox.org/api/v2/assets/ad7G92bXCJpMkqNXz97XDt/data/752728996/attachments/attH3CsHZyoy8NtatdWAiouw/</value>
          </Data>
          <Data name="OBSERVACION">
            <value>Falta de manejo</value>
          </Data>
          <Data name="FIRMA">
            <value>https://kf.kobotoolbox.org/api/v2/assets/ad7G92bXCJpMkqNXz97XDt/data/752728996/attachments/attp4mSH5pL2hJDTkTrNkbFa/</value>
          </Data>
        </ExtendedData>
        <Point>
          <coordinates>
            -88.2995029,14.2784087,0
          </coordinates>
        </Point>
      </Placemark>
      <Placemark>
        <name>EDY EFRAIN MENDEZ SUAZO</name>
        <description><![CDATA[﻿FECHA: 24/5/2026<br>LATITUD: 14.3766031<br>LONGITUD: -87.7944659<br>ALTITUD MSNM: 1973<br>DEPARTAMENTO: La Paz<br>MUNICIPIO: La paz<br>FINCA: La Coyota<br>DNI: 1201-1967-00336<br>IMAGEN DNI: https://kf.kobotoolbox.org/api/v2/assets/ad7G92bXCJpMkqNXz97XDt/data/761826697/attachments/attysEythmrK39CsWAmZBJgu/<br>EDAD: 59<br>RAZA: Hass<br>VARIEDAD: <br>TOTAL PLANTAS: 500<br>PLANTAS EN PRODUCCION: 500<br>AREA EN MZ: 2,5<br>ANALISIS DE SUELO: Si<br>IMAGEN ANALISIS: <br>FERTILIZA: Si<br>FUMIGA: Si<br>SISTEMA DE RIEGO: No<br>TIPO DE SISTEMA: <br>AREA CON RIEGO: <br>FUENTE DE AGUA: Si<br>CAPACITACION: Si<br>REALIZA PODAS: Si<br>AFILIADO A ASPAH: Si<br>CREDITO: Si<br>TRABAJADORES PERMANENTES: No<br>CUANTOS TP: <br>TRANBAJADORES TEMPORALES: Si<br>CUANTOS TT: 5<br>SALARIO POR DIA: 300<br>LIBRAS COSECHADAS: 16000<br>UNIDADES COSECHADAS: <br>UNIDADES COSSECHADAS: <br>MESES DE COSECHA: Enero Febrero Septiembre<br>DONDE VENDE: Un comprador viene a mi finca.<br>PRECIO LIBRA: 17<br>PRECIO UNIDAD: <br>PRECIO UNNIDAD: <br>TRANSPORTE DE COSECHA: Vehiculo propio<br>IMAGEN PRODUCTOR: https://kf.kobotoolbox.org/api/v2/assets/ad7G92bXCJpMkqNXz97XDt/data/761826697/attachments/attiuojLxKysbCn4CQMRCrGj/<br>OBSERVACION: COMSA les da al credito fertilizantes granulados y el analisis de suelo no se lo han entregado<br>FIRMA: https://kf.kobotoolbox.org/api/v2/assets/ad7G92bXCJpMkqNXz97XDt/data/761826697/attachments/attjhLhSKhvjmWcz3W8SPAmE/]]></description>
        <styleUrl>#icon-1899-FFD600</styleUrl>
        <ExtendedData>
          <Data name="﻿FECHA">
            <value>24/5/2026</value>
          </Data>
          <Data name="LATITUD">
            <value>14.3766031</value>
          </Data>
          <Data name="LONGITUD">
            <value>-87.7944659</value>
          </Data>
          <Data name="ALTITUD MSNM">
            <value>1973.0</value>
          </Data>
          <Data name="DEPARTAMENTO">
            <value>La Paz</value>
          </Data>
          <Data name="MUNICIPIO">
            <value>La paz</value>
          </Data>
          <Data name="FINCA">
            <value>La Coyota</value>
          </Data>
          <Data name="DNI">
            <value>1201-1967-00336</value>
          </Data>
          <Data name="IMAGEN DNI">
            <value>https://kf.kobotoolbox.org/api/v2/assets/ad7G92bXCJpMkqNXz97XDt/data/761826697/attachments/attysEythmrK39CsWAmZBJgu/</value>
          </Data>
          <Data name="EDAD">
            <value>59.0</value>
          </Data>
          <Data name="RAZA">
            <value>Hass</value>
          </Data>
          <Data name="VARIEDAD">
            <value/>
          </Data>
          <Data name="TOTAL PLANTAS">
            <value>500.0</value>
          </Data>
          <Data name="PLANTAS EN PRODUCCION">
            <value>500.0</value>
          </Data>
          <Data name="AREA EN MZ">
            <value>2,5</value>
          </Data>
          <Data name="ANALISIS DE SUELO">
            <value>Si</value>
          </Data>
          <Data name="IMAGEN ANALISIS">
            <value/>
          </Data>
          <Data name="FERTILIZA">
            <value>Si</value>
          </Data>
          <Data name="FUMIGA">
            <value>Si</value>
          </Data>
          <Data name="SISTEMA DE RIEGO">
            <value>No</value>
          </Data>
          <Data name="TIPO DE SISTEMA">
            <value/>
          </Data>
          <Data name="AREA CON RIEGO">
            <value/>
          </Data>
          <Data name="FUENTE DE AGUA">
            <value>Si</value>
          </Data>
          <Data name="CAPACITACION">
            <value>Si</value>
          </Data>
          <Data name="REALIZA PODAS">
            <value>Si</value>
          </Data>
          <Data name="AFILIADO A ASPAH">
            <value>Si</value>
          </Data>
          <Data name="CREDITO">
            <value>Si</value>
          </Data>
          <Data name="TRABAJADORES PERMANENTES">
            <value>No</value>
          </Data>
          <Data name="CUANTOS TP">
            <value/>
          </Data>
          <Data name="TRANBAJADORES TEMPORALES">
            <value>Si</value>
          </Data>
          <Data name="CUANTOS TT">
            <value>5.0</value>
          </Data>
          <Data name="SALARIO POR DIA">
            <value>300.0</value>
          </Data>
          <Data name="LIBRAS COSECHADAS">
            <value>16000.0</value>
          </Data>
          <Data name="UNIDADES COSECHADAS">
            <value/>
          </Data>
          <Data name="UNIDADES COSSECHADAS">
            <value/>
          </Data>
          <Data name="MESES DE COSECHA">
            <value>Enero Febrero Septiembre</value>
          </Data>
          <Data name="DONDE VENDE">
            <value>Un comprador viene a mi finca.</value>
          </Data>
          <Data name="PRECIO LIBRA">
            <value>17.0</value>
          </Data>
          <Data name="PRECIO UNIDAD">
            <value/>
          </Data>
          <Data name="PRECIO UNNIDAD">
            <value/>
          </Data>
          <Data name="TRANSPORTE DE COSECHA">
            <value>Vehiculo propio</value>
          </Data>
          <Data name="IMAGEN PRODUCTOR">
            <value>https://kf.kobotoolbox.org/api/v2/assets/ad7G92bXCJpMkqNXz97XDt/data/761826697/attachments/attiuojLxKysbCn4CQMRCrGj/</value>
          </Data>
          <Data name="OBSERVACION">
            <value>COMSA les da al credito fertilizantes granulados y el analisis de suelo no se lo han entregado</value>
          </Data>
          <Data name="FIRMA">
            <value>https://kf.kobotoolbox.org/api/v2/assets/ad7G92bXCJpMkqNXz97XDt/data/761826697/attachments/attjhLhSKhvjmWcz3W8SPAmE/</value>
          </Data>
        </ExtendedData>
        <Point>
          <coordinates>
            -87.7944659,14.3766031,0
          </coordinates>
        </Point>
      </Placemark>
      <Placemark>
        <name>ALAN NEPTALI MEJIA</name>
        <description><![CDATA[﻿FECHA: 24/5/2026<br>LATITUD: 14.3745533<br>LONGITUD: -87.7919479<br>ALTITUD MSNM: 1954<br>DEPARTAMENTO: La Paz<br>MUNICIPIO: La paz<br>FINCA: Suyapa<br>DNI: 1201-1968-00334<br>IMAGEN DNI: https://kf.kobotoolbox.org/api/v2/assets/ad7G92bXCJpMkqNXz97XDt/data/761826703/attachments/attGseNdTcLXpPLWP33GUWJp/<br>EDAD: 57<br>RAZA: Hass<br>VARIEDAD: <br>TOTAL PLANTAS: 180<br>PLANTAS EN PRODUCCION: 90<br>AREA EN MZ: 1<br>ANALISIS DE SUELO: Si<br>IMAGEN ANALISIS: <br>FERTILIZA: Si<br>FUMIGA: Si<br>SISTEMA DE RIEGO: No<br>TIPO DE SISTEMA: <br>AREA CON RIEGO: <br>FUENTE DE AGUA: Si<br>CAPACITACION: No<br>REALIZA PODAS: Si<br>AFILIADO A ASPAH: Si<br>CREDITO: No<br>TRABAJADORES PERMANENTES: No<br>CUANTOS TP: <br>TRANBAJADORES TEMPORALES: Si<br>CUANTOS TT: 7<br>SALARIO POR DIA: 300<br>LIBRAS COSECHADAS: 150<br>UNIDADES COSECHADAS: <br>UNIDADES COSSECHADAS: <br>MESES DE COSECHA: Agosto Septiembre Diciembre Enero Febrero<br>DONDE VENDE: No he vendido aún.<br>PRECIO LIBRA: 0<br>PRECIO UNIDAD: <br>PRECIO UNNIDAD: <br>TRANSPORTE DE COSECHA: Vehiculo propio<br>IMAGEN PRODUCTOR: https://kf.kobotoolbox.org/api/v2/assets/ad7G92bXCJpMkqNXz97XDt/data/761826703/attachments/attiSFXgj3ZxmSryAxyTidqS/<br>OBSERVACION: <br>FIRMA: https://kf.kobotoolbox.org/api/v2/assets/ad7G92bXCJpMkqNXz97XDt/data/761826703/attachments/attQw8qrNzcFSKe7wygXJJmv/]]></description>
        <styleUrl>#icon-1899-FFD600</styleUrl>
        <ExtendedData>
          <Data name="﻿FECHA">
            <value>24/5/2026</value>
          </Data>
          <Data name="LATITUD">
            <value>14.3745533</value>
          </Data>
          <Data name="LONGITUD">
            <value>-87.7919479</value>
          </Data>
          <Data name="ALTITUD MSNM">
            <value>1954.0</value>
          </Data>
          <Data name="DEPARTAMENTO">
            <value>La Paz</value>
          </Data>
          <Data name="MUNICIPIO">
            <value>La paz</value>
          </Data>
          <Data name="FINCA">
            <value>Suyapa</value>
          </Data>
          <Data name="DNI">
            <value>1201-1968-00334</value>
          </Data>
          <Data name="IMAGEN DNI">
            <value>https://kf.kobotoolbox.org/api/v2/assets/ad7G92bXCJpMkqNXz97XDt/data/761826703/attachments/attGseNdTcLXpPLWP33GUWJp/</value>
          </Data>
          <Data name="EDAD">
            <value>57.0</value>
          </Data>
          <Data name="RAZA">
            <value>Hass</value>
          </Data>
          <Data name="VARIEDAD">
            <value/>
          </Data>
          <Data name="TOTAL PLANTAS">
            <value>180.0</value>
          </Data>
          <Data name="PLANTAS EN PRODUCCION">
            <value>90.0</value>
          </Data>
          <Data name="AREA EN MZ">
            <value>1</value>
          </Data>
          <Data name="ANALISIS DE SUELO">
            <value>Si</value>
          </Data>
          <Data name="IMAGEN ANALISIS">
            <value/>
          </Data>
          <Data name="FERTILIZA">
            <value>Si</value>
          </Data>
          <Data name="FUMIGA">
            <value>Si</value>
          </Data>
          <Data name="SISTEMA DE RIEGO">
            <value>No</value>
          </Data>
          <Data name="TIPO DE SISTEMA">
            <value/>
          </Data>
          <Data name="AREA CON RIEGO">
            <value/>
          </Data>
          <Data name="FUENTE DE AGUA">
            <value>Si</value>
          </Data>
          <Data name="CAPACITACION">
            <value>No</value>
          </Data>
          <Data name="REALIZA PODAS">
            <value>Si</value>
          </Data>
          <Data name="AFILIADO A ASPAH">
            <value>Si</value>
          </Data>
          <Data name="CREDITO">
            <value>No</value>
          </Data>
          <Data name="TRABAJADORES PERMANENTES">
            <value>No</value>
          </Data>
          <Data name="CUANTOS TP">
            <value/>
          </Data>
          <Data name="TRANBAJADORES TEMPORALES">
            <value>Si</value>
          </Data>
          <Data name="CUANTOS TT">
            <value>7.0</value>
          </Data>
          <Data name="SALARIO POR DIA">
            <value>300.0</value>
          </Data>
          <Data name="LIBRAS COSECHADAS">
            <value>150.0</value>
          </Data>
          <Data name="UNIDADES COSECHADAS">
            <value/>
          </Data>
          <Data name="UNIDADES COSSECHADAS">
            <value/>
          </Data>
          <Data name="MESES DE COSECHA">
            <value>Agosto Septiembre Diciembre Enero Febrero</value>
          </Data>
          <Data name="DONDE VENDE">
            <value>No he vendido aún.</value>
          </Data>
          <Data name="PRECIO LIBRA">
            <value>0.0</value>
          </Data>
          <Data name="PRECIO UNIDAD">
            <value/>
          </Data>
          <Data name="PRECIO UNNIDAD">
            <value/>
          </Data>
          <Data name="TRANSPORTE DE COSECHA">
            <value>Vehiculo propio</value>
          </Data>
          <Data name="IMAGEN PRODUCTOR">
            <value>https://kf.kobotoolbox.org/api/v2/assets/ad7G92bXCJpMkqNXz97XDt/data/761826703/attachments/attiSFXgj3ZxmSryAxyTidqS/</value>
          </Data>
          <Data name="OBSERVACION">
            <value/>
          </Data>
          <Data name="FIRMA">
            <value>https://kf.kobotoolbox.org/api/v2/assets/ad7G92bXCJpMkqNXz97XDt/data/761826703/attachments/attQw8qrNzcFSKe7wygXJJmv/</value>
          </Data>
        </ExtendedData>
        <Point>
          <coordinates>
            -87.7919479,14.3745533,0
          </coordinates>
        </Point>
      </Placemark>
      <Placemark>
        <name>DANY FRANCISCO HERNÁNDEZ GIRON</name>
        <description><![CDATA[﻿FECHA: 24/5/2026<br>LATITUD: 14.3739288<br>LONGITUD: -87.7945268<br>ALTITUD MSNM: 1996<br>DEPARTAMENTO: La Paz<br>MUNICIPIO: La paz<br>FINCA: La Laguna<br>DNI: 1201-1968-00318<br>IMAGEN DNI: https://kf.kobotoolbox.org/api/v2/assets/ad7G92bXCJpMkqNXz97XDt/data/761826713/attachments/attFsSBpMnjGXo44no8s79bk/<br>EDAD: 58<br>RAZA: Hass<br>VARIEDAD: <br>TOTAL PLANTAS: 170<br>PLANTAS EN PRODUCCION: 170<br>AREA EN MZ: 1<br>ANALISIS DE SUELO: No<br>IMAGEN ANALISIS: <br>FERTILIZA: Si<br>FUMIGA: Si<br>SISTEMA DE RIEGO: Si<br>TIPO DE SISTEMA: Sistema de riego por goteo<br>AREA CON RIEGO: 1<br>FUENTE DE AGUA: <br>CAPACITACION: Si<br>REALIZA PODAS: Si<br>AFILIADO A ASPAH: No<br>CREDITO: No<br>TRABAJADORES PERMANENTES: No<br>CUANTOS TP: <br>TRANBAJADORES TEMPORALES: Si<br>CUANTOS TT: 3<br>SALARIO POR DIA: 300<br>LIBRAS COSECHADAS: 7000<br>UNIDADES COSECHADAS: <br>UNIDADES COSSECHADAS: <br>MESES DE COSECHA: Enero Febrero Marzo Abril Mayo<br>DONDE VENDE: Un comprador viene a mi finca.<br>PRECIO LIBRA: 28<br>PRECIO UNIDAD: <br>PRECIO UNNIDAD: <br>TRANSPORTE DE COSECHA: Vehiculo propio<br>IMAGEN PRODUCTOR: https://kf.kobotoolbox.org/api/v2/assets/ad7G92bXCJpMkqNXz97XDt/data/761826713/attachments/atteboEfLBuVaKpEBSFziwjz/<br>OBSERVACION: Vende en tepanguare a 1000 lps la caja de 35 libras<br>FIRMA: https://kf.kobotoolbox.org/api/v2/assets/ad7G92bXCJpMkqNXz97XDt/data/761826713/attachments/attpWR2nrES6sRfmNiQB2VcV/]]></description>
        <styleUrl>#icon-1899-FFD600</styleUrl>
        <ExtendedData>
          <Data name="﻿FECHA">
            <value>24/5/2026</value>
          </Data>
          <Data name="LATITUD">
            <value>14.3739288</value>
          </Data>
          <Data name="LONGITUD">
            <value>-87.7945268</value>
          </Data>
          <Data name="ALTITUD MSNM">
            <value>1996.0</value>
          </Data>
          <Data name="DEPARTAMENTO">
            <value>La Paz</value>
          </Data>
          <Data name="MUNICIPIO">
            <value>La paz</value>
          </Data>
          <Data name="FINCA">
            <value>La Laguna</value>
          </Data>
          <Data name="DNI">
            <value>1201-1968-00318</value>
          </Data>
          <Data name="IMAGEN DNI">
            <value>https://kf.kobotoolbox.org/api/v2/assets/ad7G92bXCJpMkqNXz97XDt/data/761826713/attachments/attFsSBpMnjGXo44no8s79bk/</value>
          </Data>
          <Data name="EDAD">
            <value>58.0</value>
          </Data>
          <Data name="RAZA">
            <value>Hass</value>
          </Data>
          <Data name="VARIEDAD">
            <value/>
          </Data>
          <Data name="TOTAL PLANTAS">
            <value>170.0</value>
          </Data>
          <Data name="PLANTAS EN PRODUCCION">
            <value>170.0</value>
          </Data>
          <Data name="AREA EN MZ">
            <value>1</value>
          </Data>
          <Data name="ANALISIS DE SUELO">
            <value>No</value>
          </Data>
          <Data name="IMAGEN ANALISIS">
            <value/>
          </Data>
          <Data name="FERTILIZA">
            <value>Si</value>
          </Data>
          <Data name="FUMIGA">
            <value>Si</value>
          </Data>
          <Data name="SISTEMA DE RIEGO">
            <value>Si</value>
          </Data>
          <Data name="TIPO DE SISTEMA">
            <value>Sistema de riego por goteo</value>
          </Data>
          <Data name="AREA CON RIEGO">
            <value>1</value>
          </Data>
          <Data name="FUENTE DE AGUA">
            <value/>
          </Data>
          <Data name="CAPACITACION">
            <value>Si</value>
          </Data>
          <Data name="REALIZA PODAS">
            <value>Si</value>
          </Data>
          <Data name="AFILIADO A ASPAH">
            <value>No</value>
          </Data>
          <Data name="CREDITO">
            <value>No</value>
          </Data>
          <Data name="TRABAJADORES PERMANENTES">
            <value>No</value>
          </Data>
          <Data name="CUANTOS TP">
            <value/>
          </Data>
          <Data name="TRANBAJADORES TEMPORALES">
            <value>Si</value>
          </Data>
          <Data name="CUANTOS TT">
            <value>3.0</value>
          </Data>
          <Data name="SALARIO POR DIA">
            <value>300.0</value>
          </Data>
          <Data name="LIBRAS COSECHADAS">
            <value>7000.0</value>
          </Data>
          <Data name="UNIDADES COSECHADAS">
            <value/>
          </Data>
          <Data name="UNIDADES COSSECHADAS">
            <value/>
          </Data>
          <Data name="MESES DE COSECHA">
            <value>Enero Febrero Marzo Abril Mayo</value>
          </Data>
          <Data name="DONDE VENDE">
            <value>Un comprador viene a mi finca.</value>
          </Data>
          <Data name="PRECIO LIBRA">
            <value>28.0</value>
          </Data>
          <Data name="PRECIO UNIDAD">
            <value/>
          </Data>
          <Data name="PRECIO UNNIDAD">
            <value/>
          </Data>
          <Data name="TRANSPORTE DE COSECHA">
            <value>Vehiculo propio</value>
          </Data>
          <Data name="IMAGEN PRODUCTOR">
            <value>https://kf.kobotoolbox.org/api/v2/assets/ad7G92bXCJpMkqNXz97XDt/data/761826713/attachments/atteboEfLBuVaKpEBSFziwjz/</value>
          </Data>
          <Data name="OBSERVACION">
            <value>Vende en tepanguare a 1000 lps la caja de 35 libras</value>
          </Data>
          <Data name="FIRMA">
            <value>https://kf.kobotoolbox.org/api/v2/assets/ad7G92bXCJpMkqNXz97XDt/data/761826713/attachments/attpWR2nrES6sRfmNiQB2VcV/</value>
          </Data>
        </ExtendedData>
        <Point>
          <coordinates>
            -87.7945268,14.3739288,0
          </coordinates>
        </Point>
      </Placemark>
      <Placemark>
        <name>JUAN JOSE CASTRO AGUILAR</name>
        <description><![CDATA[﻿FECHA: 24/5/2026<br>LATITUD: 14.384377<br>LONGITUD: -87.8018825<br>ALTITUD MSNM: 1944<br>DEPARTAMENTO: Comayagua<br>MUNICIPIO: Comayagua<br>FINCA: Los Tepezcuintles<br>DNI: 1201-1997-00169<br>IMAGEN DNI: https://kf.kobotoolbox.org/api/v2/assets/ad7G92bXCJpMkqNXz97XDt/data/761826718/attachments/attJo7R4tsmeAXxcpRs6Rzg2/<br>EDAD: 29<br>RAZA: Hass<br>VARIEDAD: <br>TOTAL PLANTAS: 550<br>PLANTAS EN PRODUCCION: 150<br>AREA EN MZ: 2,75<br>ANALISIS DE SUELO: Si<br>IMAGEN ANALISIS: <br>FERTILIZA: Si<br>FUMIGA: Si<br>SISTEMA DE RIEGO: No<br>TIPO DE SISTEMA: <br>AREA CON RIEGO: <br>FUENTE DE AGUA: Si<br>CAPACITACION: No<br>REALIZA PODAS: Si<br>AFILIADO A ASPAH: No<br>CREDITO: No<br>TRABAJADORES PERMANENTES: No<br>CUANTOS TP: <br>TRANBAJADORES TEMPORALES: Si<br>CUANTOS TT: 3<br>SALARIO POR DIA: 300<br>LIBRAS COSECHADAS: 6000<br>UNIDADES COSECHADAS: <br>UNIDADES COSSECHADAS: <br>MESES DE COSECHA: Marzo<br>DONDE VENDE: Un comprador viene a mi finca.<br>PRECIO LIBRA: 15<br>PRECIO UNIDAD: <br>PRECIO UNNIDAD: <br>TRANSPORTE DE COSECHA: Vehiculo contratado<br>IMAGEN PRODUCTOR: https://kf.kobotoolbox.org/api/v2/assets/ad7G92bXCJpMkqNXz97XDt/data/761826718/attachments/attGmM9Bwu7aMhMjtvB5ZRfJ/<br>OBSERVACION: Hay naciente de agua en la propiedad <br>FIRMA: https://kf.kobotoolbox.org/api/v2/assets/ad7G92bXCJpMkqNXz97XDt/data/761826718/attachments/att5EBAqimb7zWoGiYWnubEP/]]></description>
        <styleUrl>#icon-1899-FFD600</styleUrl>
        <ExtendedData>
          <Data name="﻿FECHA">
            <value>24/5/2026</value>
          </Data>
          <Data name="LATITUD">
            <value>14.384377</value>
          </Data>
          <Data name="LONGITUD">
            <value>-87.8018825</value>
          </Data>
          <Data name="ALTITUD MSNM">
            <value>1944.0</value>
          </Data>
          <Data name="DEPARTAMENTO">
            <value>Comayagua</value>
          </Data>
          <Data name="MUNICIPIO">
            <value>Comayagua</value>
          </Data>
          <Data name="FINCA">
            <value>Los Tepezcuintles</value>
          </Data>
          <Data name="DNI">
            <value>1201-1997-00169</value>
          </Data>
          <Data name="IMAGEN DNI">
            <value>https://kf.kobotoolbox.org/api/v2/assets/ad7G92bXCJpMkqNXz97XDt/data/761826718/attachments/attJo7R4tsmeAXxcpRs6Rzg2/</value>
          </Data>
          <Data name="EDAD">
            <value>29.0</value>
          </Data>
          <Data name="RAZA">
            <value>Hass</value>
          </Data>
          <Data name="VARIEDAD">
            <value/>
          </Data>
          <Data name="TOTAL PLANTAS">
            <value>550.0</value>
          </Data>
          <Data name="PLANTAS EN PRODUCCION">
            <value>150.0</value>
          </Data>
          <Data name="AREA EN MZ">
            <value>2,75</value>
          </Data>
          <Data name="ANALISIS DE SUELO">
            <value>Si</value>
          </Data>
          <Data name="IMAGEN ANALISIS">
            <value/>
          </Data>
          <Data name="FERTILIZA">
            <value>Si</value>
          </Data>
          <Data name="FUMIGA">
            <value>Si</value>
          </Data>
          <Data name="SISTEMA DE RIEGO">
            <value>No</value>
          </Data>
          <Data name="TIPO DE SISTEMA">
            <value/>
          </Data>
          <Data name="AREA CON RIEGO">
            <value/>
          </Data>
          <Data name="FUENTE DE AGUA">
            <value>Si</value>
          </Data>
          <Data name="CAPACITACION">
            <value>No</value>
          </Data>
          <Data name="REALIZA PODAS">
            <value>Si</value>
          </Data>
          <Data name="AFILIADO A ASPAH">
            <value>No</value>
          </Data>
          <Data name="CREDITO">
            <value>No</value>
          </Data>
          <Data name="TRABAJADORES PERMANENTES">
            <value>No</value>
          </Data>
          <Data name="CUANTOS TP">
            <value/>
          </Data>
          <Data name="TRANBAJADORES TEMPORALES">
            <value>Si</value>
          </Data>
          <Data name="CUANTOS TT">
            <value>3.0</value>
          </Data>
          <Data name="SALARIO POR DIA">
            <value>300.0</value>
          </Data>
          <Data name="LIBRAS COSECHADAS">
            <value>6000.0</value>
          </Data>
          <Data name="UNIDADES COSECHADAS">
            <value/>
          </Data>
          <Data name="UNIDADES COSSECHADAS">
            <value/>
          </Data>
          <Data name="MESES DE COSECHA">
            <value>Marzo</value>
          </Data>
          <Data name="DONDE VENDE">
            <value>Un comprador viene a mi finca.</value>
          </Data>
          <Data name="PRECIO LIBRA">
            <value>15.0</value>
          </Data>
          <Data name="PRECIO UNIDAD">
            <value/>
          </Data>
          <Data name="PRECIO UNNIDAD">
            <value/>
          </Data>
          <Data name="TRANSPORTE DE COSECHA">
            <value>Vehiculo contratado</value>
          </Data>
          <Data name="IMAGEN PRODUCTOR">
            <value>https://kf.kobotoolbox.org/api/v2/assets/ad7G92bXCJpMkqNXz97XDt/data/761826718/attachments/attGmM9Bwu7aMhMjtvB5ZRfJ/</value>
          </Data>
          <Data name="OBSERVACION">
            <value>Hay naciente de agua en la propiedad </value>
          </Data>
          <Data name="FIRMA">
            <value>https://kf.kobotoolbox.org/api/v2/assets/ad7G92bXCJpMkqNXz97XDt/data/761826718/attachments/att5EBAqimb7zWoGiYWnubEP/</value>
          </Data>
        </ExtendedData>
        <Point>
          <coordinates>
            -87.8018825,14.384377,0
          </coordinates>
        </Point>
      </Placemark>
      <Placemark>
        <name>NEPTALIA MARIA CASTRO CASTILLO</name>
        <description><![CDATA[﻿FECHA: 24/5/2026<br>LATITUD: 14.3944617<br>LONGITUD: -87.7878894<br>ALTITUD MSNM: 1908<br>DEPARTAMENTO: La Paz<br>MUNICIPIO: La paz<br>FINCA: La Luna<br>DNI: 1201-1995-00221<br>IMAGEN DNI: https://kf.kobotoolbox.org/api/v2/assets/ad7G92bXCJpMkqNXz97XDt/data/761826727/attachments/attN4gikG9e94iKSqK348Feu/<br>EDAD: 31<br>RAZA: Hass<br>VARIEDAD: <br>TOTAL PLANTAS: 450<br>PLANTAS EN PRODUCCION: 450<br>AREA EN MZ: 2,25<br>ANALISIS DE SUELO: Si<br>IMAGEN ANALISIS: https://kf.kobotoolbox.org/api/v2/assets/ad7G92bXCJpMkqNXz97XDt/data/761826727/attachments/attXDYQ2z8cVdBvrcsenJJBy/<br>FERTILIZA: Si<br>FUMIGA: Si<br>SISTEMA DE RIEGO: No<br>TIPO DE SISTEMA: <br>AREA CON RIEGO: <br>FUENTE DE AGUA: Si<br>CAPACITACION: Si<br>REALIZA PODAS: Si<br>AFILIADO A ASPAH: Si<br>CREDITO: No<br>TRABAJADORES PERMANENTES: No<br>CUANTOS TP: <br>TRANBAJADORES TEMPORALES: Si<br>CUANTOS TT: 4<br>SALARIO POR DIA: 350<br>LIBRAS COSECHADAS: 4000<br>UNIDADES COSECHADAS: <br>UNIDADES COSSECHADAS: <br>MESES DE COSECHA: Marzo Abril<br>DONDE VENDE: Un comprador viene a mi finca.<br>PRECIO LIBRA: 15<br>PRECIO UNIDAD: <br>PRECIO UNNIDAD: <br>TRANSPORTE DE COSECHA: Vehiculo propio<br>IMAGEN PRODUCTOR: https://kf.kobotoolbox.org/api/v2/assets/ad7G92bXCJpMkqNXz97XDt/data/761826727/attachments/attZW23KRESK28MTCa34vzxi/<br>OBSERVACION: Hay nasciente de agua para riego y fumigacion<br>FIRMA: https://kf.kobotoolbox.org/api/v2/assets/ad7G92bXCJpMkqNXz97XDt/data/761826727/attachments/attk8ist9ZMw7TcHVqs6skrk/]]></description>
        <styleUrl>#icon-1899-FFD600</styleUrl>
        <ExtendedData>
          <Data name="﻿FECHA">
            <value>24/5/2026</value>
          </Data>
          <Data name="LATITUD">
            <value>14.3944617</value>
          </Data>
          <Data name="LONGITUD">
            <value>-87.7878894</value>
          </Data>
          <Data name="ALTITUD MSNM">
            <value>1908.0</value>
          </Data>
          <Data name="DEPARTAMENTO">
            <value>La Paz</value>
          </Data>
          <Data name="MUNICIPIO">
            <value>La paz</value>
          </Data>
          <Data name="FINCA">
            <value>La Luna</value>
          </Data>
          <Data name="DNI">
            <value>1201-1995-00221</value>
          </Data>
          <Data name="IMAGEN DNI">
            <value>https://kf.kobotoolbox.org/api/v2/assets/ad7G92bXCJpMkqNXz97XDt/data/761826727/attachments/attN4gikG9e94iKSqK348Feu/</value>
          </Data>
          <Data name="EDAD">
            <value>31.0</value>
          </Data>
          <Data name="RAZA">
            <value>Hass</value>
          </Data>
          <Data name="VARIEDAD">
            <value/>
          </Data>
          <Data name="TOTAL PLANTAS">
            <value>450.0</value>
          </Data>
          <Data name="PLANTAS EN PRODUCCION">
            <value>450.0</value>
          </Data>
          <Data name="AREA EN MZ">
            <value>2,25</value>
          </Data>
          <Data name="ANALISIS DE SUELO">
            <value>Si</value>
          </Data>
          <Data name="IMAGEN ANALISIS">
            <value>https://kf.kobotoolbox.org/api/v2/assets/ad7G92bXCJpMkqNXz97XDt/data/761826727/attachments/attXDYQ2z8cVdBvrcsenJJBy/</value>
          </Data>
          <Data name="FERTILIZA">
            <value>Si</value>
          </Data>
          <Data name="FUMIGA">
            <value>Si</value>
          </Data>
          <Data name="SISTEMA DE RIEGO">
            <value>No</value>
          </Data>
          <Data name="TIPO DE SISTEMA">
            <value/>
          </Data>
          <Data name="AREA CON RIEGO">
            <value/>
          </Data>
          <Data name="FUENTE DE AGUA">
            <value>Si</value>
          </Data>
          <Data name="CAPACITACION">
            <value>Si</value>
          </Data>
          <Data name="REALIZA PODAS">
            <value>Si</value>
          </Data>
          <Data name="AFILIADO A ASPAH">
            <value>Si</value>
          </Data>
          <Data name="CREDITO">
            <value>No</value>
          </Data>
          <Data name="TRABAJADORES PERMANENTES">
            <value>No</value>
          </Data>
          <Data name="CUANTOS TP">
            <value/>
          </Data>
          <Data name="TRANBAJADORES TEMPORALES">
            <value>Si</value>
          </Data>
          <Data name="CUANTOS TT">
            <value>4.0</value>
          </Data>
          <Data name="SALARIO POR DIA">
            <value>350.0</value>
          </Data>
          <Data name="LIBRAS COSECHADAS">
            <value>4000.0</value>
          </Data>
          <Data name="UNIDADES COSECHADAS">
            <value/>
          </Data>
          <Data name="UNIDADES COSSECHADAS">
            <value/>
          </Data>
          <Data name="MESES DE COSECHA">
            <value>Marzo Abril</value>
          </Data>
          <Data name="DONDE VENDE">
            <value>Un comprador viene a mi finca.</value>
          </Data>
          <Data name="PRECIO LIBRA">
            <value>15.0</value>
          </Data>
          <Data name="PRECIO UNIDAD">
            <value/>
          </Data>
          <Data name="PRECIO UNNIDAD">
            <value/>
          </Data>
          <Data name="TRANSPORTE DE COSECHA">
            <value>Vehiculo propio</value>
          </Data>
          <Data name="IMAGEN PRODUCTOR">
            <value>https://kf.kobotoolbox.org/api/v2/assets/ad7G92bXCJpMkqNXz97XDt/data/761826727/attachments/attZW23KRESK28MTCa34vzxi/</value>
          </Data>
          <Data name="OBSERVACION">
            <value>Hay nasciente de agua para riego y fumigacion</value>
          </Data>
          <Data name="FIRMA">
            <value>https://kf.kobotoolbox.org/api/v2/assets/ad7G92bXCJpMkqNXz97XDt/data/761826727/attachments/attk8ist9ZMw7TcHVqs6skrk/</value>
          </Data>
        </ExtendedData>
        <Point>
          <coordinates>
            -87.7878894,14.3944617,0
          </coordinates>
        </Point>
      </Placemark>
      <Placemark>
        <name>EMILIO ARTURO SUAZO MARQUEZ</name>
        <description><![CDATA[﻿FECHA: 24/5/2026<br>LATITUD: 14.3858815<br>LONGITUD: -87.8032457<br>ALTITUD MSNM: 1948<br>DEPARTAMENTO: Comayagua<br>MUNICIPIO: Comayagua<br>FINCA: Los Quetzales<br>DNI: 1201-1959-00012<br>IMAGEN DNI: https://kf.kobotoolbox.org/api/v2/assets/ad7G92bXCJpMkqNXz97XDt/data/761826753/attachments/attMQ5xVoPjJAmbmAKSpJM2T/<br>EDAD: 67<br>RAZA: Hass<br>VARIEDAD: <br>TOTAL PLANTAS: 400<br>PLANTAS EN PRODUCCION: 400<br>AREA EN MZ: 2<br>ANALISIS DE SUELO: No<br>IMAGEN ANALISIS: <br>FERTILIZA: Si<br>FUMIGA: Si<br>SISTEMA DE RIEGO: No<br>TIPO DE SISTEMA: <br>AREA CON RIEGO: <br>FUENTE DE AGUA: Si<br>CAPACITACION: Si<br>REALIZA PODAS: Si<br>AFILIADO A ASPAH: Si<br>CREDITO: No<br>TRABAJADORES PERMANENTES: No<br>CUANTOS TP: <br>TRANBAJADORES TEMPORALES: Si<br>CUANTOS TT: 3<br>SALARIO POR DIA: 300<br>LIBRAS COSECHADAS: 4000<br>UNIDADES COSECHADAS: <br>UNIDADES COSSECHADAS: <br>MESES DE COSECHA: Marzo<br>DONDE VENDE: Un comprador viene a mi finca.<br>PRECIO LIBRA: 16<br>PRECIO UNIDAD: <br>PRECIO UNNIDAD: <br>TRANSPORTE DE COSECHA: Ninguno<br>IMAGEN PRODUCTOR: https://kf.kobotoolbox.org/api/v2/assets/ad7G92bXCJpMkqNXz97XDt/data/761826753/attachments/attCpGvsrXJtqYxqCW7jPkod/<br>OBSERVACION: Le robaron la tuberia del sistema de riego<br>FIRMA: https://kf.kobotoolbox.org/api/v2/assets/ad7G92bXCJpMkqNXz97XDt/data/761826753/attachments/attZTUzSk5cidAKp9TGQKqK8/]]></description>
        <styleUrl>#icon-1899-FFD600</styleUrl>
        <ExtendedData>
          <Data name="﻿FECHA">
            <value>24/5/2026</value>
          </Data>
          <Data name="LATITUD">
            <value>14.3858815</value>
          </Data>
          <Data name="LONGITUD">
            <value>-87.8032457</value>
          </Data>
          <Data name="ALTITUD MSNM">
            <value>1948.0</value>
          </Data>
          <Data name="DEPARTAMENTO">
            <value>Comayagua</value>
          </Data>
          <Data name="MUNICIPIO">
            <value>Comayagua</value>
          </Data>
          <Data name="FINCA">
            <value>Los Quetzales</value>
          </Data>
          <Data name="DNI">
            <value>1201-1959-00012</value>
          </Data>
          <Data name="IMAGEN DNI">
            <value>https://kf.kobotoolbox.org/api/v2/assets/ad7G92bXCJpMkqNXz97XDt/data/761826753/attachments/attMQ5xVoPjJAmbmAKSpJM2T/</value>
          </Data>
          <Data name="EDAD">
            <value>67.0</value>
          </Data>
          <Data name="RAZA">
            <value>Hass</value>
          </Data>
          <Data name="VARIEDAD">
            <value/>
          </Data>
          <Data name="TOTAL PLANTAS">
            <value>400.0</value>
          </Data>
          <Data name="PLANTAS EN PRODUCCION">
            <value>400.0</value>
          </Data>
          <Data name="AREA EN MZ">
            <value>2</value>
          </Data>
          <Data name="ANALISIS DE SUELO">
            <value>No</value>
          </Data>
          <Data name="IMAGEN ANALISIS">
            <value/>
          </Data>
          <Data name="FERTILIZA">
            <value>Si</value>
          </Data>
          <Data name="FUMIGA">
            <value>Si</value>
          </Data>
          <Data name="SISTEMA DE RIEGO">
            <value>No</value>
          </Data>
          <Data name="TIPO DE SISTEMA">
            <value/>
          </Data>
          <Data name="AREA CON RIEGO">
            <value/>
          </Data>
          <Data name="FUENTE DE AGUA">
            <value>Si</value>
          </Data>
          <Data name="CAPACITACION">
            <value>Si</value>
          </Data>
          <Data name="REALIZA PODAS">
            <value>Si</value>
          </Data>
          <Data name="AFILIADO A ASPAH">
            <value>Si</value>
          </Data>
          <Data name="CREDITO">
            <value>No</value>
          </Data>
          <Data name="TRABAJADORES PERMANENTES">
            <value>No</value>
          </Data>
          <Data name="CUANTOS TP">
            <value/>
          </Data>
          <Data name="TRANBAJADORES TEMPORALES">
            <value>Si</value>
          </Data>
          <Data name="CUANTOS TT">
            <value>3.0</value>
          </Data>
          <Data name="SALARIO POR DIA">
            <value>300.0</value>
          </Data>
          <Data name="LIBRAS COSECHADAS">
            <value>4000.0</value>
          </Data>
          <Data name="UNIDADES COSECHADAS">
            <value/>
          </Data>
          <Data name="UNIDADES COSSECHADAS">
            <value/>
          </Data>
          <Data name="MESES DE COSECHA">
            <value>Marzo</value>
          </Data>
          <Data name="DONDE VENDE">
            <value>Un comprador viene a mi finca.</value>
          </Data>
          <Data name="PRECIO LIBRA">
            <value>16.0</value>
          </Data>
          <Data name="PRECIO UNIDAD">
            <value/>
          </Data>
          <Data name="PRECIO UNNIDAD">
            <value/>
          </Data>
          <Data name="TRANSPORTE DE COSECHA">
            <value>Ninguno</value>
          </Data>
          <Data name="IMAGEN PRODUCTOR">
            <value>https://kf.kobotoolbox.org/api/v2/assets/ad7G92bXCJpMkqNXz97XDt/data/761826753/attachments/attCpGvsrXJtqYxqCW7jPkod/</value>
          </Data>
          <Data name="OBSERVACION">
            <value>Le robaron la tuberia del sistema de riego</value>
          </Data>
          <Data name="FIRMA">
            <value>https://kf.kobotoolbox.org/api/v2/assets/ad7G92bXCJpMkqNXz97XDt/data/761826753/attachments/attZTUzSk5cidAKp9TGQKqK8/</value>
          </Data>
        </ExtendedData>
        <Point>
          <coordinates>
            -87.8032457,14.3858815,0
          </coordinates>
        </Point>
      </Placemark>
      <Placemark>
        <name>ALEXANDER SUAZO COREA</name>
        <description><![CDATA[﻿FECHA: 24/5/2026<br>LATITUD: 14.3803308<br>LONGITUD: -87.7893575<br>ALTITUD MSNM: 1791<br>DEPARTAMENTO: La Paz<br>MUNICIPIO: La paz<br>FINCA: Arturo<br>DNI: 1201-1973-00348<br>IMAGEN DNI: https://kf.kobotoolbox.org/api/v2/assets/ad7G92bXCJpMkqNXz97XDt/data/761826756/attachments/attsF6cAJPVghBjeAso562mE/<br>EDAD: 50<br>RAZA: Hass<br>VARIEDAD: <br>TOTAL PLANTAS: 400<br>PLANTAS EN PRODUCCION: 200<br>AREA EN MZ: 2<br>ANALISIS DE SUELO: Si<br>IMAGEN ANALISIS: <br>FERTILIZA: Si<br>FUMIGA: Si<br>SISTEMA DE RIEGO: No<br>TIPO DE SISTEMA: <br>AREA CON RIEGO: <br>FUENTE DE AGUA: Si<br>CAPACITACION: Si<br>REALIZA PODAS: Si<br>AFILIADO A ASPAH: Si<br>CREDITO: No<br>TRABAJADORES PERMANENTES: No<br>CUANTOS TP: <br>TRANBAJADORES TEMPORALES: Si<br>CUANTOS TT: 3<br>SALARIO POR DIA: 300<br>LIBRAS COSECHADAS: 2000<br>UNIDADES COSECHADAS: <br>UNIDADES COSSECHADAS: <br>MESES DE COSECHA: Enero Febrero Septiembre Noviembre<br>DONDE VENDE: Mercado local, pulperias y en casa.<br>PRECIO LIBRA: 25<br>PRECIO UNIDAD: <br>PRECIO UNNIDAD: <br>TRANSPORTE DE COSECHA: Vehiculo propio<br>IMAGEN PRODUCTOR: https://kf.kobotoolbox.org/api/v2/assets/ad7G92bXCJpMkqNXz97XDt/data/761826756/attachments/attKQRsBXWGwA5uFPaToiaoA/<br>OBSERVACION: <br>FIRMA: https://kf.kobotoolbox.org/api/v2/assets/ad7G92bXCJpMkqNXz97XDt/data/761826756/attachments/attaaWnZeDNQhiuJeS2vBPos/]]></description>
        <styleUrl>#icon-1899-FFD600</styleUrl>
        <ExtendedData>
          <Data name="﻿FECHA">
            <value>24/5/2026</value>
          </Data>
          <Data name="LATITUD">
            <value>14.3803308</value>
          </Data>
          <Data name="LONGITUD">
            <value>-87.7893575</value>
          </Data>
          <Data name="ALTITUD MSNM">
            <value>1791.0</value>
          </Data>
          <Data name="DEPARTAMENTO">
            <value>La Paz</value>
          </Data>
          <Data name="MUNICIPIO">
            <value>La paz</value>
          </Data>
          <Data name="FINCA">
            <value>Arturo</value>
          </Data>
          <Data name="DNI">
            <value>1201-1973-00348</value>
          </Data>
          <Data name="IMAGEN DNI">
            <value>https://kf.kobotoolbox.org/api/v2/assets/ad7G92bXCJpMkqNXz97XDt/data/761826756/attachments/attsF6cAJPVghBjeAso562mE/</value>
          </Data>
          <Data name="EDAD">
            <value>50.0</value>
          </Data>
          <Data name="RAZA">
            <value>Hass</value>
          </Data>
          <Data name="VARIEDAD">
            <value/>
          </Data>
          <Data name="TOTAL PLANTAS">
            <value>400.0</value>
          </Data>
          <Data name="PLANTAS EN PRODUCCION">
            <value>200.0</value>
          </Data>
          <Data name="AREA EN MZ">
            <value>2</value>
          </Data>
          <Data name="ANALISIS DE SUELO">
            <value>Si</value>
          </Data>
          <Data name="IMAGEN ANALISIS">
            <value/>
          </Data>
          <Data name="FERTILIZA">
            <value>Si</value>
          </Data>
          <Data name="FUMIGA">
            <value>Si</value>
          </Data>
          <Data name="SISTEMA DE RIEGO">
            <value>No</value>
          </Data>
          <Data name="TIPO DE SISTEMA">
            <value/>
          </Data>
          <Data name="AREA CON RIEGO">
            <value/>
          </Data>
          <Data name="FUENTE DE AGUA">
            <value>Si</value>
          </Data>
          <Data name="CAPACITACION">
            <value>Si</value>
          </Data>
          <Data name="REALIZA PODAS">
            <value>Si</value>
          </Data>
          <Data name="AFILIADO A ASPAH">
            <value>Si</value>
          </Data>
          <Data name="CREDITO">
            <value>No</value>
          </Data>
          <Data name="TRABAJADORES PERMANENTES">
            <value>No</value>
          </Data>
          <Data name="CUANTOS TP">
            <value/>
          </Data>
          <Data name="TRANBAJADORES TEMPORALES">
            <value>Si</value>
          </Data>
          <Data name="CUANTOS TT">
            <value>3.0</value>
          </Data>
          <Data name="SALARIO POR DIA">
            <value>300.0</value>
          </Data>
          <Data name="LIBRAS COSECHADAS">
            <value>2000.0</value>
          </Data>
          <Data name="UNIDADES COSECHADAS">
            <value/>
          </Data>
          <Data name="UNIDADES COSSECHADAS">
            <value/>
          </Data>
          <Data name="MESES DE COSECHA">
            <value>Enero Febrero Septiembre Noviembre</value>
          </Data>
          <Data name="DONDE VENDE">
            <value>Mercado local, pulperias y en casa.</value>
          </Data>
          <Data name="PRECIO LIBRA">
            <value>25.0</value>
          </Data>
          <Data name="PRECIO UNIDAD">
            <value/>
          </Data>
          <Data name="PRECIO UNNIDAD">
            <value/>
          </Data>
          <Data name="TRANSPORTE DE COSECHA">
            <value>Vehiculo propio</value>
          </Data>
          <Data name="IMAGEN PRODUCTOR">
            <value>https://kf.kobotoolbox.org/api/v2/assets/ad7G92bXCJpMkqNXz97XDt/data/761826756/attachments/attKQRsBXWGwA5uFPaToiaoA/</value>
          </Data>
          <Data name="OBSERVACION">
            <value/>
          </Data>
          <Data name="FIRMA">
            <value>https://kf.kobotoolbox.org/api/v2/assets/ad7G92bXCJpMkqNXz97XDt/data/761826756/attachments/attaaWnZeDNQhiuJeS2vBPos/</value>
          </Data>
        </ExtendedData>
        <Point>
          <coordinates>
            -87.7893575,14.3803308,0
          </coordinates>
        </Point>
      </Placemark>
      <Placemark>
        <name>CELESTINO MENDEZ SUAZO</name>
        <description><![CDATA[﻿FECHA: 24/5/2026<br>LATITUD: 14.3822575<br>LONGITUD: -87.7984224<br>ALTITUD MSNM: 1998<br>DEPARTAMENTO: Comayagua<br>MUNICIPIO: Comayagua<br>FINCA: El Pacayal<br>DNI: 1201-1973-00455<br>IMAGEN DNI: https://kf.kobotoolbox.org/api/v2/assets/ad7G92bXCJpMkqNXz97XDt/data/761826765/attachments/attbM6kMj8e6bBrUQj53gQfD/<br>EDAD: 51<br>RAZA: Hass<br>VARIEDAD: <br>TOTAL PLANTAS: 300<br>PLANTAS EN PRODUCCION: 0<br>AREA EN MZ: 1,5<br>ANALISIS DE SUELO: No<br>IMAGEN ANALISIS: <br>FERTILIZA: Si<br>FUMIGA: Si<br>SISTEMA DE RIEGO: No<br>TIPO DE SISTEMA: <br>AREA CON RIEGO: <br>FUENTE DE AGUA: Si<br>CAPACITACION: Si<br>REALIZA PODAS: Si<br>AFILIADO A ASPAH: Si<br>CREDITO: Si<br>TRABAJADORES PERMANENTES: No<br>CUANTOS TP: <br>TRANBAJADORES TEMPORALES: Si<br>CUANTOS TT: 4<br>SALARIO POR DIA: 300<br>LIBRAS COSECHADAS: 0<br>UNIDADES COSECHADAS: <br>UNIDADES COSSECHADAS: <br>MESES DE COSECHA: Enero<br>DONDE VENDE: No he vendido aún.<br>PRECIO LIBRA: 0<br>PRECIO UNIDAD: <br>PRECIO UNNIDAD: <br>TRANSPORTE DE COSECHA: Ninguno<br>IMAGEN PRODUCTOR: https://kf.kobotoolbox.org/api/v2/assets/ad7G92bXCJpMkqNXz97XDt/data/761826765/attachments/attaXWXXx6tnZvWHkdbuSboL/<br>OBSERVACION: <br>FIRMA: https://kf.kobotoolbox.org/api/v2/assets/ad7G92bXCJpMkqNXz97XDt/data/761826765/attachments/attmVKr4QQzzrTyxfBLixFwg/]]></description>
        <styleUrl>#icon-1899-FFD600</styleUrl>
        <ExtendedData>
          <Data name="﻿FECHA">
            <value>24/5/2026</value>
          </Data>
          <Data name="LATITUD">
            <value>14.3822575</value>
          </Data>
          <Data name="LONGITUD">
            <value>-87.7984224</value>
          </Data>
          <Data name="ALTITUD MSNM">
            <value>1998.0</value>
          </Data>
          <Data name="DEPARTAMENTO">
            <value>Comayagua</value>
          </Data>
          <Data name="MUNICIPIO">
            <value>Comayagua</value>
          </Data>
          <Data name="FINCA">
            <value>El Pacayal</value>
          </Data>
          <Data name="DNI">
            <value>1201-1973-00455</value>
          </Data>
          <Data name="IMAGEN DNI">
            <value>https://kf.kobotoolbox.org/api/v2/assets/ad7G92bXCJpMkqNXz97XDt/data/761826765/attachments/attbM6kMj8e6bBrUQj53gQfD/</value>
          </Data>
          <Data name="EDAD">
            <value>51.0</value>
          </Data>
          <Data name="RAZA">
            <value>Hass</value>
          </Data>
          <Data name="VARIEDAD">
            <value/>
          </Data>
          <Data name="TOTAL PLANTAS">
            <value>300.0</value>
          </Data>
          <Data name="PLANTAS EN PRODUCCION">
            <value>0.0</value>
          </Data>
          <Data name="AREA EN MZ">
            <value>1,5</value>
          </Data>
          <Data name="ANALISIS DE SUELO">
            <value>No</value>
          </Data>
          <Data name="IMAGEN ANALISIS">
            <value/>
          </Data>
          <Data name="FERTILIZA">
            <value>Si</value>
          </Data>
          <Data name="FUMIGA">
            <value>Si</value>
          </Data>
          <Data name="SISTEMA DE RIEGO">
            <value>No</value>
          </Data>
          <Data name="TIPO DE SISTEMA">
            <value/>
          </Data>
          <Data name="AREA CON RIEGO">
            <value/>
          </Data>
          <Data name="FUENTE DE AGUA">
            <value>Si</value>
          </Data>
          <Data name="CAPACITACION">
            <value>Si</value>
          </Data>
          <Data name="REALIZA PODAS">
            <value>Si</value>
          </Data>
          <Data name="AFILIADO A ASPAH">
            <value>Si</value>
          </Data>
          <Data name="CREDITO">
            <value>Si</value>
          </Data>
          <Data name="TRABAJADORES PERMANENTES">
            <value>No</value>
          </Data>
          <Data name="CUANTOS TP">
            <value/>
          </Data>
          <Data name="TRANBAJADORES TEMPORALES">
            <value>Si</value>
          </Data>
          <Data name="CUANTOS TT">
            <value>4.0</value>
          </Data>
          <Data name="SALARIO POR DIA">
            <value>300.0</value>
          </Data>
          <Data name="LIBRAS COSECHADAS">
            <value>0.0</value>
          </Data>
          <Data name="UNIDADES COSECHADAS">
            <value/>
          </Data>
          <Data name="UNIDADES COSSECHADAS">
            <value/>
          </Data>
          <Data name="MESES DE COSECHA">
            <value>Enero</value>
          </Data>
          <Data name="DONDE VENDE">
            <value>No he vendido aún.</value>
          </Data>
          <Data name="PRECIO LIBRA">
            <value>0.0</value>
          </Data>
          <Data name="PRECIO UNIDAD">
            <value/>
          </Data>
          <Data name="PRECIO UNNIDAD">
            <value/>
          </Data>
          <Data name="TRANSPORTE DE COSECHA">
            <value>Ninguno</value>
          </Data>
          <Data name="IMAGEN PRODUCTOR">
            <value>https://kf.kobotoolbox.org/api/v2/assets/ad7G92bXCJpMkqNXz97XDt/data/761826765/attachments/attaXWXXx6tnZvWHkdbuSboL/</value>
          </Data>
          <Data name="OBSERVACION">
            <value/>
          </Data>
          <Data name="FIRMA">
            <value>https://kf.kobotoolbox.org/api/v2/assets/ad7G92bXCJpMkqNXz97XDt/data/761826765/attachments/attmVKr4QQzzrTyxfBLixFwg/</value>
          </Data>
        </ExtendedData>
        <Point>
          <coordinates>
            -87.7984224,14.3822575,0
          </coordinates>
        </Point>
      </Placemark>
      <Placemark>
        <name>LUIS JOHAN ARGUETA COREA</name>
        <description><![CDATA[﻿FECHA: 24/5/2026<br>LATITUD: 14.3957923<br>LONGITUD: -87.7851501<br>ALTITUD MSNM: 1863<br>DEPARTAMENTO: La Paz<br>MUNICIPIO: La paz<br>FINCA: La Palitraca<br>DNI: 1201-1988-00412<br>IMAGEN DNI: https://kf.kobotoolbox.org/api/v2/assets/ad7G92bXCJpMkqNXz97XDt/data/761826773/attachments/attnDUj8NFB94MMiKAS947Er/<br>EDAD: 37<br>RAZA: Hass<br>VARIEDAD: <br>TOTAL PLANTAS: 120<br>PLANTAS EN PRODUCCION: 0<br>AREA EN MZ: 0,60<br>ANALISIS DE SUELO: No<br>IMAGEN ANALISIS: <br>FERTILIZA: Si<br>FUMIGA: Si<br>SISTEMA DE RIEGO: No<br>TIPO DE SISTEMA: <br>AREA CON RIEGO: <br>FUENTE DE AGUA: Si<br>CAPACITACION: Si<br>REALIZA PODAS: Si<br>AFILIADO A ASPAH: Si<br>CREDITO: No<br>TRABAJADORES PERMANENTES: No<br>CUANTOS TP: <br>TRANBAJADORES TEMPORALES: Si<br>CUANTOS TT: 3<br>SALARIO POR DIA: 300<br>LIBRAS COSECHADAS: 0<br>UNIDADES COSECHADAS: <br>UNIDADES COSSECHADAS: <br>MESES DE COSECHA: Enero<br>DONDE VENDE: No he vendido aún.<br>PRECIO LIBRA: 0<br>PRECIO UNIDAD: <br>PRECIO UNNIDAD: <br>TRANSPORTE DE COSECHA: Ninguno<br>IMAGEN PRODUCTOR: https://kf.kobotoolbox.org/api/v2/assets/ad7G92bXCJpMkqNXz97XDt/data/761826773/attachments/attCYM4rBxwEoqDd8jEb8D4g/<br>OBSERVACION: <br>FIRMA: https://kf.kobotoolbox.org/api/v2/assets/ad7G92bXCJpMkqNXz97XDt/data/761826773/attachments/attiR7C5K3wVsUAmQMTijbnN/]]></description>
        <styleUrl>#icon-1899-FFD600</styleUrl>
        <ExtendedData>
          <Data name="﻿FECHA">
            <value>24/5/2026</value>
          </Data>
          <Data name="LATITUD">
            <value>14.3957923</value>
          </Data>
          <Data name="LONGITUD">
            <value>-87.7851501</value>
          </Data>
          <Data name="ALTITUD MSNM">
            <value>1863.0</value>
          </Data>
          <Data name="DEPARTAMENTO">
            <value>La Paz</value>
          </Data>
          <Data name="MUNICIPIO">
            <value>La paz</value>
          </Data>
          <Data name="FINCA">
            <value>La Palitraca</value>
          </Data>
          <Data name="DNI">
            <value>1201-1988-00412</value>
          </Data>
          <Data name="IMAGEN DNI">
            <value>https://kf.kobotoolbox.org/api/v2/assets/ad7G92bXCJpMkqNXz97XDt/data/761826773/attachments/attnDUj8NFB94MMiKAS947Er/</value>
          </Data>
          <Data name="EDAD">
            <value>37.0</value>
          </Data>
          <Data name="RAZA">
            <value>Hass</value>
          </Data>
          <Data name="VARIEDAD">
            <value/>
          </Data>
          <Data name="TOTAL PLANTAS">
            <value>120.0</value>
          </Data>
          <Data name="PLANTAS EN PRODUCCION">
            <value>0.0</value>
          </Data>
          <Data name="AREA EN MZ">
            <value>0,60</value>
          </Data>
          <Data name="ANALISIS DE SUELO">
            <value>No</value>
          </Data>
          <Data name="IMAGEN ANALISIS">
            <value/>
          </Data>
          <Data name="FERTILIZA">
            <value>Si</value>
          </Data>
          <Data name="FUMIGA">
            <value>Si</value>
          </Data>
          <Data name="SISTEMA DE RIEGO">
            <value>No</value>
          </Data>
          <Data name="TIPO DE SISTEMA">
            <value/>
          </Data>
          <Data name="AREA CON RIEGO">
            <value/>
          </Data>
          <Data name="FUENTE DE AGUA">
            <value>Si</value>
          </Data>
          <Data name="CAPACITACION">
            <value>Si</value>
          </Data>
          <Data name="REALIZA PODAS">
            <value>Si</value>
          </Data>
          <Data name="AFILIADO A ASPAH">
            <value>Si</value>
          </Data>
          <Data name="CREDITO">
            <value>No</value>
          </Data>
          <Data name="TRABAJADORES PERMANENTES">
            <value>No</value>
          </Data>
          <Data name="CUANTOS TP">
            <value/>
          </Data>
          <Data name="TRANBAJADORES TEMPORALES">
            <value>Si</value>
          </Data>
          <Data name="CUANTOS TT">
            <value>3.0</value>
          </Data>
          <Data name="SALARIO POR DIA">
            <value>300.0</value>
          </Data>
          <Data name="LIBRAS COSECHADAS">
            <value>0.0</value>
          </Data>
          <Data name="UNIDADES COSECHADAS">
            <value/>
          </Data>
          <Data name="UNIDADES COSSECHADAS">
            <value/>
          </Data>
          <Data name="MESES DE COSECHA">
            <value>Enero</value>
          </Data>
          <Data name="DONDE VENDE">
            <value>No he vendido aún.</value>
          </Data>
          <Data name="PRECIO LIBRA">
            <value>0.0</value>
          </Data>
          <Data name="PRECIO UNIDAD">
            <value/>
          </Data>
          <Data name="PRECIO UNNIDAD">
            <value/>
          </Data>
          <Data name="TRANSPORTE DE COSECHA">
            <value>Ninguno</value>
          </Data>
          <Data name="IMAGEN PRODUCTOR">
            <value>https://kf.kobotoolbox.org/api/v2/assets/ad7G92bXCJpMkqNXz97XDt/data/761826773/attachments/attCYM4rBxwEoqDd8jEb8D4g/</value>
          </Data>
          <Data name="OBSERVACION">
            <value/>
          </Data>
          <Data name="FIRMA">
            <value>https://kf.kobotoolbox.org/api/v2/assets/ad7G92bXCJpMkqNXz97XDt/data/761826773/attachments/attiR7C5K3wVsUAmQMTijbnN/</value>
          </Data>
        </ExtendedData>
        <Point>
          <coordinates>
            -87.7851501,14.3957923,0
          </coordinates>
        </Point>
      </Placemark>
      <Placemark>
        <name>ANAEL SUAZO VASQUEZ</name>
        <description><![CDATA[﻿FECHA: 24/5/2026<br>LATITUD: 14.3844194<br>LONGITUD: -87.7983013<br>ALTITUD MSNM: 1962<br>DEPARTAMENTO: Comayagua<br>MUNICIPIO: Comayagua<br>FINCA: El Pacayal<br>DNI: 1201-1988-00330<br>IMAGEN DNI: https://kf.kobotoolbox.org/api/v2/assets/ad7G92bXCJpMkqNXz97XDt/data/761826778/attachments/attLD8Cfc6tcgvpVKdebYnCd/<br>EDAD: 39<br>RAZA: Hass<br>VARIEDAD: <br>TOTAL PLANTAS: 1000<br>PLANTAS EN PRODUCCION: 200<br>AREA EN MZ: 5<br>ANALISIS DE SUELO: Si<br>IMAGEN ANALISIS: <br>FERTILIZA: Si<br>FUMIGA: Si<br>SISTEMA DE RIEGO: No<br>TIPO DE SISTEMA: <br>AREA CON RIEGO: <br>FUENTE DE AGUA: No<br>CAPACITACION: Si<br>REALIZA PODAS: Si<br>AFILIADO A ASPAH: No<br>CREDITO: No<br>TRABAJADORES PERMANENTES: No<br>CUANTOS TP: <br>TRANBAJADORES TEMPORALES: Si<br>CUANTOS TT: 4<br>SALARIO POR DIA: 300<br>LIBRAS COSECHADAS: 12000<br>UNIDADES COSECHADAS: <br>UNIDADES COSSECHADAS: <br>MESES DE COSECHA: Marzo Abril Agosto<br>DONDE VENDE: Un comprador viene a mi finca.<br>PRECIO LIBRA: 16<br>PRECIO UNIDAD: <br>PRECIO UNNIDAD: <br>TRANSPORTE DE COSECHA: Vehiculo propio<br>IMAGEN PRODUCTOR: https://kf.kobotoolbox.org/api/v2/assets/ad7G92bXCJpMkqNXz97XDt/data/761826778/attachments/attgJVJFcDNHxTgr2WG3wHC4/<br>OBSERVACION: <br>FIRMA: https://kf.kobotoolbox.org/api/v2/assets/ad7G92bXCJpMkqNXz97XDt/data/761826778/attachments/attFcGCK5JDcRqb9pC67Km5m/]]></description>
        <styleUrl>#icon-1899-FFD600</styleUrl>
        <ExtendedData>
          <Data name="﻿FECHA">
            <value>24/5/2026</value>
          </Data>
          <Data name="LATITUD">
            <value>14.3844194</value>
          </Data>
          <Data name="LONGITUD">
            <value>-87.7983013</value>
          </Data>
          <Data name="ALTITUD MSNM">
            <value>1962.0</value>
          </Data>
          <Data name="DEPARTAMENTO">
            <value>Comayagua</value>
          </Data>
          <Data name="MUNICIPIO">
            <value>Comayagua</value>
          </Data>
          <Data name="FINCA">
            <value>El Pacayal</value>
          </Data>
          <Data name="DNI">
            <value>1201-1988-00330</value>
          </Data>
          <Data name="IMAGEN DNI">
            <value>https://kf.kobotoolbox.org/api/v2/assets/ad7G92bXCJpMkqNXz97XDt/data/761826778/attachments/attLD8Cfc6tcgvpVKdebYnCd/</value>
          </Data>
          <Data name="EDAD">
            <value>39.0</value>
          </Data>
          <Data name="RAZA">
            <value>Hass</value>
          </Data>
          <Data name="VARIEDAD">
            <value/>
          </Data>
          <Data name="TOTAL PLANTAS">
            <value>1000.0</value>
          </Data>
          <Data name="PLANTAS EN PRODUCCION">
            <value>200.0</value>
          </Data>
          <Data name="AREA EN MZ">
            <value>5</value>
          </Data>
          <Data name="ANALISIS DE SUELO">
            <value>Si</value>
          </Data>
          <Data name="IMAGEN ANALISIS">
            <value/>
          </Data>
          <Data name="FERTILIZA">
            <value>Si</value>
          </Data>
          <Data name="FUMIGA">
            <value>Si</value>
          </Data>
          <Data name="SISTEMA DE RIEGO">
            <value>No</value>
          </Data>
          <Data name="TIPO DE SISTEMA">
            <value/>
          </Data>
          <Data name="AREA CON RIEGO">
            <value/>
          </Data>
          <Data name="FUENTE DE AGUA">
            <value>No</value>
          </Data>
          <Data name="CAPACITACION">
            <value>Si</value>
          </Data>
          <Data name="REALIZA PODAS">
            <value>Si</value>
          </Data>
          <Data name="AFILIADO A ASPAH">
            <value>No</value>
          </Data>
          <Data name="CREDITO">
            <value>No</value>
          </Data>
          <Data name="TRABAJADORES PERMANENTES">
            <value>No</value>
          </Data>
          <Data name="CUANTOS TP">
            <value/>
          </Data>
          <Data name="TRANBAJADORES TEMPORALES">
            <value>Si</value>
          </Data>
          <Data name="CUANTOS TT">
            <value>4.0</value>
          </Data>
          <Data name="SALARIO POR DIA">
            <value>300.0</value>
          </Data>
          <Data name="LIBRAS COSECHADAS">
            <value>12000.0</value>
          </Data>
          <Data name="UNIDADES COSECHADAS">
            <value/>
          </Data>
          <Data name="UNIDADES COSSECHADAS">
            <value/>
          </Data>
          <Data name="MESES DE COSECHA">
            <value>Marzo Abril Agosto</value>
          </Data>
          <Data name="DONDE VENDE">
            <value>Un comprador viene a mi finca.</value>
          </Data>
          <Data name="PRECIO LIBRA">
            <value>16.0</value>
          </Data>
          <Data name="PRECIO UNIDAD">
            <value/>
          </Data>
          <Data name="PRECIO UNNIDAD">
            <value/>
          </Data>
          <Data name="TRANSPORTE DE COSECHA">
            <value>Vehiculo propio</value>
          </Data>
          <Data name="IMAGEN PRODUCTOR">
            <value>https://kf.kobotoolbox.org/api/v2/assets/ad7G92bXCJpMkqNXz97XDt/data/761826778/attachments/attgJVJFcDNHxTgr2WG3wHC4/</value>
          </Data>
          <Data name="OBSERVACION">
            <value/>
          </Data>
          <Data name="FIRMA">
            <value>https://kf.kobotoolbox.org/api/v2/assets/ad7G92bXCJpMkqNXz97XDt/data/761826778/attachments/attFcGCK5JDcRqb9pC67Km5m/</value>
          </Data>
        </ExtendedData>
        <Point>
          <coordinates>
            -87.7983013,14.3844194,0
          </coordinates>
        </Point>
      </Placemark>
      <Placemark>
        <name>ELISEO GIRON ARGUETA</name>
        <description><![CDATA[﻿FECHA: 24/5/2026<br>LATITUD: 14.3748806<br>LONGITUD: -87.7920987<br>ALTITUD MSNM: 1947<br>DEPARTAMENTO: La Paz<br>MUNICIPIO: La paz<br>FINCA: Elizabeth<br>DNI: 1201-1975-00314<br>IMAGEN DNI: https://kf.kobotoolbox.org/api/v2/assets/ad7G92bXCJpMkqNXz97XDt/data/761826786/attachments/attoL82jC8PHnkHc7meo3Ziw/<br>EDAD: 51<br>RAZA: Hass<br>VARIEDAD: <br>TOTAL PLANTAS: 100<br>PLANTAS EN PRODUCCION: 50<br>AREA EN MZ: 0,50<br>ANALISIS DE SUELO: No<br>IMAGEN ANALISIS: <br>FERTILIZA: Si<br>FUMIGA: Si<br>SISTEMA DE RIEGO: No<br>TIPO DE SISTEMA: <br>AREA CON RIEGO: <br>FUENTE DE AGUA: Si<br>CAPACITACION: No<br>REALIZA PODAS: Si<br>AFILIADO A ASPAH: No<br>CREDITO: No<br>TRABAJADORES PERMANENTES: No<br>CUANTOS TP: <br>TRANBAJADORES TEMPORALES: Si<br>CUANTOS TT: 2<br>SALARIO POR DIA: 350<br>LIBRAS COSECHADAS: 700<br>UNIDADES COSECHADAS: <br>UNIDADES COSSECHADAS: <br>MESES DE COSECHA: Diciembre<br>DONDE VENDE: Mercado local, pulperias y en casa.<br>PRECIO LIBRA: 18<br>PRECIO UNIDAD: <br>PRECIO UNNIDAD: <br>TRANSPORTE DE COSECHA: Vehiculo propio<br>IMAGEN PRODUCTOR: https://kf.kobotoolbox.org/api/v2/assets/ad7G92bXCJpMkqNXz97XDt/data/761826786/attachments/attk6rLVoPdqMmQzm39X4fJb/<br>OBSERVACION: <br>FIRMA: https://kf.kobotoolbox.org/api/v2/assets/ad7G92bXCJpMkqNXz97XDt/data/761826786/attachments/attcBSKcV5Dq52og9uMnykpL/]]></description>
        <styleUrl>#icon-1899-FFD600</styleUrl>
        <ExtendedData>
          <Data name="﻿FECHA">
            <value>24/5/2026</value>
          </Data>
          <Data name="LATITUD">
            <value>14.3748806</value>
          </Data>
          <Data name="LONGITUD">
            <value>-87.7920987</value>
          </Data>
          <Data name="ALTITUD MSNM">
            <value>1947.0</value>
          </Data>
          <Data name="DEPARTAMENTO">
            <value>La Paz</value>
          </Data>
          <Data name="MUNICIPIO">
            <value>La paz</value>
          </Data>
          <Data name="FINCA">
            <value>Elizabeth</value>
          </Data>
          <Data name="DNI">
            <value>1201-1975-00314</value>
          </Data>
          <Data name="IMAGEN DNI">
            <value>https://kf.kobotoolbox.org/api/v2/assets/ad7G92bXCJpMkqNXz97XDt/data/761826786/attachments/attoL82jC8PHnkHc7meo3Ziw/</value>
          </Data>
          <Data name="EDAD">
            <value>51.0</value>
          </Data>
          <Data name="RAZA">
            <value>Hass</value>
          </Data>
          <Data name="VARIEDAD">
            <value/>
          </Data>
          <Data name="TOTAL PLANTAS">
            <value>100.0</value>
          </Data>
          <Data name="PLANTAS EN PRODUCCION">
            <value>50.0</value>
          </Data>
          <Data name="AREA EN MZ">
            <value>0,50</value>
          </Data>
          <Data name="ANALISIS DE SUELO">
            <value>No</value>
          </Data>
          <Data name="IMAGEN ANALISIS">
            <value/>
          </Data>
          <Data name="FERTILIZA">
            <value>Si</value>
          </Data>
          <Data name="FUMIGA">
            <value>Si</value>
          </Data>
          <Data name="SISTEMA DE RIEGO">
            <value>No</value>
          </Data>
          <Data name="TIPO DE SISTEMA">
            <value/>
          </Data>
          <Data name="AREA CON RIEGO">
            <value/>
          </Data>
          <Data name="FUENTE DE AGUA">
            <value>Si</value>
          </Data>
          <Data name="CAPACITACION">
            <value>No</value>
          </Data>
          <Data name="REALIZA PODAS">
            <value>Si</value>
          </Data>
          <Data name="AFILIADO A ASPAH">
            <value>No</value>
          </Data>
          <Data name="CREDITO">
            <value>No</value>
          </Data>
          <Data name="TRABAJADORES PERMANENTES">
            <value>No</value>
          </Data>
          <Data name="CUANTOS TP">
            <value/>
          </Data>
          <Data name="TRANBAJADORES TEMPORALES">
            <value>Si</value>
          </Data>
          <Data name="CUANTOS TT">
            <value>2.0</value>
          </Data>
          <Data name="SALARIO POR DIA">
            <value>350.0</value>
          </Data>
          <Data name="LIBRAS COSECHADAS">
            <value>700.0</value>
          </Data>
          <Data name="UNIDADES COSECHADAS">
            <value/>
          </Data>
          <Data name="UNIDADES COSSECHADAS">
            <value/>
          </Data>
          <Data name="MESES DE COSECHA">
            <value>Diciembre</value>
          </Data>
          <Data name="DONDE VENDE">
            <value>Mercado local, pulperias y en casa.</value>
          </Data>
          <Data name="PRECIO LIBRA">
            <value>18.0</value>
          </Data>
          <Data name="PRECIO UNIDAD">
            <value/>
          </Data>
          <Data name="PRECIO UNNIDAD">
            <value/>
          </Data>
          <Data name="TRANSPORTE DE COSECHA">
            <value>Vehiculo propio</value>
          </Data>
          <Data name="IMAGEN PRODUCTOR">
            <value>https://kf.kobotoolbox.org/api/v2/assets/ad7G92bXCJpMkqNXz97XDt/data/761826786/attachments/attk6rLVoPdqMmQzm39X4fJb/</value>
          </Data>
          <Data name="OBSERVACION">
            <value/>
          </Data>
          <Data name="FIRMA">
            <value>https://kf.kobotoolbox.org/api/v2/assets/ad7G92bXCJpMkqNXz97XDt/data/761826786/attachments/attcBSKcV5Dq52og9uMnykpL/</value>
          </Data>
        </ExtendedData>
        <Point>
          <coordinates>
            -87.7920987,14.3748806,0
          </coordinates>
        </Point>
      </Placemark>
      <Placemark>
        <name>CARLOS ALBERTO FUENTES QUINTERO</name>
        <description><![CDATA[﻿FECHA: 24/5/2026<br>LATITUD: 14.3910923<br>LONGITUD: -87.8040527<br>ALTITUD MSNM: 1851<br>DEPARTAMENTO: Comayagua<br>MUNICIPIO: Comayagua<br>FINCA: La secadora<br>DNI: 1613-1993-01064<br>IMAGEN DNI: https://kf.kobotoolbox.org/api/v2/assets/ad7G92bXCJpMkqNXz97XDt/data/761826789/attachments/attoCqJhqoFJg6b4L5o5BGVv/<br>EDAD: 32<br>RAZA: Hass<br>VARIEDAD: <br>TOTAL PLANTAS: 250<br>PLANTAS EN PRODUCCION: 130<br>AREA EN MZ: 1,25<br>ANALISIS DE SUELO: No<br>IMAGEN ANALISIS: <br>FERTILIZA: Si<br>FUMIGA: Si<br>SISTEMA DE RIEGO: No<br>TIPO DE SISTEMA: <br>AREA CON RIEGO: <br>FUENTE DE AGUA: Si<br>CAPACITACION: Si<br>REALIZA PODAS: Si<br>AFILIADO A ASPAH: Si<br>CREDITO: No<br>TRABAJADORES PERMANENTES: Si<br>CUANTOS TP: 2<br>TRANBAJADORES TEMPORALES: Si<br>CUANTOS TT: 2<br>SALARIO POR DIA: 250<br>LIBRAS COSECHADAS: 2500<br>UNIDADES COSECHADAS: <br>UNIDADES COSSECHADAS: <br>MESES DE COSECHA: Febrero<br>DONDE VENDE: Un comprador viene a mi finca.<br>PRECIO LIBRA: 15<br>PRECIO UNIDAD: <br>PRECIO UNNIDAD: <br>TRANSPORTE DE COSECHA: Ninguno<br>IMAGEN PRODUCTOR: https://kf.kobotoolbox.org/api/v2/assets/ad7G92bXCJpMkqNXz97XDt/data/761826789/attachments/att6KyENgmDaDAky9eZzPXXe/<br>OBSERVACION: <br>FIRMA: https://kf.kobotoolbox.org/api/v2/assets/ad7G92bXCJpMkqNXz97XDt/data/761826789/attachments/attfrNzQSrZzVkLn54aE6qX3/]]></description>
        <styleUrl>#icon-1899-FFD600</styleUrl>
        <ExtendedData>
          <Data name="﻿FECHA">
            <value>24/5/2026</value>
          </Data>
          <Data name="LATITUD">
            <value>14.3910923</value>
          </Data>
          <Data name="LONGITUD">
            <value>-87.8040527</value>
          </Data>
          <Data name="ALTITUD MSNM">
            <value>1851.0</value>
          </Data>
          <Data name="DEPARTAMENTO">
            <value>Comayagua</value>
          </Data>
          <Data name="MUNICIPIO">
            <value>Comayagua</value>
          </Data>
          <Data name="FINCA">
            <value>La secadora</value>
          </Data>
          <Data name="DNI">
            <value>1613-1993-01064</value>
          </Data>
          <Data name="IMAGEN DNI">
            <value>https://kf.kobotoolbox.org/api/v2/assets/ad7G92bXCJpMkqNXz97XDt/data/761826789/attachments/attoCqJhqoFJg6b4L5o5BGVv/</value>
          </Data>
          <Data name="EDAD">
            <value>32.0</value>
          </Data>
          <Data name="RAZA">
            <value>Hass</value>
          </Data>
          <Data name="VARIEDAD">
            <value/>
          </Data>
          <Data name="TOTAL PLANTAS">
            <value>250.0</value>
          </Data>
          <Data name="PLANTAS EN PRODUCCION">
            <value>130.0</value>
          </Data>
          <Data name="AREA EN MZ">
            <value>1,25</value>
          </Data>
          <Data name="ANALISIS DE SUELO">
            <value>No</value>
          </Data>
          <Data name="IMAGEN ANALISIS">
            <value/>
          </Data>
          <Data name="FERTILIZA">
            <value>Si</value>
          </Data>
          <Data name="FUMIGA">
            <value>Si</value>
          </Data>
          <Data name="SISTEMA DE RIEGO">
            <value>No</value>
          </Data>
          <Data name="TIPO DE SISTEMA">
            <value/>
          </Data>
          <Data name="AREA CON RIEGO">
            <value/>
          </Data>
          <Data name="FUENTE DE AGUA">
            <value>Si</value>
          </Data>
          <Data name="CAPACITACION">
            <value>Si</value>
          </Data>
          <Data name="REALIZA PODAS">
            <value>Si</value>
          </Data>
          <Data name="AFILIADO A ASPAH">
            <value>Si</value>
          </Data>
          <Data name="CREDITO">
            <value>No</value>
          </Data>
          <Data name="TRABAJADORES PERMANENTES">
            <value>Si</value>
          </Data>
          <Data name="CUANTOS TP">
            <value>2.0</value>
          </Data>
          <Data name="TRANBAJADORES TEMPORALES">
            <value>Si</value>
          </Data>
          <Data name="CUANTOS TT">
            <value>2.0</value>
          </Data>
          <Data name="SALARIO POR DIA">
            <value>250.0</value>
          </Data>
          <Data name="LIBRAS COSECHADAS">
            <value>2500.0</value>
          </Data>
          <Data name="UNIDADES COSECHADAS">
            <value/>
          </Data>
          <Data name="UNIDADES COSSECHADAS">
            <value/>
          </Data>
          <Data name="MESES DE COSECHA">
            <value>Febrero</value>
          </Data>
          <Data name="DONDE VENDE">
            <value>Un comprador viene a mi finca.</value>
          </Data>
          <Data name="PRECIO LIBRA">
            <value>15.0</value>
          </Data>
          <Data name="PRECIO UNIDAD">
            <value/>
          </Data>
          <Data name="PRECIO UNNIDAD">
            <value/>
          </Data>
          <Data name="TRANSPORTE DE COSECHA">
            <value>Ninguno</value>
          </Data>
          <Data name="IMAGEN PRODUCTOR">
            <value>https://kf.kobotoolbox.org/api/v2/assets/ad7G92bXCJpMkqNXz97XDt/data/761826789/attachments/att6KyENgmDaDAky9eZzPXXe/</value>
          </Data>
          <Data name="OBSERVACION">
            <value/>
          </Data>
          <Data name="FIRMA">
            <value>https://kf.kobotoolbox.org/api/v2/assets/ad7G92bXCJpMkqNXz97XDt/data/761826789/attachments/attfrNzQSrZzVkLn54aE6qX3/</value>
          </Data>
        </ExtendedData>
        <Point>
          <coordinates>
            -87.8040527,14.3910923,0
          </coordinates>
        </Point>
      </Placemark>
      <Placemark>
        <name>JUAN FRANCISCO CASTILLO PACHECO</name>
        <description><![CDATA[﻿FECHA: 24/5/2026<br>LATITUD: 14.3737062<br>LONGITUD: -87.7952563<br>ALTITUD MSNM: 2005<br>DEPARTAMENTO: La Paz<br>MUNICIPIO: La paz<br>FINCA: El colmenar<br>DNI: 0302-1979-00198<br>IMAGEN DNI: https://kf.kobotoolbox.org/api/v2/assets/ad7G92bXCJpMkqNXz97XDt/data/761826790/attachments/attKaujbwitgL3Hyi4fNL24U/<br>EDAD: 47<br>RAZA: Hass<br>VARIEDAD: <br>TOTAL PLANTAS: 120<br>PLANTAS EN PRODUCCION: 120<br>AREA EN MZ: 0,65<br>ANALISIS DE SUELO: No<br>IMAGEN ANALISIS: <br>FERTILIZA: Si<br>FUMIGA: Si<br>SISTEMA DE RIEGO: No<br>TIPO DE SISTEMA: <br>AREA CON RIEGO: <br>FUENTE DE AGUA: Si<br>CAPACITACION: No<br>REALIZA PODAS: Si<br>AFILIADO A ASPAH: No<br>CREDITO: No<br>TRABAJADORES PERMANENTES: No<br>CUANTOS TP: <br>TRANBAJADORES TEMPORALES: Si<br>CUANTOS TT: 3<br>SALARIO POR DIA: 300<br>LIBRAS COSECHADAS: 1250<br>UNIDADES COSECHADAS: <br>UNIDADES COSSECHADAS: <br>MESES DE COSECHA: Enero Febrero<br>DONDE VENDE: Mercado local, pulperias y en casa.<br>PRECIO LIBRA: 12<br>PRECIO UNIDAD: <br>PRECIO UNNIDAD: <br>TRANSPORTE DE COSECHA: Vehiculo propio<br>IMAGEN PRODUCTOR: https://kf.kobotoolbox.org/api/v2/assets/ad7G92bXCJpMkqNXz97XDt/data/761826790/attachments/att5ub4zZcSohMRPzUvvkvDM/<br>OBSERVACION: <br>FIRMA: https://kf.kobotoolbox.org/api/v2/assets/ad7G92bXCJpMkqNXz97XDt/data/761826790/attachments/attpLS4tCx2VSYLDQCK823yp/]]></description>
        <styleUrl>#icon-1899-FFD600</styleUrl>
        <ExtendedData>
          <Data name="﻿FECHA">
            <value>24/5/2026</value>
          </Data>
          <Data name="LATITUD">
            <value>14.3737062</value>
          </Data>
          <Data name="LONGITUD">
            <value>-87.7952563</value>
          </Data>
          <Data name="ALTITUD MSNM">
            <value>2005.0</value>
          </Data>
          <Data name="DEPARTAMENTO">
            <value>La Paz</value>
          </Data>
          <Data name="MUNICIPIO">
            <value>La paz</value>
          </Data>
          <Data name="FINCA">
            <value>El colmenar</value>
          </Data>
          <Data name="DNI">
            <value>0302-1979-00198</value>
          </Data>
          <Data name="IMAGEN DNI">
            <value>https://kf.kobotoolbox.org/api/v2/assets/ad7G92bXCJpMkqNXz97XDt/data/761826790/attachments/attKaujbwitgL3Hyi4fNL24U/</value>
          </Data>
          <Data name="EDAD">
            <value>47.0</value>
          </Data>
          <Data name="RAZA">
            <value>Hass</value>
          </Data>
          <Data name="VARIEDAD">
            <value/>
          </Data>
          <Data name="TOTAL PLANTAS">
            <value>120.0</value>
          </Data>
          <Data name="PLANTAS EN PRODUCCION">
            <value>120.0</value>
          </Data>
          <Data name="AREA EN MZ">
            <value>0,65</value>
          </Data>
          <Data name="ANALISIS DE SUELO">
            <value>No</value>
          </Data>
          <Data name="IMAGEN ANALISIS">
            <value/>
          </Data>
          <Data name="FERTILIZA">
            <value>Si</value>
          </Data>
          <Data name="FUMIGA">
            <value>Si</value>
          </Data>
          <Data name="SISTEMA DE RIEGO">
            <value>No</value>
          </Data>
          <Data name="TIPO DE SISTEMA">
            <value/>
          </Data>
          <Data name="AREA CON RIEGO">
            <value/>
          </Data>
          <Data name="FUENTE DE AGUA">
            <value>Si</value>
          </Data>
          <Data name="CAPACITACION">
            <value>No</value>
          </Data>
          <Data name="REALIZA PODAS">
            <value>Si</value>
          </Data>
          <Data name="AFILIADO A ASPAH">
            <value>No</value>
          </Data>
          <Data name="CREDITO">
            <value>No</value>
          </Data>
          <Data name="TRABAJADORES PERMANENTES">
            <value>No</value>
          </Data>
          <Data name="CUANTOS TP">
            <value/>
          </Data>
          <Data name="TRANBAJADORES TEMPORALES">
            <value>Si</value>
          </Data>
          <Data name="CUANTOS TT">
            <value>3.0</value>
          </Data>
          <Data name="SALARIO POR DIA">
            <value>300.0</value>
          </Data>
          <Data name="LIBRAS COSECHADAS">
            <value>1250.0</value>
          </Data>
          <Data name="UNIDADES COSECHADAS">
            <value/>
          </Data>
          <Data name="UNIDADES COSSECHADAS">
            <value/>
          </Data>
          <Data name="MESES DE COSECHA">
            <value>Enero Febrero</value>
          </Data>
          <Data name="DONDE VENDE">
            <value>Mercado local, pulperias y en casa.</value>
          </Data>
          <Data name="PRECIO LIBRA">
            <value>12.0</value>
          </Data>
          <Data name="PRECIO UNIDAD">
            <value/>
          </Data>
          <Data name="PRECIO UNNIDAD">
            <value/>
          </Data>
          <Data name="TRANSPORTE DE COSECHA">
            <value>Vehiculo propio</value>
          </Data>
          <Data name="IMAGEN PRODUCTOR">
            <value>https://kf.kobotoolbox.org/api/v2/assets/ad7G92bXCJpMkqNXz97XDt/data/761826790/attachments/att5ub4zZcSohMRPzUvvkvDM/</value>
          </Data>
          <Data name="OBSERVACION">
            <value/>
          </Data>
          <Data name="FIRMA">
            <value>https://kf.kobotoolbox.org/api/v2/assets/ad7G92bXCJpMkqNXz97XDt/data/761826790/attachments/attpLS4tCx2VSYLDQCK823yp/</value>
          </Data>
        </ExtendedData>
        <Point>
          <coordinates>
            -87.7952563,14.3737062,0
          </coordinates>
        </Point>
      </Placemark>
      <Placemark>
        <name>EDGARDO MENDEZ SUAZO</name>
        <description><![CDATA[﻿FECHA: 24/5/2026<br>LATITUD: 14.3782319<br>LONGITUD: -87.7945953<br>ALTITUD MSNM: 1976<br>DEPARTAMENTO: La Paz<br>MUNICIPIO: La paz<br>FINCA: La Cumbre<br>DNI: 1201-1975-00550<br>IMAGEN DNI: https://kf.kobotoolbox.org/api/v2/assets/ad7G92bXCJpMkqNXz97XDt/data/761826794/attachments/atthrxe2wFMrwKwRETTso6nD/<br>EDAD: 50<br>RAZA: Hass<br>VARIEDAD: <br>TOTAL PLANTAS: 1000<br>PLANTAS EN PRODUCCION: 1000<br>AREA EN MZ: 4<br>ANALISIS DE SUELO: Si<br>IMAGEN ANALISIS: <br>FERTILIZA: Si<br>FUMIGA: Si<br>SISTEMA DE RIEGO: No<br>TIPO DE SISTEMA: <br>AREA CON RIEGO: <br>FUENTE DE AGUA: Si<br>CAPACITACION: Si<br>REALIZA PODAS: Si<br>AFILIADO A ASPAH: Si<br>CREDITO: Si<br>TRABAJADORES PERMANENTES: No<br>CUANTOS TP: <br>TRANBAJADORES TEMPORALES: Si<br>CUANTOS TT: 5<br>SALARIO POR DIA: 300<br>LIBRAS COSECHADAS: 50000<br>UNIDADES COSECHADAS: <br>UNIDADES COSSECHADAS: <br>MESES DE COSECHA: Diciembre Enero Febrero Agosto Septiembre<br>DONDE VENDE: Un comprador viene a mi finca.<br>PRECIO LIBRA: 16<br>PRECIO UNIDAD: <br>PRECIO UNNIDAD: <br>TRANSPORTE DE COSECHA: Vehiculo propio<br>IMAGEN PRODUCTOR: https://kf.kobotoolbox.org/api/v2/assets/ad7G92bXCJpMkqNXz97XDt/data/761826794/attachments/attg7ZdmWM2ikec5gNfL5TC7/<br>OBSERVACION: Prestamo en Banca privada y BANCOMSA les financia el fertilizante Nutri Cafe<br>FIRMA: https://kf.kobotoolbox.org/api/v2/assets/ad7G92bXCJpMkqNXz97XDt/data/761826794/attachments/attJ6Xb5hpX66hxnFfqW4ykf/]]></description>
        <styleUrl>#icon-1899-FFD600</styleUrl>
        <ExtendedData>
          <Data name="﻿FECHA">
            <value>24/5/2026</value>
          </Data>
          <Data name="LATITUD">
            <value>14.3782319</value>
          </Data>
          <Data name="LONGITUD">
            <value>-87.7945953</value>
          </Data>
          <Data name="ALTITUD MSNM">
            <value>1976.0</value>
          </Data>
          <Data name="DEPARTAMENTO">
            <value>La Paz</value>
          </Data>
          <Data name="MUNICIPIO">
            <value>La paz</value>
          </Data>
          <Data name="FINCA">
            <value>La Cumbre</value>
          </Data>
          <Data name="DNI">
            <value>1201-1975-00550</value>
          </Data>
          <Data name="IMAGEN DNI">
            <value>https://kf.kobotoolbox.org/api/v2/assets/ad7G92bXCJpMkqNXz97XDt/data/761826794/attachments/atthrxe2wFMrwKwRETTso6nD/</value>
          </Data>
          <Data name="EDAD">
            <value>50.0</value>
          </Data>
          <Data name="RAZA">
            <value>Hass</value>
          </Data>
          <Data name="VARIEDAD">
            <value/>
          </Data>
          <Data name="TOTAL PLANTAS">
            <value>1000.0</value>
          </Data>
          <Data name="PLANTAS EN PRODUCCION">
            <value>1000.0</value>
          </Data>
          <Data name="AREA EN MZ">
            <value>4</value>
          </Data>
          <Data name="ANALISIS DE SUELO">
            <value>Si</value>
          </Data>
          <Data name="IMAGEN ANALISIS">
            <value/>
          </Data>
          <Data name="FERTILIZA">
            <value>Si</value>
          </Data>
          <Data name="FUMIGA">
            <value>Si</value>
          </Data>
          <Data name="SISTEMA DE RIEGO">
            <value>No</value>
          </Data>
          <Data name="TIPO DE SISTEMA">
            <value/>
          </Data>
          <Data name="AREA CON RIEGO">
            <value/>
          </Data>
          <Data name="FUENTE DE AGUA">
            <value>Si</value>
          </Data>
          <Data name="CAPACITACION">
            <value>Si</value>
          </Data>
          <Data name="REALIZA PODAS">
            <value>Si</value>
          </Data>
          <Data name="AFILIADO A ASPAH">
            <value>Si</value>
          </Data>
          <Data name="CREDITO">
            <value>Si</value>
          </Data>
          <Data name="TRABAJADORES PERMANENTES">
            <value>No</value>
          </Data>
          <Data name="CUANTOS TP">
            <value/>
          </Data>
          <Data name="TRANBAJADORES TEMPORALES">
            <value>Si</value>
          </Data>
          <Data name="CUANTOS TT">
            <value>5.0</value>
          </Data>
          <Data name="SALARIO POR DIA">
            <value>300.0</value>
          </Data>
          <Data name="LIBRAS COSECHADAS">
            <value>50000.0</value>
          </Data>
          <Data name="UNIDADES COSECHADAS">
            <value/>
          </Data>
          <Data name="UNIDADES COSSECHADAS">
            <value/>
          </Data>
          <Data name="MESES DE COSECHA">
            <value>Diciembre Enero Febrero Agosto Septiembre</value>
          </Data>
          <Data name="DONDE VENDE">
            <value>Un comprador viene a mi finca.</value>
          </Data>
          <Data name="PRECIO LIBRA">
            <value>16.0</value>
          </Data>
          <Data name="PRECIO UNIDAD">
            <value/>
          </Data>
          <Data name="PRECIO UNNIDAD">
            <value/>
          </Data>
          <Data name="TRANSPORTE DE COSECHA">
            <value>Vehiculo propio</value>
          </Data>
          <Data name="IMAGEN PRODUCTOR">
            <value>https://kf.kobotoolbox.org/api/v2/assets/ad7G92bXCJpMkqNXz97XDt/data/761826794/attachments/attg7ZdmWM2ikec5gNfL5TC7/</value>
          </Data>
          <Data name="OBSERVACION">
            <value>Prestamo en Banca privada y BANCOMSA les financia el fertilizante Nutri Cafe</value>
          </Data>
          <Data name="FIRMA">
            <value>https://kf.kobotoolbox.org/api/v2/assets/ad7G92bXCJpMkqNXz97XDt/data/761826794/attachments/attJ6Xb5hpX66hxnFfqW4ykf/</value>
          </Data>
        </ExtendedData>
        <Point>
          <coordinates>
            -87.7945953,14.3782319,0
          </coordinates>
        </Point>
      </Placemark>
      <Placemark>
        <name>ANARDA SUAZO MEDRANO</name>
        <description><![CDATA[﻿FECHA: 24/5/2026<br>LATITUD: 14.3902021<br>LONGITUD: -87.7987741<br>ALTITUD MSNM: 1853<br>DEPARTAMENTO: Comayagua<br>MUNICIPIO: Comayagua<br>FINCA: Oro verde<br>DNI: 1201-1965-00316<br>IMAGEN DNI: https://kf.kobotoolbox.org/api/v2/assets/ad7G92bXCJpMkqNXz97XDt/data/762283993/attachments/attjv39tXwHuewJStjQrKH2y/<br>EDAD: 60<br>RAZA: Hass<br>VARIEDAD: <br>TOTAL PLANTAS: 500<br>PLANTAS EN PRODUCCION: 500<br>AREA EN MZ: 2,5<br>ANALISIS DE SUELO: No<br>IMAGEN ANALISIS: <br>FERTILIZA: Si<br>FUMIGA: Si<br>SISTEMA DE RIEGO: No<br>TIPO DE SISTEMA: <br>AREA CON RIEGO: <br>FUENTE DE AGUA: Si<br>CAPACITACION: Si<br>REALIZA PODAS: Si<br>AFILIADO A ASPAH: Si<br>CREDITO: No<br>TRABAJADORES PERMANENTES: No<br>CUANTOS TP: <br>TRANBAJADORES TEMPORALES: Si<br>CUANTOS TT: 4<br>SALARIO POR DIA: 300<br>LIBRAS COSECHADAS: 4000<br>UNIDADES COSECHADAS: <br>UNIDADES COSSECHADAS: <br>MESES DE COSECHA: Enero Febrero Agosto Septiembre<br>DONDE VENDE: Mercado local, pulperias y en casa.<br>PRECIO LIBRA: 20<br>PRECIO UNIDAD: <br>PRECIO UNNIDAD: <br>TRANSPORTE DE COSECHA: Vehiculo propio<br>IMAGEN PRODUCTOR: https://kf.kobotoolbox.org/api/v2/assets/ad7G92bXCJpMkqNXz97XDt/data/762283993/attachments/att8SWPMy5xayn2oaL6yRizV/<br>OBSERVACION: <br>FIRMA: https://kf.kobotoolbox.org/api/v2/assets/ad7G92bXCJpMkqNXz97XDt/data/762283993/attachments/atteEPQk4Upg4iSA7DStkiY3/]]></description>
        <styleUrl>#icon-1899-FFD600</styleUrl>
        <ExtendedData>
          <Data name="﻿FECHA">
            <value>24/5/2026</value>
          </Data>
          <Data name="LATITUD">
            <value>14.3902021</value>
          </Data>
          <Data name="LONGITUD">
            <value>-87.7987741</value>
          </Data>
          <Data name="ALTITUD MSNM">
            <value>1853.0</value>
          </Data>
          <Data name="DEPARTAMENTO">
            <value>Comayagua</value>
          </Data>
          <Data name="MUNICIPIO">
            <value>Comayagua</value>
          </Data>
          <Data name="FINCA">
            <value>Oro verde</value>
          </Data>
          <Data name="DNI">
            <value>1201-1965-00316</value>
          </Data>
          <Data name="IMAGEN DNI">
            <value>https://kf.kobotoolbox.org/api/v2/assets/ad7G92bXCJpMkqNXz97XDt/data/762283993/attachments/attjv39tXwHuewJStjQrKH2y/</value>
          </Data>
          <Data name="EDAD">
            <value>60.0</value>
          </Data>
          <Data name="RAZA">
            <value>Hass</value>
          </Data>
          <Data name="VARIEDAD">
            <value/>
          </Data>
          <Data name="TOTAL PLANTAS">
            <value>500.0</value>
          </Data>
          <Data name="PLANTAS EN PRODUCCION">
            <value>500.0</value>
          </Data>
          <Data name="AREA EN MZ">
            <value>2,5</value>
          </Data>
          <Data name="ANALISIS DE SUELO">
            <value>No</value>
          </Data>
          <Data name="IMAGEN ANALISIS">
            <value/>
          </Data>
          <Data name="FERTILIZA">
            <value>Si</value>
          </Data>
          <Data name="FUMIGA">
            <value>Si</value>
          </Data>
          <Data name="SISTEMA DE RIEGO">
            <value>No</value>
          </Data>
          <Data name="TIPO DE SISTEMA">
            <value/>
          </Data>
          <Data name="AREA CON RIEGO">
            <value/>
          </Data>
          <Data name="FUENTE DE AGUA">
            <value>Si</value>
          </Data>
          <Data name="CAPACITACION">
            <value>Si</value>
          </Data>
          <Data name="REALIZA PODAS">
            <value>Si</value>
          </Data>
          <Data name="AFILIADO A ASPAH">
            <value>Si</value>
          </Data>
          <Data name="CREDITO">
            <value>No</value>
          </Data>
          <Data name="TRABAJADORES PERMANENTES">
            <value>No</value>
          </Data>
          <Data name="CUANTOS TP">
            <value/>
          </Data>
          <Data name="TRANBAJADORES TEMPORALES">
            <value>Si</value>
          </Data>
          <Data name="CUANTOS TT">
            <value>4.0</value>
          </Data>
          <Data name="SALARIO POR DIA">
            <value>300.0</value>
          </Data>
          <Data name="LIBRAS COSECHADAS">
            <value>4000.0</value>
          </Data>
          <Data name="UNIDADES COSECHADAS">
            <value/>
          </Data>
          <Data name="UNIDADES COSSECHADAS">
            <value/>
          </Data>
          <Data name="MESES DE COSECHA">
            <value>Enero Febrero Agosto Septiembre</value>
          </Data>
          <Data name="DONDE VENDE">
            <value>Mercado local, pulperias y en casa.</value>
          </Data>
          <Data name="PRECIO LIBRA">
            <value>20.0</value>
          </Data>
          <Data name="PRECIO UNIDAD">
            <value/>
          </Data>
          <Data name="PRECIO UNNIDAD">
            <value/>
          </Data>
          <Data name="TRANSPORTE DE COSECHA">
            <value>Vehiculo propio</value>
          </Data>
          <Data name="IMAGEN PRODUCTOR">
            <value>https://kf.kobotoolbox.org/api/v2/assets/ad7G92bXCJpMkqNXz97XDt/data/762283993/attachments/att8SWPMy5xayn2oaL6yRizV/</value>
          </Data>
          <Data name="OBSERVACION">
            <value/>
          </Data>
          <Data name="FIRMA">
            <value>https://kf.kobotoolbox.org/api/v2/assets/ad7G92bXCJpMkqNXz97XDt/data/762283993/attachments/atteEPQk4Upg4iSA7DStkiY3/</value>
          </Data>
        </ExtendedData>
        <Point>
          <coordinates>
            -87.7987741,14.3902021,0
          </coordinates>
        </Point>
      </Placemark>
      <Placemark>
        <name>DINA MARISELA MARQUEZ BONILLA</name>
        <description><![CDATA[﻿FECHA: 25/5/2026<br>LATITUD: 14.3940654<br>LONGITUD: -87.8118286<br>ALTITUD MSNM: 2014<br>DEPARTAMENTO: Comayagua<br>MUNICIPIO: Comayagua<br>FINCA: Bayron Danue<br>DNI: 0301-1993-03795<br>IMAGEN DNI: https://kf.kobotoolbox.org/api/v2/assets/ad7G92bXCJpMkqNXz97XDt/data/762730734/attachments/att3b6UNrSYFQjysZRWMhT6d/<br>EDAD: 32<br>RAZA: Hass<br>VARIEDAD: <br>TOTAL PLANTAS: 150<br>PLANTAS EN PRODUCCION: 0<br>AREA EN MZ: 0,75<br>ANALISIS DE SUELO: No<br>IMAGEN ANALISIS: <br>FERTILIZA: Si<br>FUMIGA: Si<br>SISTEMA DE RIEGO: No<br>TIPO DE SISTEMA: <br>AREA CON RIEGO: <br>FUENTE DE AGUA: Si<br>CAPACITACION: Si<br>REALIZA PODAS: Si<br>AFILIADO A ASPAH: Si<br>CREDITO: No<br>TRABAJADORES PERMANENTES: No<br>CUANTOS TP: <br>TRANBAJADORES TEMPORALES: Si<br>CUANTOS TT: 3<br>SALARIO POR DIA: 300<br>LIBRAS COSECHADAS: 0<br>UNIDADES COSECHADAS: <br>UNIDADES COSSECHADAS: <br>MESES DE COSECHA: Enero<br>DONDE VENDE: No he vendido aún.<br>PRECIO LIBRA: 0<br>PRECIO UNIDAD: <br>PRECIO UNNIDAD: <br>TRANSPORTE DE COSECHA: Ninguno<br>IMAGEN PRODUCTOR: https://kf.kobotoolbox.org/api/v2/assets/ad7G92bXCJpMkqNXz97XDt/data/762730734/attachments/att5AaunHmXWvPqzvQdz97sN/<br>OBSERVACION: Bayron Alberto Aguilar Delcid esta afiliado a ASPAH y actualmente  vive en España pero la esposa brindo los datos <br>FIRMA: https://kf.kobotoolbox.org/api/v2/assets/ad7G92bXCJpMkqNXz97XDt/data/762730734/attachments/attwQSeoidsPUVdCAuzh9biG/]]></description>
        <styleUrl>#icon-1899-FFD600</styleUrl>
        <ExtendedData>
          <Data name="﻿FECHA">
            <value>25/5/2026</value>
          </Data>
          <Data name="LATITUD">
            <value>14.3940654</value>
          </Data>
          <Data name="LONGITUD">
            <value>-87.8118286</value>
          </Data>
          <Data name="ALTITUD MSNM">
            <value>2014.0</value>
          </Data>
          <Data name="DEPARTAMENTO">
            <value>Comayagua</value>
          </Data>
          <Data name="MUNICIPIO">
            <value>Comayagua</value>
          </Data>
          <Data name="FINCA">
            <value>Bayron Danue</value>
          </Data>
          <Data name="DNI">
            <value>0301-1993-03795</value>
          </Data>
          <Data name="IMAGEN DNI">
            <value>https://kf.kobotoolbox.org/api/v2/assets/ad7G92bXCJpMkqNXz97XDt/data/762730734/attachments/att3b6UNrSYFQjysZRWMhT6d/</value>
          </Data>
          <Data name="EDAD">
            <value>32.0</value>
          </Data>
          <Data name="RAZA">
            <value>Hass</value>
          </Data>
          <Data name="VARIEDAD">
            <value/>
          </Data>
          <Data name="TOTAL PLANTAS">
            <value>150.0</value>
          </Data>
          <Data name="PLANTAS EN PRODUCCION">
            <value>0.0</value>
          </Data>
          <Data name="AREA EN MZ">
            <value>0,75</value>
          </Data>
          <Data name="ANALISIS DE SUELO">
            <value>No</value>
          </Data>
          <Data name="IMAGEN ANALISIS">
            <value/>
          </Data>
          <Data name="FERTILIZA">
            <value>Si</value>
          </Data>
          <Data name="FUMIGA">
            <value>Si</value>
          </Data>
          <Data name="SISTEMA DE RIEGO">
            <value>No</value>
          </Data>
          <Data name="TIPO DE SISTEMA">
            <value/>
          </Data>
          <Data name="AREA CON RIEGO">
            <value/>
          </Data>
          <Data name="FUENTE DE AGUA">
            <value>Si</value>
          </Data>
          <Data name="CAPACITACION">
            <value>Si</value>
          </Data>
          <Data name="REALIZA PODAS">
            <value>Si</value>
          </Data>
          <Data name="AFILIADO A ASPAH">
            <value>Si</value>
          </Data>
          <Data name="CREDITO">
            <value>No</value>
          </Data>
          <Data name="TRABAJADORES PERMANENTES">
            <value>No</value>
          </Data>
          <Data name="CUANTOS TP">
            <value/>
          </Data>
          <Data name="TRANBAJADORES TEMPORALES">
            <value>Si</value>
          </Data>
          <Data name="CUANTOS TT">
            <value>3.0</value>
          </Data>
          <Data name="SALARIO POR DIA">
            <value>300.0</value>
          </Data>
          <Data name="LIBRAS COSECHADAS">
            <value>0.0</value>
          </Data>
          <Data name="UNIDADES COSECHADAS">
            <value/>
          </Data>
          <Data name="UNIDADES COSSECHADAS">
            <value/>
          </Data>
          <Data name="MESES DE COSECHA">
            <value>Enero</value>
          </Data>
          <Data name="DONDE VENDE">
            <value>No he vendido aún.</value>
          </Data>
          <Data name="PRECIO LIBRA">
            <value>0.0</value>
          </Data>
          <Data name="PRECIO UNIDAD">
            <value/>
          </Data>
          <Data name="PRECIO UNNIDAD">
            <value/>
          </Data>
          <Data name="TRANSPORTE DE COSECHA">
            <value>Ninguno</value>
          </Data>
          <Data name="IMAGEN PRODUCTOR">
            <value>https://kf.kobotoolbox.org/api/v2/assets/ad7G92bXCJpMkqNXz97XDt/data/762730734/attachments/att5AaunHmXWvPqzvQdz97sN/</value>
          </Data>
          <Data name="OBSERVACION">
            <value>Bayron Alberto Aguilar Delcid esta afiliado a ASPAH y actualmente  vive en España pero la esposa brindo los datos </value>
          </Data>
          <Data name="FIRMA">
            <value>https://kf.kobotoolbox.org/api/v2/assets/ad7G92bXCJpMkqNXz97XDt/data/762730734/attachments/attwQSeoidsPUVdCAuzh9biG/</value>
          </Data>
        </ExtendedData>
        <Point>
          <coordinates>
            -87.8118286,14.3940654,0
          </coordinates>
        </Point>
      </Placemark>
      <Placemark>
        <name>GREBIL FRANCISCO AGUILAR MORENO</name>
        <description><![CDATA[﻿FECHA: 25/5/2026<br>LATITUD: 14.394904<br>LONGITUD: -87.8157106<br>ALTITUD MSNM: 2063<br>DEPARTAMENTO: Comayagua<br>MUNICIPIO: Comayagua<br>FINCA: Ian<br>DNI: 0301-1993-01216<br>IMAGEN DNI: https://kf.kobotoolbox.org/api/v2/assets/ad7G92bXCJpMkqNXz97XDt/data/762730739/attachments/attxXoUnZcS4AkD3vNvzvuGd/<br>EDAD: 34<br>RAZA: Hass<br>VARIEDAD: <br>TOTAL PLANTAS: 200<br>PLANTAS EN PRODUCCION: 0<br>AREA EN MZ: 1<br>ANALISIS DE SUELO: No<br>IMAGEN ANALISIS: <br>FERTILIZA: Si<br>FUMIGA: Si<br>SISTEMA DE RIEGO: No<br>TIPO DE SISTEMA: <br>AREA CON RIEGO: <br>FUENTE DE AGUA: Si<br>CAPACITACION: No<br>REALIZA PODAS: Si<br>AFILIADO A ASPAH: Si<br>CREDITO: No<br>TRABAJADORES PERMANENTES: No<br>CUANTOS TP: <br>TRANBAJADORES TEMPORALES: Si<br>CUANTOS TT: 1<br>SALARIO POR DIA: 300<br>LIBRAS COSECHADAS: 0<br>UNIDADES COSECHADAS: <br>UNIDADES COSSECHADAS: <br>MESES DE COSECHA: Enero<br>DONDE VENDE: No he vendido aún.<br>PRECIO LIBRA: 0<br>PRECIO UNIDAD: <br>PRECIO UNNIDAD: <br>TRANSPORTE DE COSECHA: Ninguno<br>IMAGEN PRODUCTOR: https://kf.kobotoolbox.org/api/v2/assets/ad7G92bXCJpMkqNXz97XDt/data/762730739/attachments/attjyUY5yWSnsgd29hxSnixL/<br>OBSERVACION: La esposa brindo los datos de la finca<br>FIRMA: https://kf.kobotoolbox.org/api/v2/assets/ad7G92bXCJpMkqNXz97XDt/data/762730739/attachments/attr4U5BSazwBcgBHvsM4RCg/]]></description>
        <styleUrl>#icon-1899-FFD600</styleUrl>
        <ExtendedData>
          <Data name="﻿FECHA">
            <value>25/5/2026</value>
          </Data>
          <Data name="LATITUD">
            <value>14.394904</value>
          </Data>
          <Data name="LONGITUD">
            <value>-87.8157106</value>
          </Data>
          <Data name="ALTITUD MSNM">
            <value>2063.0</value>
          </Data>
          <Data name="DEPARTAMENTO">
            <value>Comayagua</value>
          </Data>
          <Data name="MUNICIPIO">
            <value>Comayagua</value>
          </Data>
          <Data name="FINCA">
            <value>Ian</value>
          </Data>
          <Data name="DNI">
            <value>0301-1993-01216</value>
          </Data>
          <Data name="IMAGEN DNI">
            <value>https://kf.kobotoolbox.org/api/v2/assets/ad7G92bXCJpMkqNXz97XDt/data/762730739/attachments/attxXoUnZcS4AkD3vNvzvuGd/</value>
          </Data>
          <Data name="EDAD">
            <value>34.0</value>
          </Data>
          <Data name="RAZA">
            <value>Hass</value>
          </Data>
          <Data name="VARIEDAD">
            <value/>
          </Data>
          <Data name="TOTAL PLANTAS">
            <value>200.0</value>
          </Data>
          <Data name="PLANTAS EN PRODUCCION">
            <value>0.0</value>
          </Data>
          <Data name="AREA EN MZ">
            <value>1</value>
          </Data>
          <Data name="ANALISIS DE SUELO">
            <value>No</value>
          </Data>
          <Data name="IMAGEN ANALISIS">
            <value/>
          </Data>
          <Data name="FERTILIZA">
            <value>Si</value>
          </Data>
          <Data name="FUMIGA">
            <value>Si</value>
          </Data>
          <Data name="SISTEMA DE RIEGO">
            <value>No</value>
          </Data>
          <Data name="TIPO DE SISTEMA">
            <value/>
          </Data>
          <Data name="AREA CON RIEGO">
            <value/>
          </Data>
          <Data name="FUENTE DE AGUA">
            <value>Si</value>
          </Data>
          <Data name="CAPACITACION">
            <value>No</value>
          </Data>
          <Data name="REALIZA PODAS">
            <value>Si</value>
          </Data>
          <Data name="AFILIADO A ASPAH">
            <value>Si</value>
          </Data>
          <Data name="CREDITO">
            <value>No</value>
          </Data>
          <Data name="TRABAJADORES PERMANENTES">
            <value>No</value>
          </Data>
          <Data name="CUANTOS TP">
            <value/>
          </Data>
          <Data name="TRANBAJADORES TEMPORALES">
            <value>Si</value>
          </Data>
          <Data name="CUANTOS TT">
            <value>1.0</value>
          </Data>
          <Data name="SALARIO POR DIA">
            <value>300.0</value>
          </Data>
          <Data name="LIBRAS COSECHADAS">
            <value>0.0</value>
          </Data>
          <Data name="UNIDADES COSECHADAS">
            <value/>
          </Data>
          <Data name="UNIDADES COSSECHADAS">
            <value/>
          </Data>
          <Data name="MESES DE COSECHA">
            <value>Enero</value>
          </Data>
          <Data name="DONDE VENDE">
            <value>No he vendido aún.</value>
          </Data>
          <Data name="PRECIO LIBRA">
            <value>0.0</value>
          </Data>
          <Data name="PRECIO UNIDAD">
            <value/>
          </Data>
          <Data name="PRECIO UNNIDAD">
            <value/>
          </Data>
          <Data name="TRANSPORTE DE COSECHA">
            <value>Ninguno</value>
          </Data>
          <Data name="IMAGEN PRODUCTOR">
            <value>https://kf.kobotoolbox.org/api/v2/assets/ad7G92bXCJpMkqNXz97XDt/data/762730739/attachments/attjyUY5yWSnsgd29hxSnixL/</value>
          </Data>
          <Data name="OBSERVACION">
            <value>La esposa brindo los datos de la finca</value>
          </Data>
          <Data name="FIRMA">
            <value>https://kf.kobotoolbox.org/api/v2/assets/ad7G92bXCJpMkqNXz97XDt/data/762730739/attachments/attr4U5BSazwBcgBHvsM4RCg/</value>
          </Data>
        </ExtendedData>
        <Point>
          <coordinates>
            -87.8157106,14.394904,0
          </coordinates>
        </Point>
      </Placemark>
      <Placemark>
        <name>GABRIEL ENRIQUE MARQUEZ BONILLA</name>
        <description><![CDATA[﻿FECHA: 25/5/2026<br>LATITUD: 14.39827<br>LONGITUD: -87.8159937<br>ALTITUD MSNM: 2097<br>DEPARTAMENTO: Comayagua<br>MUNICIPIO: Comayagua<br>FINCA: Marquez<br>DNI: 1201-2000-00340<br>IMAGEN DNI: https://kf.kobotoolbox.org/api/v2/assets/ad7G92bXCJpMkqNXz97XDt/data/762730750/attachments/attNWoxfP7akuqVvFD8RSj9f/<br>EDAD: 25<br>RAZA: Hass<br>VARIEDAD: <br>TOTAL PLANTAS: 500<br>PLANTAS EN PRODUCCION: 200<br>AREA EN MZ: 2,5<br>ANALISIS DE SUELO: No<br>IMAGEN ANALISIS: <br>FERTILIZA: Si<br>FUMIGA: Si<br>SISTEMA DE RIEGO: No<br>TIPO DE SISTEMA: <br>AREA CON RIEGO: <br>FUENTE DE AGUA: Si<br>CAPACITACION: Si<br>REALIZA PODAS: No<br>AFILIADO A ASPAH: Si<br>CREDITO: No<br>TRABAJADORES PERMANENTES: No<br>CUANTOS TP: <br>TRANBAJADORES TEMPORALES: Si<br>CUANTOS TT: 2<br>SALARIO POR DIA: 300<br>LIBRAS COSECHADAS: 200<br>UNIDADES COSECHADAS: <br>UNIDADES COSSECHADAS: <br>MESES DE COSECHA: Agosto Septiembre<br>DONDE VENDE: Mercado local, pulperias y en casa.<br>PRECIO LIBRA: 20<br>PRECIO UNIDAD: <br>PRECIO UNNIDAD: <br>TRANSPORTE DE COSECHA: Lo transporto en bestia<br>IMAGEN PRODUCTOR: https://kf.kobotoolbox.org/api/v2/assets/ad7G92bXCJpMkqNXz97XDt/data/762730750/attachments/attkminY4tY3qT8SSVzEarZX/<br>OBSERVACION: <br>FIRMA: https://kf.kobotoolbox.org/api/v2/assets/ad7G92bXCJpMkqNXz97XDt/data/762730750/attachments/attZCyqkQgsmqzWa6hW5zMNg/]]></description>
        <styleUrl>#icon-1899-FFD600</styleUrl>
        <ExtendedData>
          <Data name="﻿FECHA">
            <value>25/5/2026</value>
          </Data>
          <Data name="LATITUD">
            <value>14.39827</value>
          </Data>
          <Data name="LONGITUD">
            <value>-87.8159937</value>
          </Data>
          <Data name="ALTITUD MSNM">
            <value>2097.0</value>
          </Data>
          <Data name="DEPARTAMENTO">
            <value>Comayagua</value>
          </Data>
          <Data name="MUNICIPIO">
            <value>Comayagua</value>
          </Data>
          <Data name="FINCA">
            <value>Marquez</value>
          </Data>
          <Data name="DNI">
            <value>1201-2000-00340</value>
          </Data>
          <Data name="IMAGEN DNI">
            <value>https://kf.kobotoolbox.org/api/v2/assets/ad7G92bXCJpMkqNXz97XDt/data/762730750/attachments/attNWoxfP7akuqVvFD8RSj9f/</value>
          </Data>
          <Data name="EDAD">
            <value>25.0</value>
          </Data>
          <Data name="RAZA">
            <value>Hass</value>
          </Data>
          <Data name="VARIEDAD">
            <value/>
          </Data>
          <Data name="TOTAL PLANTAS">
            <value>500.0</value>
          </Data>
          <Data name="PLANTAS EN PRODUCCION">
            <value>200.0</value>
          </Data>
          <Data name="AREA EN MZ">
            <value>2,5</value>
          </Data>
          <Data name="ANALISIS DE SUELO">
            <value>No</value>
          </Data>
          <Data name="IMAGEN ANALISIS">
            <value/>
          </Data>
          <Data name="FERTILIZA">
            <value>Si</value>
          </Data>
          <Data name="FUMIGA">
            <value>Si</value>
          </Data>
          <Data name="SISTEMA DE RIEGO">
            <value>No</value>
          </Data>
          <Data name="TIPO DE SISTEMA">
            <value/>
          </Data>
          <Data name="AREA CON RIEGO">
            <value/>
          </Data>
          <Data name="FUENTE DE AGUA">
            <value>Si</value>
          </Data>
          <Data name="CAPACITACION">
            <value>Si</value>
          </Data>
          <Data name="REALIZA PODAS">
            <value>No</value>
          </Data>
          <Data name="AFILIADO A ASPAH">
            <value>Si</value>
          </Data>
          <Data name="CREDITO">
            <value>No</value>
          </Data>
          <Data name="TRABAJADORES PERMANENTES">
            <value>No</value>
          </Data>
          <Data name="CUANTOS TP">
            <value/>
          </Data>
          <Data name="TRANBAJADORES TEMPORALES">
            <value>Si</value>
          </Data>
          <Data name="CUANTOS TT">
            <value>2.0</value>
          </Data>
          <Data name="SALARIO POR DIA">
            <value>300.0</value>
          </Data>
          <Data name="LIBRAS COSECHADAS">
            <value>200.0</value>
          </Data>
          <Data name="UNIDADES COSECHADAS">
            <value/>
          </Data>
          <Data name="UNIDADES COSSECHADAS">
            <value/>
          </Data>
          <Data name="MESES DE COSECHA">
            <value>Agosto Septiembre</value>
          </Data>
          <Data name="DONDE VENDE">
            <value>Mercado local, pulperias y en casa.</value>
          </Data>
          <Data name="PRECIO LIBRA">
            <value>20.0</value>
          </Data>
          <Data name="PRECIO UNIDAD">
            <value/>
          </Data>
          <Data name="PRECIO UNNIDAD">
            <value/>
          </Data>
          <Data name="TRANSPORTE DE COSECHA">
            <value>Lo transporto en bestia</value>
          </Data>
          <Data name="IMAGEN PRODUCTOR">
            <value>https://kf.kobotoolbox.org/api/v2/assets/ad7G92bXCJpMkqNXz97XDt/data/762730750/attachments/attkminY4tY3qT8SSVzEarZX/</value>
          </Data>
          <Data name="OBSERVACION">
            <value/>
          </Data>
          <Data name="FIRMA">
            <value>https://kf.kobotoolbox.org/api/v2/assets/ad7G92bXCJpMkqNXz97XDt/data/762730750/attachments/attZCyqkQgsmqzWa6hW5zMNg/</value>
          </Data>
        </ExtendedData>
        <Point>
          <coordinates>
            -87.8159937,14.39827,0
          </coordinates>
        </Point>
      </Placemark>
      <Placemark>
        <name>JUAN ANGEL HERNÁNDEZ HERNÁNDEZ </name>
        <description><![CDATA[﻿FECHA: 25/5/2026<br>LATITUD: 14.3959025<br>LONGITUD: -87.8023815<br>ALTITUD MSNM: 1885<br>DEPARTAMENTO: Comayagua<br>MUNICIPIO: Comayagua<br>FINCA: El Guayabo<br>DNI: 0301-1968-00219<br>IMAGEN DNI: https://kf.kobotoolbox.org/api/v2/assets/ad7G92bXCJpMkqNXz97XDt/data/762730760/attachments/attVxa6UQdqRxznvYJFexbGb/<br>EDAD: 55<br>RAZA: Hass<br>VARIEDAD: <br>TOTAL PLANTAS: 95<br>PLANTAS EN PRODUCCION: 0<br>AREA EN MZ: 0,50<br>ANALISIS DE SUELO: No<br>IMAGEN ANALISIS: <br>FERTILIZA: Si<br>FUMIGA: Si<br>SISTEMA DE RIEGO: No<br>TIPO DE SISTEMA: <br>AREA CON RIEGO: <br>FUENTE DE AGUA: Si<br>CAPACITACION: Si<br>REALIZA PODAS: No<br>AFILIADO A ASPAH: Si<br>CREDITO: No<br>TRABAJADORES PERMANENTES: No<br>CUANTOS TP: <br>TRANBAJADORES TEMPORALES: Si<br>CUANTOS TT: 5<br>SALARIO POR DIA: 200<br>LIBRAS COSECHADAS: 0<br>UNIDADES COSECHADAS: <br>UNIDADES COSSECHADAS: <br>MESES DE COSECHA: Enero<br>DONDE VENDE: No he vendido aún.<br>PRECIO LIBRA: 0<br>PRECIO UNIDAD: <br>PRECIO UNNIDAD: <br>TRANSPORTE DE COSECHA: Ninguno<br>IMAGEN PRODUCTOR: https://kf.kobotoolbox.org/api/v2/assets/ad7G92bXCJpMkqNXz97XDt/data/762730760/attachments/att56zmNo9fk83WPo7TLEoje/<br>OBSERVACION: <br>FIRMA: https://kf.kobotoolbox.org/api/v2/assets/ad7G92bXCJpMkqNXz97XDt/data/762730760/attachments/attxeaEoEbRSPx56j9m5wM99/]]></description>
        <styleUrl>#icon-1899-FFD600</styleUrl>
        <ExtendedData>
          <Data name="﻿FECHA">
            <value>25/5/2026</value>
          </Data>
          <Data name="LATITUD">
            <value>14.3959025</value>
          </Data>
          <Data name="LONGITUD">
            <value>-87.8023815</value>
          </Data>
          <Data name="ALTITUD MSNM">
            <value>1885.0</value>
          </Data>
          <Data name="DEPARTAMENTO">
            <value>Comayagua</value>
          </Data>
          <Data name="MUNICIPIO">
            <value>Comayagua</value>
          </Data>
          <Data name="FINCA">
            <value>El Guayabo</value>
          </Data>
          <Data name="DNI">
            <value>0301-1968-00219</value>
          </Data>
          <Data name="IMAGEN DNI">
            <value>https://kf.kobotoolbox.org/api/v2/assets/ad7G92bXCJpMkqNXz97XDt/data/762730760/attachments/attVxa6UQdqRxznvYJFexbGb/</value>
          </Data>
          <Data name="EDAD">
            <value>55.0</value>
          </Data>
          <Data name="RAZA">
            <value>Hass</value>
          </Data>
          <Data name="VARIEDAD">
            <value/>
          </Data>
          <Data name="TOTAL PLANTAS">
            <value>95.0</value>
          </Data>
          <Data name="PLANTAS EN PRODUCCION">
            <value>0.0</value>
          </Data>
          <Data name="AREA EN MZ">
            <value>0,50</value>
          </Data>
          <Data name="ANALISIS DE SUELO">
            <value>No</value>
          </Data>
          <Data name="IMAGEN ANALISIS">
            <value/>
          </Data>
          <Data name="FERTILIZA">
            <value>Si</value>
          </Data>
          <Data name="FUMIGA">
            <value>Si</value>
          </Data>
          <Data name="SISTEMA DE RIEGO">
            <value>No</value>
          </Data>
          <Data name="TIPO DE SISTEMA">
            <value/>
          </Data>
          <Data name="AREA CON RIEGO">
            <value/>
          </Data>
          <Data name="FUENTE DE AGUA">
            <value>Si</value>
          </Data>
          <Data name="CAPACITACION">
            <value>Si</value>
          </Data>
          <Data name="REALIZA PODAS">
            <value>No</value>
          </Data>
          <Data name="AFILIADO A ASPAH">
            <value>Si</value>
          </Data>
          <Data name="CREDITO">
            <value>No</value>
          </Data>
          <Data name="TRABAJADORES PERMANENTES">
            <value>No</value>
          </Data>
          <Data name="CUANTOS TP">
            <value/>
          </Data>
          <Data name="TRANBAJADORES TEMPORALES">
            <value>Si</value>
          </Data>
          <Data name="CUANTOS TT">
            <value>5.0</value>
          </Data>
          <Data name="SALARIO POR DIA">
            <value>200.0</value>
          </Data>
          <Data name="LIBRAS COSECHADAS">
            <value>0.0</value>
          </Data>
          <Data name="UNIDADES COSECHADAS">
            <value/>
          </Data>
          <Data name="UNIDADES COSSECHADAS">
            <value/>
          </Data>
          <Data name="MESES DE COSECHA">
            <value>Enero</value>
          </Data>
          <Data name="DONDE VENDE">
            <value>No he vendido aún.</value>
          </Data>
          <Data name="PRECIO LIBRA">
            <value>0.0</value>
          </Data>
          <Data name="PRECIO UNIDAD">
            <value/>
          </Data>
          <Data name="PRECIO UNNIDAD">
            <value/>
          </Data>
          <Data name="TRANSPORTE DE COSECHA">
            <value>Ninguno</value>
          </Data>
          <Data name="IMAGEN PRODUCTOR">
            <value>https://kf.kobotoolbox.org/api/v2/assets/ad7G92bXCJpMkqNXz97XDt/data/762730760/attachments/att56zmNo9fk83WPo7TLEoje/</value>
          </Data>
          <Data name="OBSERVACION">
            <value/>
          </Data>
          <Data name="FIRMA">
            <value>https://kf.kobotoolbox.org/api/v2/assets/ad7G92bXCJpMkqNXz97XDt/data/762730760/attachments/attxeaEoEbRSPx56j9m5wM99/</value>
          </Data>
        </ExtendedData>
        <Point>
          <coordinates>
            -87.8023815,14.3959025,0
          </coordinates>
        </Point>
      </Placemark>
      <Placemark>
        <name>JIMY NOEL SUAZO ZAVALA</name>
        <description><![CDATA[﻿FECHA: 25/5/2026<br>LATITUD: 14.3918574<br>LONGITUD: -87.7888034<br>ALTITUD MSNM: 1918<br>DEPARTAMENTO: La Paz<br>MUNICIPIO: La paz<br>FINCA: Bella Vista<br>DNI: 0302-2001-00061<br>IMAGEN DNI: https://kf.kobotoolbox.org/api/v2/assets/ad7G92bXCJpMkqNXz97XDt/data/762730764/attachments/atttB63RzjBrjBgxyvP7o6tJ/<br>EDAD: 26<br>RAZA: Hass<br>VARIEDAD: <br>TOTAL PLANTAS: 250<br>PLANTAS EN PRODUCCION: 250<br>AREA EN MZ: 1<br>ANALISIS DE SUELO: No<br>IMAGEN ANALISIS: <br>FERTILIZA: Si<br>FUMIGA: Si<br>SISTEMA DE RIEGO: No<br>TIPO DE SISTEMA: <br>AREA CON RIEGO: <br>FUENTE DE AGUA: No<br>CAPACITACION: Si<br>REALIZA PODAS: Si<br>AFILIADO A ASPAH: No<br>CREDITO: No<br>TRABAJADORES PERMANENTES: No<br>CUANTOS TP: <br>TRANBAJADORES TEMPORALES: Si<br>CUANTOS TT: 3<br>SALARIO POR DIA: 300<br>LIBRAS COSECHADAS: 4000<br>UNIDADES COSECHADAS: <br>UNIDADES COSSECHADAS: <br>MESES DE COSECHA: Noviembre Diciembre Enero Febrero Marzo Agosto<br>DONDE VENDE: Mercado local, pulperias y en casa.<br>PRECIO LIBRA: 23<br>PRECIO UNIDAD: <br>PRECIO UNNIDAD: <br>TRANSPORTE DE COSECHA: Vehiculo propio<br>IMAGEN PRODUCTOR: https://kf.kobotoolbox.org/api/v2/assets/ad7G92bXCJpMkqNXz97XDt/data/762730764/attachments/attWLbGdnJvv6FLmXhVUEdKJ/<br>OBSERVACION: Trabaja en Molinos de Honduras <br>FIRMA: https://kf.kobotoolbox.org/api/v2/assets/ad7G92bXCJpMkqNXz97XDt/data/762730764/attachments/attcqCkthwqzyzfZCGf7HxyV/]]></description>
        <styleUrl>#icon-1899-FFD600</styleUrl>
        <ExtendedData>
          <Data name="﻿FECHA">
            <value>25/5/2026</value>
          </Data>
          <Data name="LATITUD">
            <value>14.3918574</value>
          </Data>
          <Data name="LONGITUD">
            <value>-87.7888034</value>
          </Data>
          <Data name="ALTITUD MSNM">
            <value>1918.0</value>
          </Data>
          <Data name="DEPARTAMENTO">
            <value>La Paz</value>
          </Data>
          <Data name="MUNICIPIO">
            <value>La paz</value>
          </Data>
          <Data name="FINCA">
            <value>Bella Vista</value>
          </Data>
          <Data name="DNI">
            <value>0302-2001-00061</value>
          </Data>
          <Data name="IMAGEN DNI">
            <value>https://kf.kobotoolbox.org/api/v2/assets/ad7G92bXCJpMkqNXz97XDt/data/762730764/attachments/atttB63RzjBrjBgxyvP7o6tJ/</value>
          </Data>
          <Data name="EDAD">
            <value>26.0</value>
          </Data>
          <Data name="RAZA">
            <value>Hass</value>
          </Data>
          <Data name="VARIEDAD">
            <value/>
          </Data>
          <Data name="TOTAL PLANTAS">
            <value>250.0</value>
          </Data>
          <Data name="PLANTAS EN PRODUCCION">
            <value>250.0</value>
          </Data>
          <Data name="AREA EN MZ">
            <value>1</value>
          </Data>
          <Data name="ANALISIS DE SUELO">
            <value>No</value>
          </Data>
          <Data name="IMAGEN ANALISIS">
            <value/>
          </Data>
          <Data name="FERTILIZA">
            <value>Si</value>
          </Data>
          <Data name="FUMIGA">
            <value>Si</value>
          </Data>
          <Data name="SISTEMA DE RIEGO">
            <value>No</value>
          </Data>
          <Data name="TIPO DE SISTEMA">
            <value/>
          </Data>
          <Data name="AREA CON RIEGO">
            <value/>
          </Data>
          <Data name="FUENTE DE AGUA">
            <value>No</value>
          </Data>
          <Data name="CAPACITACION">
            <value>Si</value>
          </Data>
          <Data name="REALIZA PODAS">
            <value>Si</value>
          </Data>
          <Data name="AFILIADO A ASPAH">
            <value>No</value>
          </Data>
          <Data name="CREDITO">
            <value>No</value>
          </Data>
          <Data name="TRABAJADORES PERMANENTES">
            <value>No</value>
          </Data>
          <Data name="CUANTOS TP">
            <value/>
          </Data>
          <Data name="TRANBAJADORES TEMPORALES">
            <value>Si</value>
          </Data>
          <Data name="CUANTOS TT">
            <value>3.0</value>
          </Data>
          <Data name="SALARIO POR DIA">
            <value>300.0</value>
          </Data>
          <Data name="LIBRAS COSECHADAS">
            <value>4000.0</value>
          </Data>
          <Data name="UNIDADES COSECHADAS">
            <value/>
          </Data>
          <Data name="UNIDADES COSSECHADAS">
            <value/>
          </Data>
          <Data name="MESES DE COSECHA">
            <value>Noviembre Diciembre Enero Febrero Marzo Agosto</value>
          </Data>
          <Data name="DONDE VENDE">
            <value>Mercado local, pulperias y en casa.</value>
          </Data>
          <Data name="PRECIO LIBRA">
            <value>23.0</value>
          </Data>
          <Data name="PRECIO UNIDAD">
            <value/>
          </Data>
          <Data name="PRECIO UNNIDAD">
            <value/>
          </Data>
          <Data name="TRANSPORTE DE COSECHA">
            <value>Vehiculo propio</value>
          </Data>
          <Data name="IMAGEN PRODUCTOR">
            <value>https://kf.kobotoolbox.org/api/v2/assets/ad7G92bXCJpMkqNXz97XDt/data/762730764/attachments/attWLbGdnJvv6FLmXhVUEdKJ/</value>
          </Data>
          <Data name="OBSERVACION">
            <value>Trabaja en Molinos de Honduras </value>
          </Data>
          <Data name="FIRMA">
            <value>https://kf.kobotoolbox.org/api/v2/assets/ad7G92bXCJpMkqNXz97XDt/data/762730764/attachments/attcqCkthwqzyzfZCGf7HxyV/</value>
          </Data>
        </ExtendedData>
        <Point>
          <coordinates>
            -87.7888034,14.3918574,0
          </coordinates>
        </Point>
      </Placemark>
      <Placemark>
        <name>OLVIN DONALDO PALOMO BONILLA</name>
        <description><![CDATA[﻿FECHA: 25/5/2026<br>LATITUD: 14.3924406<br>LONGITUD: -87.7884879<br>ALTITUD MSNM: 1942<br>DEPARTAMENTO: La Paz<br>MUNICIPIO: La paz<br>FINCA: Los 3 hermanos<br>DNI: 0302-1987-00093<br>IMAGEN DNI: https://kf.kobotoolbox.org/api/v2/assets/ad7G92bXCJpMkqNXz97XDt/data/762730776/attachments/att92TdxmuLVvux7ayyQYPKx/<br>EDAD: 39<br>RAZA: Hass<br>VARIEDAD: <br>TOTAL PLANTAS: 50<br>PLANTAS EN PRODUCCION: 40<br>AREA EN MZ: 0,25<br>ANALISIS DE SUELO: No<br>IMAGEN ANALISIS: <br>FERTILIZA: Si<br>FUMIGA: Si<br>SISTEMA DE RIEGO: No<br>TIPO DE SISTEMA: <br>AREA CON RIEGO: <br>FUENTE DE AGUA: No<br>CAPACITACION: No<br>REALIZA PODAS: Si<br>AFILIADO A ASPAH: No<br>CREDITO: No<br>TRABAJADORES PERMANENTES: No<br>CUANTOS TP: <br>TRANBAJADORES TEMPORALES: Si<br>CUANTOS TT: 2<br>SALARIO POR DIA: 300<br>LIBRAS COSECHADAS: 200<br>UNIDADES COSECHADAS: <br>UNIDADES COSSECHADAS: <br>MESES DE COSECHA: Noviembre Diciembre Enero Febrero Agosto<br>DONDE VENDE: Mercado local, pulperias y en casa.<br>PRECIO LIBRA: 18<br>PRECIO UNIDAD: <br>PRECIO UNNIDAD: <br>TRANSPORTE DE COSECHA: Lo transporto en bestia<br>IMAGEN PRODUCTOR: https://kf.kobotoolbox.org/api/v2/assets/ad7G92bXCJpMkqNXz97XDt/data/762730776/attachments/att4SUZoHVvmkkjgabhYtDta/<br>OBSERVACION: <br>FIRMA: https://kf.kobotoolbox.org/api/v2/assets/ad7G92bXCJpMkqNXz97XDt/data/762730776/attachments/attxm5436BTSp7QBmATX3KjM/]]></description>
        <styleUrl>#icon-1899-FFD600</styleUrl>
        <ExtendedData>
          <Data name="﻿FECHA">
            <value>25/5/2026</value>
          </Data>
          <Data name="LATITUD">
            <value>14.3924406</value>
          </Data>
          <Data name="LONGITUD">
            <value>-87.7884879</value>
          </Data>
          <Data name="ALTITUD MSNM">
            <value>1942.0</value>
          </Data>
          <Data name="DEPARTAMENTO">
            <value>La Paz</value>
          </Data>
          <Data name="MUNICIPIO">
            <value>La paz</value>
          </Data>
          <Data name="FINCA">
            <value>Los 3 hermanos</value>
          </Data>
          <Data name="DNI">
            <value>0302-1987-00093</value>
          </Data>
          <Data name="IMAGEN DNI">
            <value>https://kf.kobotoolbox.org/api/v2/assets/ad7G92bXCJpMkqNXz97XDt/data/762730776/attachments/att92TdxmuLVvux7ayyQYPKx/</value>
          </Data>
          <Data name="EDAD">
            <value>39.0</value>
          </Data>
          <Data name="RAZA">
            <value>Hass</value>
          </Data>
          <Data name="VARIEDAD">
            <value/>
          </Data>
          <Data name="TOTAL PLANTAS">
            <value>50.0</value>
          </Data>
          <Data name="PLANTAS EN PRODUCCION">
            <value>40.0</value>
          </Data>
          <Data name="AREA EN MZ">
            <value>0,25</value>
          </Data>
          <Data name="ANALISIS DE SUELO">
            <value>No</value>
          </Data>
          <Data name="IMAGEN ANALISIS">
            <value/>
          </Data>
          <Data name="FERTILIZA">
            <value>Si</value>
          </Data>
          <Data name="FUMIGA">
            <value>Si</value>
          </Data>
          <Data name="SISTEMA DE RIEGO">
            <value>No</value>
          </Data>
          <Data name="TIPO DE SISTEMA">
            <value/>
          </Data>
          <Data name="AREA CON RIEGO">
            <value/>
          </Data>
          <Data name="FUENTE DE AGUA">
            <value>No</value>
          </Data>
          <Data name="CAPACITACION">
            <value>No</value>
          </Data>
          <Data name="REALIZA PODAS">
            <value>Si</value>
          </Data>
          <Data name="AFILIADO A ASPAH">
            <value>No</value>
          </Data>
          <Data name="CREDITO">
            <value>No</value>
          </Data>
          <Data name="TRABAJADORES PERMANENTES">
            <value>No</value>
          </Data>
          <Data name="CUANTOS TP">
            <value/>
          </Data>
          <Data name="TRANBAJADORES TEMPORALES">
            <value>Si</value>
          </Data>
          <Data name="CUANTOS TT">
            <value>2.0</value>
          </Data>
          <Data name="SALARIO POR DIA">
            <value>300.0</value>
          </Data>
          <Data name="LIBRAS COSECHADAS">
            <value>200.0</value>
          </Data>
          <Data name="UNIDADES COSECHADAS">
            <value/>
          </Data>
          <Data name="UNIDADES COSSECHADAS">
            <value/>
          </Data>
          <Data name="MESES DE COSECHA">
            <value>Noviembre Diciembre Enero Febrero Agosto</value>
          </Data>
          <Data name="DONDE VENDE">
            <value>Mercado local, pulperias y en casa.</value>
          </Data>
          <Data name="PRECIO LIBRA">
            <value>18.0</value>
          </Data>
          <Data name="PRECIO UNIDAD">
            <value/>
          </Data>
          <Data name="PRECIO UNNIDAD">
            <value/>
          </Data>
          <Data name="TRANSPORTE DE COSECHA">
            <value>Lo transporto en bestia</value>
          </Data>
          <Data name="IMAGEN PRODUCTOR">
            <value>https://kf.kobotoolbox.org/api/v2/assets/ad7G92bXCJpMkqNXz97XDt/data/762730776/attachments/att4SUZoHVvmkkjgabhYtDta/</value>
          </Data>
          <Data name="OBSERVACION">
            <value/>
          </Data>
          <Data name="FIRMA">
            <value>https://kf.kobotoolbox.org/api/v2/assets/ad7G92bXCJpMkqNXz97XDt/data/762730776/attachments/attxm5436BTSp7QBmATX3KjM/</value>
          </Data>
        </ExtendedData>
        <Point>
          <coordinates>
            -87.7884879,14.3924406,0
          </coordinates>
        </Point>
      </Placemark>
      <Placemark>
        <name>ESTEBAN SUAZO TEJADA</name>
        <description><![CDATA[﻿FECHA: 25/5/2026<br>LATITUD: 14.3901815<br>LONGITUD: -87.7895107<br>ALTITUD MSNM: 1904<br>DEPARTAMENTO: La Paz<br>MUNICIPIO: La paz<br>FINCA: La Cuspia<br>DNI: 0302-1955-00131<br>IMAGEN DNI: https://kf.kobotoolbox.org/api/v2/assets/ad7G92bXCJpMkqNXz97XDt/data/762730781/attachments/attjcRyaW3DFKvWp3PetE3xY/<br>EDAD: 70<br>RAZA: Hass<br>VARIEDAD: <br>TOTAL PLANTAS: 500<br>PLANTAS EN PRODUCCION: 500<br>AREA EN MZ: 2,5<br>ANALISIS DE SUELO: Si<br>IMAGEN ANALISIS: <br>FERTILIZA: Si<br>FUMIGA: Si<br>SISTEMA DE RIEGO: No<br>TIPO DE SISTEMA: <br>AREA CON RIEGO: <br>FUENTE DE AGUA: No<br>CAPACITACION: Si<br>REALIZA PODAS: Si<br>AFILIADO A ASPAH: Si<br>CREDITO: Si<br>TRABAJADORES PERMANENTES: No<br>CUANTOS TP: <br>TRANBAJADORES TEMPORALES: Si<br>CUANTOS TT: 4<br>SALARIO POR DIA: 300<br>LIBRAS COSECHADAS: 20000<br>UNIDADES COSECHADAS: <br>UNIDADES COSSECHADAS: <br>MESES DE COSECHA: Enero Febrero Marzo<br>DONDE VENDE: Un comprador viene a mi finca.<br>PRECIO LIBRA: 16<br>PRECIO UNIDAD: <br>PRECIO UNNIDAD: <br>TRANSPORTE DE COSECHA: Vehiculo propio<br>IMAGEN PRODUCTOR: https://kf.kobotoolbox.org/api/v2/assets/ad7G92bXCJpMkqNXz97XDt/data/762730781/attachments/att4KdBKZSmQsAqW2SWS78Xw/<br>OBSERVACION: <br>FIRMA: https://kf.kobotoolbox.org/api/v2/assets/ad7G92bXCJpMkqNXz97XDt/data/762730781/attachments/attVHu2mBkwxR5hpLWppqYfA/]]></description>
        <styleUrl>#icon-1899-FFD600</styleUrl>
        <ExtendedData>
          <Data name="﻿FECHA">
            <value>25/5/2026</value>
          </Data>
          <Data name="LATITUD">
            <value>14.3901815</value>
          </Data>
          <Data name="LONGITUD">
            <value>-87.7895107</value>
          </Data>
          <Data name="ALTITUD MSNM">
            <value>1904.0</value>
          </Data>
          <Data name="DEPARTAMENTO">
            <value>La Paz</value>
          </Data>
          <Data name="MUNICIPIO">
            <value>La paz</value>
          </Data>
          <Data name="FINCA">
            <value>La Cuspia</value>
          </Data>
          <Data name="DNI">
            <value>0302-1955-00131</value>
          </Data>
          <Data name="IMAGEN DNI">
            <value>https://kf.kobotoolbox.org/api/v2/assets/ad7G92bXCJpMkqNXz97XDt/data/762730781/attachments/attjcRyaW3DFKvWp3PetE3xY/</value>
          </Data>
          <Data name="EDAD">
            <value>70.0</value>
          </Data>
          <Data name="RAZA">
            <value>Hass</value>
          </Data>
          <Data name="VARIEDAD">
            <value/>
          </Data>
          <Data name="TOTAL PLANTAS">
            <value>500.0</value>
          </Data>
          <Data name="PLANTAS EN PRODUCCION">
            <value>500.0</value>
          </Data>
          <Data name="AREA EN MZ">
            <value>2,5</value>
          </Data>
          <Data name="ANALISIS DE SUELO">
            <value>Si</value>
          </Data>
          <Data name="IMAGEN ANALISIS">
            <value/>
          </Data>
          <Data name="FERTILIZA">
            <value>Si</value>
          </Data>
          <Data name="FUMIGA">
            <value>Si</value>
          </Data>
          <Data name="SISTEMA DE RIEGO">
            <value>No</value>
          </Data>
          <Data name="TIPO DE SISTEMA">
            <value/>
          </Data>
          <Data name="AREA CON RIEGO">
            <value/>
          </Data>
          <Data name="FUENTE DE AGUA">
            <value>No</value>
          </Data>
          <Data name="CAPACITACION">
            <value>Si</value>
          </Data>
          <Data name="REALIZA PODAS">
            <value>Si</value>
          </Data>
          <Data name="AFILIADO A ASPAH">
            <value>Si</value>
          </Data>
          <Data name="CREDITO">
            <value>Si</value>
          </Data>
          <Data name="TRABAJADORES PERMANENTES">
            <value>No</value>
          </Data>
          <Data name="CUANTOS TP">
            <value/>
          </Data>
          <Data name="TRANBAJADORES TEMPORALES">
            <value>Si</value>
          </Data>
          <Data name="CUANTOS TT">
            <value>4.0</value>
          </Data>
          <Data name="SALARIO POR DIA">
            <value>300.0</value>
          </Data>
          <Data name="LIBRAS COSECHADAS">
            <value>20000.0</value>
          </Data>
          <Data name="UNIDADES COSECHADAS">
            <value/>
          </Data>
          <Data name="UNIDADES COSSECHADAS">
            <value/>
          </Data>
          <Data name="MESES DE COSECHA">
            <value>Enero Febrero Marzo</value>
          </Data>
          <Data name="DONDE VENDE">
            <value>Un comprador viene a mi finca.</value>
          </Data>
          <Data name="PRECIO LIBRA">
            <value>16.0</value>
          </Data>
          <Data name="PRECIO UNIDAD">
            <value/>
          </Data>
          <Data name="PRECIO UNNIDAD">
            <value/>
          </Data>
          <Data name="TRANSPORTE DE COSECHA">
            <value>Vehiculo propio</value>
          </Data>
          <Data name="IMAGEN PRODUCTOR">
            <value>https://kf.kobotoolbox.org/api/v2/assets/ad7G92bXCJpMkqNXz97XDt/data/762730781/attachments/att4KdBKZSmQsAqW2SWS78Xw/</value>
          </Data>
          <Data name="OBSERVACION">
            <value/>
          </Data>
          <Data name="FIRMA">
            <value>https://kf.kobotoolbox.org/api/v2/assets/ad7G92bXCJpMkqNXz97XDt/data/762730781/attachments/attVHu2mBkwxR5hpLWppqYfA/</value>
          </Data>
        </ExtendedData>
        <Point>
          <coordinates>
            -87.7895107,14.3901815,0
          </coordinates>
        </Point>
      </Placemark>
      <Placemark>
        <name>ALEJANDRO JOSUE SUAZO CASTILLO</name>
        <description><![CDATA[﻿FECHA: 24/5/2026<br>LATITUD: 14.3887618<br>LONGITUD: -87.7920855<br>ALTITUD MSNM: 1985<br>DEPARTAMENTO: La Paz<br>MUNICIPIO: La paz<br>FINCA: El Tanque<br>DNI: 1201-2002-00547<br>IMAGEN DNI: https://kf.kobotoolbox.org/api/v2/assets/ad7G92bXCJpMkqNXz97XDt/data/762730788/attachments/attfQbCfSyN9tpYufB23TEEx/<br>EDAD: 23<br>RAZA: Hass<br>VARIEDAD: <br>TOTAL PLANTAS: 100<br>PLANTAS EN PRODUCCION: 90<br>AREA EN MZ: 0,5<br>ANALISIS DE SUELO: No<br>IMAGEN ANALISIS: <br>FERTILIZA: Si<br>FUMIGA: Si<br>SISTEMA DE RIEGO: No<br>TIPO DE SISTEMA: <br>AREA CON RIEGO: <br>FUENTE DE AGUA: Si<br>CAPACITACION: No<br>REALIZA PODAS: Si<br>AFILIADO A ASPAH: No<br>CREDITO: No<br>TRABAJADORES PERMANENTES: No<br>CUANTOS TP: <br>TRANBAJADORES TEMPORALES: Si<br>CUANTOS TT: 3<br>SALARIO POR DIA: 300<br>LIBRAS COSECHADAS: 5000<br>UNIDADES COSECHADAS: <br>UNIDADES COSSECHADAS: <br>MESES DE COSECHA: Enero Febrero Marzo<br>DONDE VENDE: Mercado local, pulperias y en casa.<br>PRECIO LIBRA: 18<br>PRECIO UNIDAD: <br>PRECIO UNNIDAD: <br>TRANSPORTE DE COSECHA: Vehiculo propio<br>IMAGEN PRODUCTOR: https://kf.kobotoolbox.org/api/v2/assets/ad7G92bXCJpMkqNXz97XDt/data/762730788/attachments/attGMWeX2WnfbdAmsHAACBiY/<br>OBSERVACION: <br>FIRMA: https://kf.kobotoolbox.org/api/v2/assets/ad7G92bXCJpMkqNXz97XDt/data/762730788/attachments/att2CWm8UiNcxdPExrAAA3eR/]]></description>
        <styleUrl>#icon-1899-FFD600</styleUrl>
        <ExtendedData>
          <Data name="﻿FECHA">
            <value>24/5/2026</value>
          </Data>
          <Data name="LATITUD">
            <value>14.3887618</value>
          </Data>
          <Data name="LONGITUD">
            <value>-87.7920855</value>
          </Data>
          <Data name="ALTITUD MSNM">
            <value>1985.0</value>
          </Data>
          <Data name="DEPARTAMENTO">
            <value>La Paz</value>
          </Data>
          <Data name="MUNICIPIO">
            <value>La paz</value>
          </Data>
          <Data name="FINCA">
            <value>El Tanque</value>
          </Data>
          <Data name="DNI">
            <value>1201-2002-00547</value>
          </Data>
          <Data name="IMAGEN DNI">
            <value>https://kf.kobotoolbox.org/api/v2/assets/ad7G92bXCJpMkqNXz97XDt/data/762730788/attachments/attfQbCfSyN9tpYufB23TEEx/</value>
          </Data>
          <Data name="EDAD">
            <value>23.0</value>
          </Data>
          <Data name="RAZA">
            <value>Hass</value>
          </Data>
          <Data name="VARIEDAD">
            <value/>
          </Data>
          <Data name="TOTAL PLANTAS">
            <value>100.0</value>
          </Data>
          <Data name="PLANTAS EN PRODUCCION">
            <value>90.0</value>
          </Data>
          <Data name="AREA EN MZ">
            <value>0,5</value>
          </Data>
          <Data name="ANALISIS DE SUELO">
            <value>No</value>
          </Data>
          <Data name="IMAGEN ANALISIS">
            <value/>
          </Data>
          <Data name="FERTILIZA">
            <value>Si</value>
          </Data>
          <Data name="FUMIGA">
            <value>Si</value>
          </Data>
          <Data name="SISTEMA DE RIEGO">
            <value>No</value>
          </Data>
          <Data name="TIPO DE SISTEMA">
            <value/>
          </Data>
          <Data name="AREA CON RIEGO">
            <value/>
          </Data>
          <Data name="FUENTE DE AGUA">
            <value>Si</value>
          </Data>
          <Data name="CAPACITACION">
            <value>No</value>
          </Data>
          <Data name="REALIZA PODAS">
            <value>Si</value>
          </Data>
          <Data name="AFILIADO A ASPAH">
            <value>No</value>
          </Data>
          <Data name="CREDITO">
            <value>No</value>
          </Data>
          <Data name="TRABAJADORES PERMANENTES">
            <value>No</value>
          </Data>
          <Data name="CUANTOS TP">
            <value/>
          </Data>
          <Data name="TRANBAJADORES TEMPORALES">
            <value>Si</value>
          </Data>
          <Data name="CUANTOS TT">
            <value>3.0</value>
          </Data>
          <Data name="SALARIO POR DIA">
            <value>300.0</value>
          </Data>
          <Data name="LIBRAS COSECHADAS">
            <value>5000.0</value>
          </Data>
          <Data name="UNIDADES COSECHADAS">
            <value/>
          </Data>
          <Data name="UNIDADES COSSECHADAS">
            <value/>
          </Data>
          <Data name="MESES DE COSECHA">
            <value>Enero Febrero Marzo</value>
          </Data>
          <Data name="DONDE VENDE">
            <value>Mercado local, pulperias y en casa.</value>
          </Data>
          <Data name="PRECIO LIBRA">
            <value>18.0</value>
          </Data>
          <Data name="PRECIO UNIDAD">
            <value/>
          </Data>
          <Data name="PRECIO UNNIDAD">
            <value/>
          </Data>
          <Data name="TRANSPORTE DE COSECHA">
            <value>Vehiculo propio</value>
          </Data>
          <Data name="IMAGEN PRODUCTOR">
            <value>https://kf.kobotoolbox.org/api/v2/assets/ad7G92bXCJpMkqNXz97XDt/data/762730788/attachments/attGMWeX2WnfbdAmsHAACBiY/</value>
          </Data>
          <Data name="OBSERVACION">
            <value/>
          </Data>
          <Data name="FIRMA">
            <value>https://kf.kobotoolbox.org/api/v2/assets/ad7G92bXCJpMkqNXz97XDt/data/762730788/attachments/att2CWm8UiNcxdPExrAAA3eR/</value>
          </Data>
        </ExtendedData>
        <Point>
          <coordinates>
            -87.7920855,14.3887618,0
          </coordinates>
        </Point>
      </Placemark>
      <Placemark>
        <name>JOSE ALFREDO GARCIA PEREZ</name>
        <description><![CDATA[﻿FECHA: 25/5/2026<br>LATITUD: 14.3981469<br>LONGITUD: -87.816573<br>ALTITUD MSNM: 2128<br>DEPARTAMENTO: Comayagua<br>MUNICIPIO: Comayagua<br>FINCA: Nueva Esperanza<br>DNI: 0301-1964-01163<br>IMAGEN DNI: https://kf.kobotoolbox.org/api/v2/assets/ad7G92bXCJpMkqNXz97XDt/data/764260361/attachments/attC3HEpV4nV9GTzre9PLHFj/<br>EDAD: 62<br>RAZA: Hass<br>VARIEDAD: <br>TOTAL PLANTAS: 1000<br>PLANTAS EN PRODUCCION: 0<br>AREA EN MZ: 5<br>ANALISIS DE SUELO: No<br>IMAGEN ANALISIS: <br>FERTILIZA: Si<br>FUMIGA: Si<br>SISTEMA DE RIEGO: No<br>TIPO DE SISTEMA: <br>AREA CON RIEGO: <br>FUENTE DE AGUA: Si<br>CAPACITACION: Si<br>REALIZA PODAS: No<br>AFILIADO A ASPAH: Si<br>CREDITO: No<br>TRABAJADORES PERMANENTES: No<br>CUANTOS TP: <br>TRANBAJADORES TEMPORALES: Si<br>CUANTOS TT: 5<br>SALARIO POR DIA: 250<br>LIBRAS COSECHADAS: 0<br>UNIDADES COSECHADAS: <br>UNIDADES COSSECHADAS: <br>MESES DE COSECHA: Enero<br>DONDE VENDE: No he vendido aún.<br>PRECIO LIBRA: 0<br>PRECIO UNIDAD: <br>PRECIO UNNIDAD: <br>TRANSPORTE DE COSECHA: Ninguno<br>IMAGEN PRODUCTOR: https://kf.kobotoolbox.org/api/v2/assets/ad7G92bXCJpMkqNXz97XDt/data/764260361/attachments/attbnqfYtWAH6xG5KJDwFXJQ/<br>OBSERVACION: <br>FIRMA: ]]></description>
        <styleUrl>#icon-1899-FFD600</styleUrl>
        <ExtendedData>
          <Data name="﻿FECHA">
            <value>25/5/2026</value>
          </Data>
          <Data name="LATITUD">
            <value>14.3981469</value>
          </Data>
          <Data name="LONGITUD">
            <value>-87.816573</value>
          </Data>
          <Data name="ALTITUD MSNM">
            <value>2128.0</value>
          </Data>
          <Data name="DEPARTAMENTO">
            <value>Comayagua</value>
          </Data>
          <Data name="MUNICIPIO">
            <value>Comayagua</value>
          </Data>
          <Data name="FINCA">
            <value>Nueva Esperanza</value>
          </Data>
          <Data name="DNI">
            <value>0301-1964-01163</value>
          </Data>
          <Data name="IMAGEN DNI">
            <value>https://kf.kobotoolbox.org/api/v2/assets/ad7G92bXCJpMkqNXz97XDt/data/764260361/attachments/attC3HEpV4nV9GTzre9PLHFj/</value>
          </Data>
          <Data name="EDAD">
            <value>62.0</value>
          </Data>
          <Data name="RAZA">
            <value>Hass</value>
          </Data>
          <Data name="VARIEDAD">
            <value/>
          </Data>
          <Data name="TOTAL PLANTAS">
            <value>1000.0</value>
          </Data>
          <Data name="PLANTAS EN PRODUCCION">
            <value>0.0</value>
          </Data>
          <Data name="AREA EN MZ">
            <value>5</value>
          </Data>
          <Data name="ANALISIS DE SUELO">
            <value>No</value>
          </Data>
          <Data name="IMAGEN ANALISIS">
            <value/>
          </Data>
          <Data name="FERTILIZA">
            <value>Si</value>
          </Data>
          <Data name="FUMIGA">
            <value>Si</value>
          </Data>
          <Data name="SISTEMA DE RIEGO">
            <value>No</value>
          </Data>
          <Data name="TIPO DE SISTEMA">
            <value/>
          </Data>
          <Data name="AREA CON RIEGO">
            <value/>
          </Data>
          <Data name="FUENTE DE AGUA">
            <value>Si</value>
          </Data>
          <Data name="CAPACITACION">
            <value>Si</value>
          </Data>
          <Data name="REALIZA PODAS">
            <value>No</value>
          </Data>
          <Data name="AFILIADO A ASPAH">
            <value>Si</value>
          </Data>
          <Data name="CREDITO">
            <value>No</value>
          </Data>
          <Data name="TRABAJADORES PERMANENTES">
            <value>No</value>
          </Data>
          <Data name="CUANTOS TP">
            <value/>
          </Data>
          <Data name="TRANBAJADORES TEMPORALES">
            <value>Si</value>
          </Data>
          <Data name="CUANTOS TT">
            <value>5.0</value>
          </Data>
          <Data name="SALARIO POR DIA">
            <value>250.0</value>
          </Data>
          <Data name="LIBRAS COSECHADAS">
            <value>0.0</value>
          </Data>
          <Data name="UNIDADES COSECHADAS">
            <value/>
          </Data>
          <Data name="UNIDADES COSSECHADAS">
            <value/>
          </Data>
          <Data name="MESES DE COSECHA">
            <value>Enero</value>
          </Data>
          <Data name="DONDE VENDE">
            <value>No he vendido aún.</value>
          </Data>
          <Data name="PRECIO LIBRA">
            <value>0.0</value>
          </Data>
          <Data name="PRECIO UNIDAD">
            <value/>
          </Data>
          <Data name="PRECIO UNNIDAD">
            <value/>
          </Data>
          <Data name="TRANSPORTE DE COSECHA">
            <value>Ninguno</value>
          </Data>
          <Data name="IMAGEN PRODUCTOR">
            <value>https://kf.kobotoolbox.org/api/v2/assets/ad7G92bXCJpMkqNXz97XDt/data/764260361/attachments/attbnqfYtWAH6xG5KJDwFXJQ/</value>
          </Data>
          <Data name="OBSERVACION">
            <value/>
          </Data>
          <Data name="FIRMA">
            <value/>
          </Data>
        </ExtendedData>
        <Point>
          <coordinates>
            -87.816573,14.3981469,0
          </coordinates>
        </Point>
      </Placemark>
      <Placemark>
        <name>ELIAS ANTONIO MENDEZ SUAZO</name>
        <description><![CDATA[﻿FECHA: 24/5/2026<br>LATITUD: 14.3734477<br>LONGITUD: -87.7953476<br>ALTITUD MSNM: 2006<br>DEPARTAMENTO: La Paz<br>MUNICIPIO: La paz<br>FINCA: El Guayabo<br>DNI: 1201-1971-00145<br>IMAGEN DNI: https://kf.kobotoolbox.org/api/v2/assets/ad7G92bXCJpMkqNXz97XDt/data/764362535/attachments/att9LK8u3b5Msi36ukmc77Rt/<br>EDAD: 54<br>RAZA: Hass<br>VARIEDAD: <br>TOTAL PLANTAS: 140<br>PLANTAS EN PRODUCCION: 130<br>AREA EN MZ: 0,75<br>ANALISIS DE SUELO: No<br>IMAGEN ANALISIS: <br>FERTILIZA: Si<br>FUMIGA: Si<br>SISTEMA DE RIEGO: No<br>TIPO DE SISTEMA: <br>AREA CON RIEGO: <br>FUENTE DE AGUA: Si<br>CAPACITACION: No<br>REALIZA PODAS: Si<br>AFILIADO A ASPAH: No<br>CREDITO: No<br>TRABAJADORES PERMANENTES: No<br>CUANTOS TP: <br>TRANBAJADORES TEMPORALES: Si<br>CUANTOS TT: 3<br>SALARIO POR DIA: 300<br>LIBRAS COSECHADAS: 1000<br>UNIDADES COSECHADAS: <br>UNIDADES COSSECHADAS: <br>MESES DE COSECHA: Enero Septiembre<br>DONDE VENDE: Mercado local, pulperias y en casa.<br>PRECIO LIBRA: 20<br>PRECIO UNIDAD: <br>PRECIO UNNIDAD: <br>TRANSPORTE DE COSECHA: Vehiculo contratado<br>IMAGEN PRODUCTOR: https://kf.kobotoolbox.org/api/v2/assets/ad7G92bXCJpMkqNXz97XDt/data/764362535/attachments/attAgQPvtX6BA7vdm2xp99cW/<br>OBSERVACION: Desea mejorar en manejo<br>FIRMA: https://kf.kobotoolbox.org/api/v2/assets/ad7G92bXCJpMkqNXz97XDt/data/764362535/attachments/atte6tmLNvVp3t6havsCU8Xp/]]></description>
        <styleUrl>#icon-1899-FFD600</styleUrl>
        <ExtendedData>
          <Data name="﻿FECHA">
            <value>24/5/2026</value>
          </Data>
          <Data name="LATITUD">
            <value>14.3734477</value>
          </Data>
          <Data name="LONGITUD">
            <value>-87.7953476</value>
          </Data>
          <Data name="ALTITUD MSNM">
            <value>2006.0</value>
          </Data>
          <Data name="DEPARTAMENTO">
            <value>La Paz</value>
          </Data>
          <Data name="MUNICIPIO">
            <value>La paz</value>
          </Data>
          <Data name="FINCA">
            <value>El Guayabo</value>
          </Data>
          <Data name="DNI">
            <value>1201-1971-00145</value>
          </Data>
          <Data name="IMAGEN DNI">
            <value>https://kf.kobotoolbox.org/api/v2/assets/ad7G92bXCJpMkqNXz97XDt/data/764362535/attachments/att9LK8u3b5Msi36ukmc77Rt/</value>
          </Data>
          <Data name="EDAD">
            <value>54.0</value>
          </Data>
          <Data name="RAZA">
            <value>Hass</value>
          </Data>
          <Data name="VARIEDAD">
            <value/>
          </Data>
          <Data name="TOTAL PLANTAS">
            <value>140.0</value>
          </Data>
          <Data name="PLANTAS EN PRODUCCION">
            <value>130.0</value>
          </Data>
          <Data name="AREA EN MZ">
            <value>0,75</value>
          </Data>
          <Data name="ANALISIS DE SUELO">
            <value>No</value>
          </Data>
          <Data name="IMAGEN ANALISIS">
            <value/>
          </Data>
          <Data name="FERTILIZA">
            <value>Si</value>
          </Data>
          <Data name="FUMIGA">
            <value>Si</value>
          </Data>
          <Data name="SISTEMA DE RIEGO">
            <value>No</value>
          </Data>
          <Data name="TIPO DE SISTEMA">
            <value/>
          </Data>
          <Data name="AREA CON RIEGO">
            <value/>
          </Data>
          <Data name="FUENTE DE AGUA">
            <value>Si</value>
          </Data>
          <Data name="CAPACITACION">
            <value>No</value>
          </Data>
          <Data name="REALIZA PODAS">
            <value>Si</value>
          </Data>
          <Data name="AFILIADO A ASPAH">
            <value>No</value>
          </Data>
          <Data name="CREDITO">
            <value>No</value>
          </Data>
          <Data name="TRABAJADORES PERMANENTES">
            <value>No</value>
          </Data>
          <Data name="CUANTOS TP">
            <value/>
          </Data>
          <Data name="TRANBAJADORES TEMPORALES">
            <value>Si</value>
          </Data>
          <Data name="CUANTOS TT">
            <value>3.0</value>
          </Data>
          <Data name="SALARIO POR DIA">
            <value>300.0</value>
          </Data>
          <Data name="LIBRAS COSECHADAS">
            <value>1000.0</value>
          </Data>
          <Data name="UNIDADES COSECHADAS">
            <value/>
          </Data>
          <Data name="UNIDADES COSSECHADAS">
            <value/>
          </Data>
          <Data name="MESES DE COSECHA">
            <value>Enero Septiembre</value>
          </Data>
          <Data name="DONDE VENDE">
            <value>Mercado local, pulperias y en casa.</value>
          </Data>
          <Data name="PRECIO LIBRA">
            <value>20.0</value>
          </Data>
          <Data name="PRECIO UNIDAD">
            <value/>
          </Data>
          <Data name="PRECIO UNNIDAD">
            <value/>
          </Data>
          <Data name="TRANSPORTE DE COSECHA">
            <value>Vehiculo contratado</value>
          </Data>
          <Data name="IMAGEN PRODUCTOR">
            <value>https://kf.kobotoolbox.org/api/v2/assets/ad7G92bXCJpMkqNXz97XDt/data/764362535/attachments/attAgQPvtX6BA7vdm2xp99cW/</value>
          </Data>
          <Data name="OBSERVACION">
            <value>Desea mejorar en manejo</value>
          </Data>
          <Data name="FIRMA">
            <value>https://kf.kobotoolbox.org/api/v2/assets/ad7G92bXCJpMkqNXz97XDt/data/764362535/attachments/atte6tmLNvVp3t6havsCU8Xp/</value>
          </Data>
        </ExtendedData>
        <Point>
          <coordinates>
            -87.7953476,14.3734477,0
          </coordinates>
        </Point>
      </Placemark>
      <Placemark>
        <name>ANGELA MEZA MARTÍNEZ</name>
        <description><![CDATA[﻿FECHA: 28/5/2026<br>LATITUD: 14.3600412<br>LONGITUD: -87.4214866<br>ALTITUD MSNM: 1445<br>DEPARTAMENTO: Comayagua<br>MUNICIPIO: Villa de San Antonio<br>FINCA: Mi bendición<br>DNI: 0319-1968-00192<br>IMAGEN DNI: https://kf.kobotoolbox.org/api/v2/assets/ad7G92bXCJpMkqNXz97XDt/data/765191406/attachments/att9TKZ89A8HEukvuQJZvYpw/<br>EDAD: 57<br>RAZA: Hass<br>VARIEDAD: <br>TOTAL PLANTAS: 90<br>PLANTAS EN PRODUCCION: 90<br>AREA EN MZ: 0,45<br>ANALISIS DE SUELO: Si<br>IMAGEN ANALISIS: <br>FERTILIZA: Si<br>FUMIGA: Si<br>SISTEMA DE RIEGO: No<br>TIPO DE SISTEMA: <br>AREA CON RIEGO: <br>FUENTE DE AGUA: Si<br>CAPACITACION: Si<br>REALIZA PODAS: Si<br>AFILIADO A ASPAH: Si<br>CREDITO: Si<br>TRABAJADORES PERMANENTES: No<br>CUANTOS TP: <br>TRANBAJADORES TEMPORALES: Si<br>CUANTOS TT: 2<br>SALARIO POR DIA: 250<br>LIBRAS COSECHADAS: 2000<br>UNIDADES COSECHADAS: <br>UNIDADES COSSECHADAS: <br>MESES DE COSECHA: Diciembre Enero Febrero<br>DONDE VENDE: Un comprador viene a mi finca.<br>PRECIO LIBRA: 18<br>PRECIO UNIDAD: <br>PRECIO UNNIDAD: <br>TRANSPORTE DE COSECHA: Ninguno<br>IMAGEN PRODUCTOR: https://kf.kobotoolbox.org/api/v2/assets/ad7G92bXCJpMkqNXz97XDt/data/765191406/attachments/atteVxh496BhgtbZihob94mq/<br>OBSERVACION: Tiene naciente y pozo, no se seca<br>FIRMA: https://kf.kobotoolbox.org/api/v2/assets/ad7G92bXCJpMkqNXz97XDt/data/765191406/attachments/att7phoCs7yrgS77SATqcy2o/]]></description>
        <styleUrl>#icon-1899-FFD600</styleUrl>
        <ExtendedData>
          <Data name="﻿FECHA">
            <value>28/5/2026</value>
          </Data>
          <Data name="LATITUD">
            <value>14.3600412</value>
          </Data>
          <Data name="LONGITUD">
            <value>-87.4214866</value>
          </Data>
          <Data name="ALTITUD MSNM">
            <value>1445.0</value>
          </Data>
          <Data name="DEPARTAMENTO">
            <value>Comayagua</value>
          </Data>
          <Data name="MUNICIPIO">
            <value>Villa de San Antonio</value>
          </Data>
          <Data name="FINCA">
            <value>Mi bendición</value>
          </Data>
          <Data name="DNI">
            <value>0319-1968-00192</value>
          </Data>
          <Data name="IMAGEN DNI">
            <value>https://kf.kobotoolbox.org/api/v2/assets/ad7G92bXCJpMkqNXz97XDt/data/765191406/attachments/att9TKZ89A8HEukvuQJZvYpw/</value>
          </Data>
          <Data name="EDAD">
            <value>57.0</value>
          </Data>
          <Data name="RAZA">
            <value>Hass</value>
          </Data>
          <Data name="VARIEDAD">
            <value/>
          </Data>
          <Data name="TOTAL PLANTAS">
            <value>90.0</value>
          </Data>
          <Data name="PLANTAS EN PRODUCCION">
            <value>90.0</value>
          </Data>
          <Data name="AREA EN MZ">
            <value>0,45</value>
          </Data>
          <Data name="ANALISIS DE SUELO">
            <value>Si</value>
          </Data>
          <Data name="IMAGEN ANALISIS">
            <value/>
          </Data>
          <Data name="FERTILIZA">
            <value>Si</value>
          </Data>
          <Data name="FUMIGA">
            <value>Si</value>
          </Data>
          <Data name="SISTEMA DE RIEGO">
            <value>No</value>
          </Data>
          <Data name="TIPO DE SISTEMA">
            <value/>
          </Data>
          <Data name="AREA CON RIEGO">
            <value/>
          </Data>
          <Data name="FUENTE DE AGUA">
            <value>Si</value>
          </Data>
          <Data name="CAPACITACION">
            <value>Si</value>
          </Data>
          <Data name="REALIZA PODAS">
            <value>Si</value>
          </Data>
          <Data name="AFILIADO A ASPAH">
            <value>Si</value>
          </Data>
          <Data name="CREDITO">
            <value>Si</value>
          </Data>
          <Data name="TRABAJADORES PERMANENTES">
            <value>No</value>
          </Data>
          <Data name="CUANTOS TP">
            <value/>
          </Data>
          <Data name="TRANBAJADORES TEMPORALES">
            <value>Si</value>
          </Data>
          <Data name="CUANTOS TT">
            <value>2.0</value>
          </Data>
          <Data name="SALARIO POR DIA">
            <value>250.0</value>
          </Data>
          <Data name="LIBRAS COSECHADAS">
            <value>2000.0</value>
          </Data>
          <Data name="UNIDADES COSECHADAS">
            <value/>
          </Data>
          <Data name="UNIDADES COSSECHADAS">
            <value/>
          </Data>
          <Data name="MESES DE COSECHA">
            <value>Diciembre Enero Febrero</value>
          </Data>
          <Data name="DONDE VENDE">
            <value>Un comprador viene a mi finca.</value>
          </Data>
          <Data name="PRECIO LIBRA">
            <value>18.0</value>
          </Data>
          <Data name="PRECIO UNIDAD">
            <value/>
          </Data>
          <Data name="PRECIO UNNIDAD">
            <value/>
          </Data>
          <Data name="TRANSPORTE DE COSECHA">
            <value>Ninguno</value>
          </Data>
          <Data name="IMAGEN PRODUCTOR">
            <value>https://kf.kobotoolbox.org/api/v2/assets/ad7G92bXCJpMkqNXz97XDt/data/765191406/attachments/atteVxh496BhgtbZihob94mq/</value>
          </Data>
          <Data name="OBSERVACION">
            <value>Tiene naciente y pozo, no se seca</value>
          </Data>
          <Data name="FIRMA">
            <value>https://kf.kobotoolbox.org/api/v2/assets/ad7G92bXCJpMkqNXz97XDt/data/765191406/attachments/att7phoCs7yrgS77SATqcy2o/</value>
          </Data>
        </ExtendedData>
        <Point>
          <coordinates>
            -87.4214866,14.3600412,0
          </coordinates>
        </Point>
      </Placemark>
      <Placemark>
        <name>KEIBERTH ROLANDO FUENTES PADILLA</name>
        <description><![CDATA[﻿FECHA: 19/5/2026<br>LATITUD: 14.2989479<br>LONGITUD: -87.4495888<br>ALTITUD MSNM: 1546<br>DEPARTAMENTO: Comayagua<br>MUNICIPIO: Villa de San Antonio<br>FINCA: Finca Mary<br>DNI: 0801-1989-16019<br>IMAGEN DNI: https://kf.kobotoolbox.org/api/v2/assets/ad7G92bXCJpMkqNXz97XDt/data/765242723/attachments/attS85FumDfd2wGmaeVJkfni/<br>EDAD: 36<br>RAZA: Hass<br>VARIEDAD: <br>TOTAL PLANTAS: 170<br>PLANTAS EN PRODUCCION: 50<br>AREA EN MZ: 1<br>ANALISIS DE SUELO: Si<br>IMAGEN ANALISIS: https://kf.kobotoolbox.org/api/v2/assets/ad7G92bXCJpMkqNXz97XDt/data/765242723/attachments/att9BqLv3g7aVFsKbUFcbXLB/<br>FERTILIZA: Si<br>FUMIGA: Si<br>SISTEMA DE RIEGO: Si<br>TIPO DE SISTEMA: Sistema de riego por micro-aspersion<br>AREA CON RIEGO: 1<br>FUENTE DE AGUA: <br>CAPACITACION: Si<br>REALIZA PODAS: Si<br>AFILIADO A ASPAH: Si<br>CREDITO: No<br>TRABAJADORES PERMANENTES: No<br>CUANTOS TP: <br>TRANBAJADORES TEMPORALES: Si<br>CUANTOS TT: 3<br>SALARIO POR DIA: 250<br>LIBRAS COSECHADAS: 5200<br>UNIDADES COSECHADAS: <br>UNIDADES COSSECHADAS: <br>MESES DE COSECHA: Octubre Noviembre Diciembre Enero<br>DONDE VENDE: Mercado local, pulperias y en casa.<br>PRECIO LIBRA: 30<br>PRECIO UNIDAD: <br>PRECIO UNNIDAD: <br>TRANSPORTE DE COSECHA: Vehiculo propio<br>IMAGEN PRODUCTOR: https://kf.kobotoolbox.org/api/v2/assets/ad7G92bXCJpMkqNXz97XDt/data/765242723/attachments/attPq4dzTqo9EdFbYgjxJTBo/<br>OBSERVACION: Sistema de riego de media manzana con fugaz y averias..<br>FIRMA: https://kf.kobotoolbox.org/api/v2/assets/ad7G92bXCJpMkqNXz97XDt/data/765242723/attachments/attVpLLabGgPwLbVyhvbpjts/]]></description>
        <styleUrl>#icon-1899-FFD600</styleUrl>
        <ExtendedData>
          <Data name="﻿FECHA">
            <value>19/5/2026</value>
          </Data>
          <Data name="LATITUD">
            <value>14.2989479</value>
          </Data>
          <Data name="LONGITUD">
            <value>-87.4495888</value>
          </Data>
          <Data name="ALTITUD MSNM">
            <value>1546.0</value>
          </Data>
          <Data name="DEPARTAMENTO">
            <value>Comayagua</value>
          </Data>
          <Data name="MUNICIPIO">
            <value>Villa de San Antonio</value>
          </Data>
          <Data name="FINCA">
            <value>Finca Mary</value>
          </Data>
          <Data name="DNI">
            <value>0801-1989-16019</value>
          </Data>
          <Data name="IMAGEN DNI">
            <value>https://kf.kobotoolbox.org/api/v2/assets/ad7G92bXCJpMkqNXz97XDt/data/765242723/attachments/attS85FumDfd2wGmaeVJkfni/</value>
          </Data>
          <Data name="EDAD">
            <value>36.0</value>
          </Data>
          <Data name="RAZA">
            <value>Hass</value>
          </Data>
          <Data name="VARIEDAD">
            <value/>
          </Data>
          <Data name="TOTAL PLANTAS">
            <value>170.0</value>
          </Data>
          <Data name="PLANTAS EN PRODUCCION">
            <value>50.0</value>
          </Data>
          <Data name="AREA EN MZ">
            <value>1</value>
          </Data>
          <Data name="ANALISIS DE SUELO">
            <value>Si</value>
          </Data>
          <Data name="IMAGEN ANALISIS">
            <value>https://kf.kobotoolbox.org/api/v2/assets/ad7G92bXCJpMkqNXz97XDt/data/765242723/attachments/att9BqLv3g7aVFsKbUFcbXLB/</value>
          </Data>
          <Data name="FERTILIZA">
            <value>Si</value>
          </Data>
          <Data name="FUMIGA">
            <value>Si</value>
          </Data>
          <Data name="SISTEMA DE RIEGO">
            <value>Si</value>
          </Data>
          <Data name="TIPO DE SISTEMA">
            <value>Sistema de riego por micro-aspersion</value>
          </Data>
          <Data name="AREA CON RIEGO">
            <value>1</value>
          </Data>
          <Data name="FUENTE DE AGUA">
            <value/>
          </Data>
          <Data name="CAPACITACION">
            <value>Si</value>
          </Data>
          <Data name="REALIZA PODAS">
            <value>Si</value>
          </Data>
          <Data name="AFILIADO A ASPAH">
            <value>Si</value>
          </Data>
          <Data name="CREDITO">
            <value>No</value>
          </Data>
          <Data name="TRABAJADORES PERMANENTES">
            <value>No</value>
          </Data>
          <Data name="CUANTOS TP">
            <value/>
          </Data>
          <Data name="TRANBAJADORES TEMPORALES">
            <value>Si</value>
          </Data>
          <Data name="CUANTOS TT">
            <value>3.0</value>
          </Data>
          <Data name="SALARIO POR DIA">
            <value>250.0</value>
          </Data>
          <Data name="LIBRAS COSECHADAS">
            <value>5200.0</value>
          </Data>
          <Data name="UNIDADES COSECHADAS">
            <value/>
          </Data>
          <Data name="UNIDADES COSSECHADAS">
            <value/>
          </Data>
          <Data name="MESES DE COSECHA">
            <value>Octubre Noviembre Diciembre Enero</value>
          </Data>
          <Data name="DONDE VENDE">
            <value>Mercado local, pulperias y en casa.</value>
          </Data>
          <Data name="PRECIO LIBRA">
            <value>30.0</value>
          </Data>
          <Data name="PRECIO UNIDAD">
            <value/>
          </Data>
          <Data name="PRECIO UNNIDAD">
            <value/>
          </Data>
          <Data name="TRANSPORTE DE COSECHA">
            <value>Vehiculo propio</value>
          </Data>
          <Data name="IMAGEN PRODUCTOR">
            <value>https://kf.kobotoolbox.org/api/v2/assets/ad7G92bXCJpMkqNXz97XDt/data/765242723/attachments/attPq4dzTqo9EdFbYgjxJTBo/</value>
          </Data>
          <Data name="OBSERVACION">
            <value>Sistema de riego de media manzana con fugaz y averias..</value>
          </Data>
          <Data name="FIRMA">
            <value>https://kf.kobotoolbox.org/api/v2/assets/ad7G92bXCJpMkqNXz97XDt/data/765242723/attachments/attVpLLabGgPwLbVyhvbpjts/</value>
          </Data>
        </ExtendedData>
        <Point>
          <coordinates>
            -87.4495888,14.2989479,0
          </coordinates>
        </Point>
      </Placemark>
      <Placemark>
        <name>Nahel Enoc Palma Buezo </name>
        <description><![CDATA[﻿FECHA: 10/7/2026<br>LATITUD: 15.0919895<br>LONGITUD: -87.5447417<br>ALTITUD MSNM: 579<br>DEPARTAMENTO: Yoro<br>MUNICIPIO: Victoria<br>FINCA: Finca El Rosario <br>DNI: 1810-1989-00034<br>IMAGEN DNI: https://kf.kobotoolbox.org/api/v2/assets/ad7G92bXCJpMkqNXz97XDt/data/808507120/attachments/attdEPVCfDSA6GSZQu8YYzBJ/<br>EDAD: 38<br>RAZA: Antillano<br>VARIEDAD: Choquette<br>TOTAL PLANTAS: 300<br>PLANTAS EN PRODUCCION: 280<br>AREA EN MZ: 1.5<br>ANALISIS DE SUELO: No<br>IMAGEN ANALISIS: <br>FERTILIZA: Si<br>FUMIGA: Si<br>SISTEMA DE RIEGO: No<br>TIPO DE SISTEMA: <br>AREA CON RIEGO: <br>FUENTE DE AGUA: No<br>CAPACITACION: No<br>REALIZA PODAS: Si<br>AFILIADO A ASPAH: No<br>CREDITO: No<br>TRABAJADORES PERMANENTES: Si<br>CUANTOS TP: 2<br>TRANBAJADORES TEMPORALES: Si<br>CUANTOS TT: 5<br>SALARIO POR DIA: 250<br>LIBRAS COSECHADAS: <br>UNIDADES COSECHADAS: 8000<br>UNIDADES COSSECHADAS: <br>MESES DE COSECHA: Noviembre Diciembre<br>DONDE VENDE: Un comprador viene a mi finca.<br>PRECIO LIBRA: <br>PRECIO UNIDAD: 14<br>PRECIO UNNIDAD: <br>TRANSPORTE DE COSECHA: Ninguno<br>IMAGEN PRODUCTOR: https://kf.kobotoolbox.org/api/v2/assets/ad7G92bXCJpMkqNXz97XDt/data/808507120/attachments/att4YVRVPfJptJr6L6qtrfYq/<br>OBSERVACION: <br>FIRMA: https://kf.kobotoolbox.org/api/v2/assets/ad7G92bXCJpMkqNXz97XDt/data/808507120/attachments/attJo7hkow98Y3s5z4u22Qrt/]]></description>
        <styleUrl>#icon-1899-FFD600</styleUrl>
        <ExtendedData>
          <Data name="﻿FECHA">
            <value>10/7/2026</value>
          </Data>
          <Data name="LATITUD">
            <value>15.0919895</value>
          </Data>
          <Data name="LONGITUD">
            <value>-87.5447417</value>
          </Data>
          <Data name="ALTITUD MSNM">
            <value>579.0</value>
          </Data>
          <Data name="DEPARTAMENTO">
            <value>Yoro</value>
          </Data>
          <Data name="MUNICIPIO">
            <value>Victoria</value>
          </Data>
          <Data name="FINCA">
            <value>Finca El Rosario </value>
          </Data>
          <Data name="DNI">
            <value>1810-1989-00034</value>
          </Data>
          <Data name="IMAGEN DNI">
            <value>https://kf.kobotoolbox.org/api/v2/assets/ad7G92bXCJpMkqNXz97XDt/data/808507120/attachments/attdEPVCfDSA6GSZQu8YYzBJ/</value>
          </Data>
          <Data name="EDAD">
            <value>38.0</value>
          </Data>
          <Data name="RAZA">
            <value>Antillano</value>
          </Data>
          <Data name="VARIEDAD">
            <value>Choquette</value>
          </Data>
          <Data name="TOTAL PLANTAS">
            <value>300.0</value>
          </Data>
          <Data name="PLANTAS EN PRODUCCION">
            <value>280.0</value>
          </Data>
          <Data name="AREA EN MZ">
            <value>1.5</value>
          </Data>
          <Data name="ANALISIS DE SUELO">
            <value>No</value>
          </Data>
          <Data name="IMAGEN ANALISIS">
            <value/>
          </Data>
          <Data name="FERTILIZA">
            <value>Si</value>
          </Data>
          <Data name="FUMIGA">
            <value>Si</value>
          </Data>
          <Data name="SISTEMA DE RIEGO">
            <value>No</value>
          </Data>
          <Data name="TIPO DE SISTEMA">
            <value/>
          </Data>
          <Data name="AREA CON RIEGO">
            <value/>
          </Data>
          <Data name="FUENTE DE AGUA">
            <value>No</value>
          </Data>
          <Data name="CAPACITACION">
            <value>No</value>
          </Data>
          <Data name="REALIZA PODAS">
            <value>Si</value>
          </Data>
          <Data name="AFILIADO A ASPAH">
            <value>No</value>
          </Data>
          <Data name="CREDITO">
            <value>No</value>
          </Data>
          <Data name="TRABAJADORES PERMANENTES">
            <value>Si</value>
          </Data>
          <Data name="CUANTOS TP">
            <value>2.0</value>
          </Data>
          <Data name="TRANBAJADORES TEMPORALES">
            <value>Si</value>
          </Data>
          <Data name="CUANTOS TT">
            <value>5.0</value>
          </Data>
          <Data name="SALARIO POR DIA">
            <value>250.0</value>
          </Data>
          <Data name="LIBRAS COSECHADAS">
            <value/>
          </Data>
          <Data name="UNIDADES COSECHADAS">
            <value>8000.0</value>
          </Data>
          <Data name="UNIDADES COSSECHADAS">
            <value/>
          </Data>
          <Data name="MESES DE COSECHA">
            <value>Noviembre Diciembre</value>
          </Data>
          <Data name="DONDE VENDE">
            <value>Un comprador viene a mi finca.</value>
          </Data>
          <Data name="PRECIO LIBRA">
            <value/>
          </Data>
          <Data name="PRECIO UNIDAD">
            <value>14.0</value>
          </Data>
          <Data name="PRECIO UNNIDAD">
            <value/>
          </Data>
          <Data name="TRANSPORTE DE COSECHA">
            <value>Ninguno</value>
          </Data>
          <Data name="IMAGEN PRODUCTOR">
            <value>https://kf.kobotoolbox.org/api/v2/assets/ad7G92bXCJpMkqNXz97XDt/data/808507120/attachments/att4YVRVPfJptJr6L6qtrfYq/</value>
          </Data>
          <Data name="OBSERVACION">
            <value/>
          </Data>
          <Data name="FIRMA">
            <value>https://kf.kobotoolbox.org/api/v2/assets/ad7G92bXCJpMkqNXz97XDt/data/808507120/attachments/attJo7hkow98Y3s5z4u22Qrt/</value>
          </Data>
        </ExtendedData>
        <Point>
          <coordinates>
            -87.5447417,15.0919895,0
          </coordinates>
        </Point>
      </Placemark>
      <Placemark>
        <name>MARLON HUMBERTO ALVARADO PAGUADA</name>
        <description><![CDATA[﻿FECHA: 4/9/2026<br>LATITUD: 14.389785<br>LONGITUD: -87.4079098<br>ALTITUD MSNM: 1737<br>DEPARTAMENTO: Comayagua<br>MUNICIPIO: Villa de San Antonio<br>FINCA: Valhalla<br>DNI: 0209-1970-00303<br>IMAGEN DNI: https://kf.kobotoolbox.org/api/v2/assets/ad7G92bXCJpMkqNXz97XDt/data/858994344/attachments/attYDws9XzacVEJdGC9oAbsa/<br>EDAD: 56<br>RAZA: Hass<br>VARIEDAD: <br>TOTAL PLANTAS: 1500<br>PLANTAS EN PRODUCCION: 1200<br>AREA EN MZ: 10<br>ANALISIS DE SUELO: Si<br>IMAGEN ANALISIS: https://kf.kobotoolbox.org/api/v2/assets/ad7G92bXCJpMkqNXz97XDt/data/858994344/attachments/attLAxnCWpj46g8tXB23R5Y7/<br>FERTILIZA: Si<br>FUMIGA: Si<br>SISTEMA DE RIEGO: No<br>TIPO DE SISTEMA: <br>AREA CON RIEGO: <br>FUENTE DE AGUA: Si<br>CAPACITACION: No<br>REALIZA PODAS: Si<br>AFILIADO A ASPAH: Si<br>CREDITO: No<br>TRABAJADORES PERMANENTES: Si<br>CUANTOS TP: 3<br>TRANBAJADORES TEMPORALES: Si<br>CUANTOS TT: 6<br>SALARIO POR DIA: 380<br>LIBRAS COSECHADAS: 50000<br>UNIDADES COSECHADAS: <br>UNIDADES COSSECHADAS: <br>MESES DE COSECHA: Diciembre Enero Febrero Marzo<br>DONDE VENDE: Mercado local, pulperias y en casa.<br>PRECIO LIBRA: 22<br>PRECIO UNIDAD: <br>PRECIO UNNIDAD: <br>TRANSPORTE DE COSECHA: Vehiculo propio<br>IMAGEN PRODUCTOR: https://kf.kobotoolbox.org/api/v2/assets/ad7G92bXCJpMkqNXz97XDt/data/858994344/attachments/attrz6HZmKohAobGiUMTUNja/<br>OBSERVACION: Cosecharon 120 mil libras anteriormente<br>FIRMA: https://kf.kobotoolbox.org/api/v2/assets/ad7G92bXCJpMkqNXz97XDt/data/858994344/attachments/att2pPBzWjhAYFUk4H4ARQnf/]]></description>
        <styleUrl>#icon-1899-FFD600</styleUrl>
        <ExtendedData>
          <Data name="﻿FECHA">
            <value>4/9/2026</value>
          </Data>
          <Data name="LATITUD">
            <value>14.389785</value>
          </Data>
          <Data name="LONGITUD">
            <value>-87.4079098</value>
          </Data>
          <Data name="ALTITUD MSNM">
            <value>1737.0</value>
          </Data>
          <Data name="DEPARTAMENTO">
            <value>Comayagua</value>
          </Data>
          <Data name="MUNICIPIO">
            <value>Villa de San Antonio</value>
          </Data>
          <Data name="FINCA">
            <value>Valhalla</value>
          </Data>
          <Data name="DNI">
            <value>0209-1970-00303</value>
          </Data>
          <Data name="IMAGEN DNI">
            <value>https://kf.kobotoolbox.org/api/v2/assets/ad7G92bXCJpMkqNXz97XDt/data/858994344/attachments/attYDws9XzacVEJdGC9oAbsa/</value>
          </Data>
          <Data name="EDAD">
            <value>56.0</value>
          </Data>
          <Data name="RAZA">
            <value>Hass</value>
          </Data>
          <Data name="VARIEDAD">
            <value/>
          </Data>
          <Data name="TOTAL PLANTAS">
            <value>1500.0</value>
          </Data>
          <Data name="PLANTAS EN PRODUCCION">
            <value>1200.0</value>
          </Data>
          <Data name="AREA EN MZ">
            <value>10</value>
          </Data>
          <Data name="ANALISIS DE SUELO">
            <value>Si</value>
          </Data>
          <Data name="IMAGEN ANALISIS">
            <value>https://kf.kobotoolbox.org/api/v2/assets/ad7G92bXCJpMkqNXz97XDt/data/858994344/attachments/attLAxnCWpj46g8tXB23R5Y7/</value>
          </Data>
          <Data name="FERTILIZA">
            <value>Si</value>
          </Data>
          <Data name="FUMIGA">
            <value>Si</value>
          </Data>
          <Data name="SISTEMA DE RIEGO">
            <value>No</value>
          </Data>
          <Data name="TIPO DE SISTEMA">
            <value/>
          </Data>
          <Data name="AREA CON RIEGO">
            <value/>
          </Data>
          <Data name="FUENTE DE AGUA">
            <value>Si</value>
          </Data>
          <Data name="CAPACITACION">
            <value>No</value>
          </Data>
          <Data name="REALIZA PODAS">
            <value>Si</value>
          </Data>
          <Data name="AFILIADO A ASPAH">
            <value>Si</value>
          </Data>
          <Data name="CREDITO">
            <value>No</value>
          </Data>
          <Data name="TRABAJADORES PERMANENTES">
            <value>Si</value>
          </Data>
          <Data name="CUANTOS TP">
            <value>3.0</value>
          </Data>
          <Data name="TRANBAJADORES TEMPORALES">
            <value>Si</value>
          </Data>
          <Data name="CUANTOS TT">
            <value>6.0</value>
          </Data>
          <Data name="SALARIO POR DIA">
            <value>380.0</value>
          </Data>
          <Data name="LIBRAS COSECHADAS">
            <value>50000.0</value>
          </Data>
          <Data name="UNIDADES COSECHADAS">
            <value/>
          </Data>
          <Data name="UNIDADES COSSECHADAS">
            <value/>
          </Data>
          <Data name="MESES DE COSECHA">
            <value>Diciembre Enero Febrero Marzo</value>
          </Data>
          <Data name="DONDE VENDE">
            <value>Mercado local, pulperias y en casa.</value>
          </Data>
          <Data name="PRECIO LIBRA">
            <value>22.0</value>
          </Data>
          <Data name="PRECIO UNIDAD">
            <value/>
          </Data>
          <Data name="PRECIO UNNIDAD">
            <value/>
          </Data>
          <Data name="TRANSPORTE DE COSECHA">
            <value>Vehiculo propio</value>
          </Data>
          <Data name="IMAGEN PRODUCTOR">
            <value>https://kf.kobotoolbox.org/api/v2/assets/ad7G92bXCJpMkqNXz97XDt/data/858994344/attachments/attrz6HZmKohAobGiUMTUNja/</value>
          </Data>
          <Data name="OBSERVACION">
            <value>Cosecharon 120 mil libras anteriormente</value>
          </Data>
          <Data name="FIRMA">
            <value>https://kf.kobotoolbox.org/api/v2/assets/ad7G92bXCJpMkqNXz97XDt/data/858994344/attachments/att2pPBzWjhAYFUk4H4ARQnf/</value>
          </Data>
        </ExtendedData>
        <Point>
          <coordinates>
            -87.4079098,14.389785,0
          </coordinates>
        </Point>
      </Placemark>
      <Placemark>
        <name>MAYEN ANTONIO VALERIANO MEZA</name>
        <description><![CDATA[﻿FECHA: 7/9/2026<br>LATITUD: 14.3891595<br>LONGITUD: -87.4041338<br>ALTITUD MSNM: 1731<br>DEPARTAMENTO: Comayagua<br>MUNICIPIO: Villa de San Antonio<br>FINCA: Valeriano<br>DNI: 0801-1969-02723<br>IMAGEN DNI: https://kf.kobotoolbox.org/api/v2/assets/ad7G92bXCJpMkqNXz97XDt/data/867954177/attachments/attuPpW95UDzL4JsuTWS2Ja6/<br>EDAD: 57<br>RAZA: Hass<br>VARIEDAD: <br>TOTAL PLANTAS: 600<br>PLANTAS EN PRODUCCION: 500<br>AREA EN MZ: 3<br>ANALISIS DE SUELO: Si<br>IMAGEN ANALISIS: https://kf.kobotoolbox.org/api/v2/assets/ad7G92bXCJpMkqNXz97XDt/data/867954177/attachments/attxrwdzP76qTNUuQFgmXUer/<br>FERTILIZA: Si<br>FUMIGA: Si<br>SISTEMA DE RIEGO: No<br>TIPO DE SISTEMA: <br>AREA CON RIEGO: <br>FUENTE DE AGUA: Si<br>CAPACITACION: No<br>REALIZA PODAS: Si<br>AFILIADO A ASPAH: Si<br>CREDITO: No<br>TRABAJADORES PERMANENTES: Si<br>CUANTOS TP: 1<br>TRANBAJADORES TEMPORALES: Si<br>CUANTOS TT: 4<br>SALARIO POR DIA: 300<br>LIBRAS COSECHADAS: 6000<br>UNIDADES COSECHADAS: <br>UNIDADES COSSECHADAS: <br>MESES DE COSECHA: Diciembre Enero Julio<br>DONDE VENDE: Mercado local, pulperias y en casa.<br>PRECIO LIBRA: 20<br>PRECIO UNIDAD: <br>PRECIO UNNIDAD: <br>TRANSPORTE DE COSECHA: Vehiculo propio<br>IMAGEN PRODUCTOR: https://kf.kobotoolbox.org/api/v2/assets/ad7G92bXCJpMkqNXz97XDt/data/867954177/attachments/attnyDgRPArNpCp2YiMhwzjZ/<br>OBSERVACION: Tienen fuente de agua de vertiente natural<br>FIRMA: ]]></description>
        <styleUrl>#icon-1899-FFD600</styleUrl>
        <ExtendedData>
          <Data name="﻿FECHA">
            <value>7/9/2026</value>
          </Data>
          <Data name="LATITUD">
            <value>14.3891595</value>
          </Data>
          <Data name="LONGITUD">
            <value>-87.4041338</value>
          </Data>
          <Data name="ALTITUD MSNM">
            <value>1731.0</value>
          </Data>
          <Data name="DEPARTAMENTO">
            <value>Comayagua</value>
          </Data>
          <Data name="MUNICIPIO">
            <value>Villa de San Antonio</value>
          </Data>
          <Data name="FINCA">
            <value>Valeriano</value>
          </Data>
          <Data name="DNI">
            <value>0801-1969-02723</value>
          </Data>
          <Data name="IMAGEN DNI">
            <value>https://kf.kobotoolbox.org/api/v2/assets/ad7G92bXCJpMkqNXz97XDt/data/867954177/attachments/attuPpW95UDzL4JsuTWS2Ja6/</value>
          </Data>
          <Data name="EDAD">
            <value>57.0</value>
          </Data>
          <Data name="RAZA">
            <value>Hass</value>
          </Data>
          <Data name="VARIEDAD">
            <value/>
          </Data>
          <Data name="TOTAL PLANTAS">
            <value>600.0</value>
          </Data>
          <Data name="PLANTAS EN PRODUCCION">
            <value>500.0</value>
          </Data>
          <Data name="AREA EN MZ">
            <value>3</value>
          </Data>
          <Data name="ANALISIS DE SUELO">
            <value>Si</value>
          </Data>
          <Data name="IMAGEN ANALISIS">
            <value>https://kf.kobotoolbox.org/api/v2/assets/ad7G92bXCJpMkqNXz97XDt/data/867954177/attachments/attxrwdzP76qTNUuQFgmXUer/</value>
          </Data>
          <Data name="FERTILIZA">
            <value>Si</value>
          </Data>
          <Data name="FUMIGA">
            <value>Si</value>
          </Data>
          <Data name="SISTEMA DE RIEGO">
            <value>No</value>
          </Data>
          <Data name="TIPO DE SISTEMA">
            <value/>
          </Data>
          <Data name="AREA CON RIEGO">
            <value/>
          </Data>
          <Data name="FUENTE DE AGUA">
            <value>Si</value>
          </Data>
          <Data name="CAPACITACION">
            <value>No</value>
          </Data>
          <Data name="REALIZA PODAS">
            <value>Si</value>
          </Data>
          <Data name="AFILIADO A ASPAH">
            <value>Si</value>
          </Data>
          <Data name="CREDITO">
            <value>No</value>
          </Data>
          <Data name="TRABAJADORES PERMANENTES">
            <value>Si</value>
          </Data>
          <Data name="CUANTOS TP">
            <value>1.0</value>
          </Data>
          <Data name="TRANBAJADORES TEMPORALES">
            <value>Si</value>
          </Data>
          <Data name="CUANTOS TT">
            <value>4.0</value>
          </Data>
          <Data name="SALARIO POR DIA">
            <value>300.0</value>
          </Data>
          <Data name="LIBRAS COSECHADAS">
            <value>6000.0</value>
          </Data>
          <Data name="UNIDADES COSECHADAS">
            <value/>
          </Data>
          <Data name="UNIDADES COSSECHADAS">
            <value/>
          </Data>
          <Data name="MESES DE COSECHA">
            <value>Diciembre Enero Julio</value>
          </Data>
          <Data name="DONDE VENDE">
            <value>Mercado local, pulperias y en casa.</value>
          </Data>
          <Data name="PRECIO LIBRA">
            <value>20.0</value>
          </Data>
          <Data name="PRECIO UNIDAD">
            <value/>
          </Data>
          <Data name="PRECIO UNNIDAD">
            <value/>
          </Data>
          <Data name="TRANSPORTE DE COSECHA">
            <value>Vehiculo propio</value>
          </Data>
          <Data name="IMAGEN PRODUCTOR">
            <value>https://kf.kobotoolbox.org/api/v2/assets/ad7G92bXCJpMkqNXz97XDt/data/867954177/attachments/attnyDgRPArNpCp2YiMhwzjZ/</value>
          </Data>
          <Data name="OBSERVACION">
            <value>Tienen fuente de agua de vertiente natural</value>
          </Data>
          <Data name="FIRMA">
            <value/>
          </Data>
        </ExtendedData>
        <Point>
          <coordinates>
            -87.4041338,14.3891595,0
          </coordinates>
        </Point>
      </Placemark>
      <Placemark>
        <name>Marco Tulio Ligero Cardinale</name>
        <description><![CDATA[﻿FECHA: 26/9/2026<br>LATITUD: 15.5251725<br>LONGITUD: -86.1590756<br>ALTITUD MSNM: 193<br>DEPARTAMENTO: Colon<br>MUNICIPIO: Saba<br>FINCA: Marclar<br>DNI: 0205-1977-00383<br>IMAGEN DNI: https://kf.kobotoolbox.org/api/v2/assets/ad7G92bXCJpMkqNXz97XDt/data/879146981/attachments/attUiog4KJst6iNNJJWfubLf/<br>EDAD: 49<br>RAZA: Antillano<br>VARIEDAD: Choquette Catalina Wilson Popenoe<br>TOTAL PLANTAS: 4500<br>PLANTAS EN PRODUCCION: 3000<br>AREA EN MZ: 22.5<br>ANALISIS DE SUELO: Si<br>IMAGEN ANALISIS: https://kf.kobotoolbox.org/api/v2/assets/ad7G92bXCJpMkqNXz97XDt/data/879146981/attachments/att7ZAFCWMbMbPZLNnRmD4A6/<br>FERTILIZA: Si<br>FUMIGA: Si<br>SISTEMA DE RIEGO: No<br>TIPO DE SISTEMA: <br>AREA CON RIEGO: <br>FUENTE DE AGUA: Si<br>CAPACITACION: Si<br>REALIZA PODAS: Si<br>AFILIADO A ASPAH: Si<br>CREDITO: Si<br>TRABAJADORES PERMANENTES: Si<br>CUANTOS TP: 12<br>TRANBAJADORES TEMPORALES: Si<br>CUANTOS TT: 30<br>SALARIO POR DIA: 250<br>LIBRAS COSECHADAS: <br>UNIDADES COSECHADAS: 40000<br>UNIDADES COSSECHADAS: <br>MESES DE COSECHA: Agosto Septiembre Octubre Noviembre<br>DONDE VENDE: Mercado local, pulperias y en casa.<br>PRECIO LIBRA: <br>PRECIO UNIDAD: 10<br>PRECIO UNNIDAD: <br>TRANSPORTE DE COSECHA: Vehiculo propio<br>IMAGEN PRODUCTOR: https://kf.kobotoolbox.org/api/v2/assets/ad7G92bXCJpMkqNXz97XDt/data/879146981/attachments/attRaDwsprhEMrU8ZcKiKv3T/<br>OBSERVACION: Va a instalar un sistema de riego, 3 años de edad tiene la plantación<br>FIRMA: https://kf.kobotoolbox.org/api/v2/assets/ad7G92bXCJpMkqNXz97XDt/data/879146981/attachments/attLszvrtSFtSWXmMFnrERDt/]]></description>
        <styleUrl>#icon-1899-FFD600</styleUrl>
        <ExtendedData>
          <Data name="﻿FECHA">
            <value>26/9/2026</value>
          </Data>
          <Data name="LATITUD">
            <value>15.5251725</value>
          </Data>
          <Data name="LONGITUD">
            <value>-86.1590756</value>
          </Data>
          <Data name="ALTITUD MSNM">
            <value>193.0</value>
          </Data>
          <Data name="DEPARTAMENTO">
            <value>Colon</value>
          </Data>
          <Data name="MUNICIPIO">
            <value>Saba</value>
          </Data>
          <Data name="FINCA">
            <value>Marclar</value>
          </Data>
          <Data name="DNI">
            <value>0205-1977-00383</value>
          </Data>
          <Data name="IMAGEN DNI">
            <value>https://kf.kobotoolbox.org/api/v2/assets/ad7G92bXCJpMkqNXz97XDt/data/879146981/attachments/attUiog4KJst6iNNJJWfubLf/</value>
          </Data>
          <Data name="EDAD">
            <value>49.0</value>
          </Data>
          <Data name="RAZA">
            <value>Antillano</value>
          </Data>
          <Data name="VARIEDAD">
            <value>Choquette Catalina Wilson Popenoe</value>
          </Data>
          <Data name="TOTAL PLANTAS">
            <value>4500.0</value>
          </Data>
          <Data name="PLANTAS EN PRODUCCION">
            <value>3000.0</value>
          </Data>
          <Data name="AREA EN MZ">
            <value>22.5</value>
          </Data>
          <Data name="ANALISIS DE SUELO">
            <value>Si</value>
          </Data>
          <Data name="IMAGEN ANALISIS">
            <value>https://kf.kobotoolbox.org/api/v2/assets/ad7G92bXCJpMkqNXz97XDt/data/879146981/attachments/att7ZAFCWMbMbPZLNnRmD4A6/</value>
          </Data>
          <Data name="FERTILIZA">
            <value>Si</value>
          </Data>
          <Data name="FUMIGA">
            <value>Si</value>
          </Data>
          <Data name="SISTEMA DE RIEGO">
            <value>No</value>
          </Data>
          <Data name="TIPO DE SISTEMA">
            <value/>
          </Data>
          <Data name="AREA CON RIEGO">
            <value/>
          </Data>
          <Data name="FUENTE DE AGUA">
            <value>Si</value>
          </Data>
          <Data name="CAPACITACION">
            <value>Si</value>
          </Data>
          <Data name="REALIZA PODAS">
            <value>Si</value>
          </Data>
          <Data name="AFILIADO A ASPAH">
            <value>Si</value>
          </Data>
          <Data name="CREDITO">
            <value>Si</value>
          </Data>
          <Data name="TRABAJADORES PERMANENTES">
            <value>Si</value>
          </Data>
          <Data name="CUANTOS TP">
            <value>12.0</value>
          </Data>
          <Data name="TRANBAJADORES TEMPORALES">
            <value>Si</value>
          </Data>
          <Data name="CUANTOS TT">
            <value>30.0</value>
          </Data>
          <Data name="SALARIO POR DIA">
            <value>250.0</value>
          </Data>
          <Data name="LIBRAS COSECHADAS">
            <value/>
          </Data>
          <Data name="UNIDADES COSECHADAS">
            <value>40000.0</value>
          </Data>
          <Data name="UNIDADES COSSECHADAS">
            <value/>
          </Data>
          <Data name="MESES DE COSECHA">
            <value>Agosto Septiembre Octubre Noviembre</value>
          </Data>
          <Data name="DONDE VENDE">
            <value>Mercado local, pulperias y en casa.</value>
          </Data>
          <Data name="PRECIO LIBRA">
            <value/>
          </Data>
          <Data name="PRECIO UNIDAD">
            <value>10.0</value>
          </Data>
          <Data name="PRECIO UNNIDAD">
            <value/>
          </Data>
          <Data name="TRANSPORTE DE COSECHA">
            <value>Vehiculo propio</value>
          </Data>
          <Data name="IMAGEN PRODUCTOR">
            <value>https://kf.kobotoolbox.org/api/v2/assets/ad7G92bXCJpMkqNXz97XDt/data/879146981/attachments/attRaDwsprhEMrU8ZcKiKv3T/</value>
          </Data>
          <Data name="OBSERVACION">
            <value>Va a instalar un sistema de riego, 3 años de edad tiene la plantación</value>
          </Data>
          <Data name="FIRMA">
            <value>https://kf.kobotoolbox.org/api/v2/assets/ad7G92bXCJpMkqNXz97XDt/data/879146981/attachments/attLszvrtSFtSWXmMFnrERDt/</value>
          </Data>
        </ExtendedData>
        <Point>
          <coordinates>
            -86.1590756,15.5251725,0
          </coordinates>
        </Point>
      </Placemark>
      <Placemark>
        <name>WALTER LEONEL REYES LAINES</name>
        <description><![CDATA[﻿FECHA: 26/9/2026<br>LATITUD: 15.5619466<br>LONGITUD: -86.3293273<br>ALTITUD MSNM: 172<br>DEPARTAMENTO: Colon<br>MUNICIPIO: Sonaguera<br>FINCA: San Antonio <br>DNI: 0205-1979-00356<br>IMAGEN DNI: https://kf.kobotoolbox.org/api/v2/assets/ad7G92bXCJpMkqNXz97XDt/data/879241594/attachments/attggJ9mUsUrjzeJounthREw/<br>EDAD: 47<br>RAZA: Antillano<br>VARIEDAD: Choquette Wilson Popenoe Belice Lula Catalina Simpson Simmons Sureño<br>TOTAL PLANTAS: 1000<br>PLANTAS EN PRODUCCION: 1000<br>AREA EN MZ: 5<br>ANALISIS DE SUELO: No<br>IMAGEN ANALISIS: <br>FERTILIZA: Si<br>FUMIGA: Si<br>SISTEMA DE RIEGO: No<br>TIPO DE SISTEMA: <br>AREA CON RIEGO: <br>FUENTE DE AGUA: Si<br>CAPACITACION: Si<br>REALIZA PODAS: Si<br>AFILIADO A ASPAH: Si<br>CREDITO: No<br>TRABAJADORES PERMANENTES: Si<br>CUANTOS TP: 2<br>TRANBAJADORES TEMPORALES: Si<br>CUANTOS TT: 2<br>SALARIO POR DIA: 300<br>LIBRAS COSECHADAS: <br>UNIDADES COSECHADAS: 20000<br>UNIDADES COSSECHADAS: <br>MESES DE COSECHA: Mayo Junio Julio Agosto Septiembre Octubre Noviembre Diciembre<br>DONDE VENDE: Mercado local, pulperias y en casa.<br>PRECIO LIBRA: <br>PRECIO UNIDAD: 22<br>PRECIO UNNIDAD: <br>TRANSPORTE DE COSECHA: Vehiculo propio<br>IMAGEN PRODUCTOR: https://kf.kobotoolbox.org/api/v2/assets/ad7G92bXCJpMkqNXz97XDt/data/879241594/attachments/attPM6ddWsp8weo7MsEkC3DH/<br>OBSERVACION: Vende también a intermediario, tiene FHIA 1 , FHIA 2 Y FHIA 3<br>FIRMA: https://kf.kobotoolbox.org/api/v2/assets/ad7G92bXCJpMkqNXz97XDt/data/879241594/attachments/attBwaf8wzPkAdGR7wbk6S4w/]]></description>
        <styleUrl>#icon-1899-FFD600</styleUrl>
        <ExtendedData>
          <Data name="﻿FECHA">
            <value>26/9/2026</value>
          </Data>
          <Data name="LATITUD">
            <value>15.5619466</value>
          </Data>
          <Data name="LONGITUD">
            <value>-86.3293273</value>
          </Data>
          <Data name="ALTITUD MSNM">
            <value>172.0</value>
          </Data>
          <Data name="DEPARTAMENTO">
            <value>Colon</value>
          </Data>
          <Data name="MUNICIPIO">
            <value>Sonaguera</value>
          </Data>
          <Data name="FINCA">
            <value>San Antonio </value>
          </Data>
          <Data name="DNI">
            <value>0205-1979-00356</value>
          </Data>
          <Data name="IMAGEN DNI">
            <value>https://kf.kobotoolbox.org/api/v2/assets/ad7G92bXCJpMkqNXz97XDt/data/879241594/attachments/attggJ9mUsUrjzeJounthREw/</value>
          </Data>
          <Data name="EDAD">
            <value>47.0</value>
          </Data>
          <Data name="RAZA">
            <value>Antillano</value>
          </Data>
          <Data name="VARIEDAD">
            <value>Choquette Wilson Popenoe Belice Lula Catalina Simpson Simmons Sureño</value>
          </Data>
          <Data name="TOTAL PLANTAS">
            <value>1000.0</value>
          </Data>
          <Data name="PLANTAS EN PRODUCCION">
            <value>1000.0</value>
          </Data>
          <Data name="AREA EN MZ">
            <value>5</value>
          </Data>
          <Data name="ANALISIS DE SUELO">
            <value>No</value>
          </Data>
          <Data name="IMAGEN ANALISIS">
            <value/>
          </Data>
          <Data name="FERTILIZA">
            <value>Si</value>
          </Data>
          <Data name="FUMIGA">
            <value>Si</value>
          </Data>
          <Data name="SISTEMA DE RIEGO">
            <value>No</value>
          </Data>
          <Data name="TIPO DE SISTEMA">
            <value/>
          </Data>
          <Data name="AREA CON RIEGO">
            <value/>
          </Data>
          <Data name="FUENTE DE AGUA">
            <value>Si</value>
          </Data>
          <Data name="CAPACITACION">
            <value>Si</value>
          </Data>
          <Data name="REALIZA PODAS">
            <value>Si</value>
          </Data>
          <Data name="AFILIADO A ASPAH">
            <value>Si</value>
          </Data>
          <Data name="CREDITO">
            <value>No</value>
          </Data>
          <Data name="TRABAJADORES PERMANENTES">
            <value>Si</value>
          </Data>
          <Data name="CUANTOS TP">
            <value>2.0</value>
          </Data>
          <Data name="TRANBAJADORES TEMPORALES">
            <value>Si</value>
          </Data>
          <Data name="CUANTOS TT">
            <value>2.0</value>
          </Data>
          <Data name="SALARIO POR DIA">
            <value>300.0</value>
          </Data>
          <Data name="LIBRAS COSECHADAS">
            <value/>
          </Data>
          <Data name="UNIDADES COSECHADAS">
            <value>20000.0</value>
          </Data>
          <Data name="UNIDADES COSSECHADAS">
            <value/>
          </Data>
          <Data name="MESES DE COSECHA">
            <value>Mayo Junio Julio Agosto Septiembre Octubre Noviembre Diciembre</value>
          </Data>
          <Data name="DONDE VENDE">
            <value>Mercado local, pulperias y en casa.</value>
          </Data>
          <Data name="PRECIO LIBRA">
            <value/>
          </Data>
          <Data name="PRECIO UNIDAD">
            <value>22.0</value>
          </Data>
          <Data name="PRECIO UNNIDAD">
            <value/>
          </Data>
          <Data name="TRANSPORTE DE COSECHA">
            <value>Vehiculo propio</value>
          </Data>
          <Data name="IMAGEN PRODUCTOR">
            <value>https://kf.kobotoolbox.org/api/v2/assets/ad7G92bXCJpMkqNXz97XDt/data/879241594/attachments/attPM6ddWsp8weo7MsEkC3DH/</value>
          </Data>
          <Data name="OBSERVACION">
            <value>Vende también a intermediario, tiene FHIA 1 , FHIA 2 Y FHIA 3</value>
          </Data>
          <Data name="FIRMA">
            <value>https://kf.kobotoolbox.org/api/v2/assets/ad7G92bXCJpMkqNXz97XDt/data/879241594/attachments/attBwaf8wzPkAdGR7wbk6S4w/</value>
          </Data>
        </ExtendedData>
        <Point>
          <coordinates>
            -86.3293273,15.5619466,0
          </coordinates>
        </Point>
      </Placemark>
      <Placemark>
        <name>RUDY LINSAY RODAS LICONA</name>
        <description><![CDATA[﻿FECHA: 27/9/2026<br>LATITUD: 15.7068244<br>LONGITUD: -86.7227145<br>ALTITUD MSNM: 172<br>DEPARTAMENTO: Atlantida<br>MUNICIPIO: La Ceiba<br>FINCA: Carpa<br>DNI: 0801-1981-03015<br>IMAGEN DNI: https://kf.kobotoolbox.org/api/v2/assets/ad7G92bXCJpMkqNXz97XDt/data/879744182/attachments/attCFpawSpT5dinHnTnrAPJC/<br>EDAD: 45<br>RAZA: Antillano<br>VARIEDAD: Choquette Wilson Popenoe Boot 8 Catalina<br>TOTAL PLANTAS: 110<br>PLANTAS EN PRODUCCION: 10<br>AREA EN MZ: 0.5<br>ANALISIS DE SUELO: Si<br>IMAGEN ANALISIS: <br>FERTILIZA: Si<br>FUMIGA: Si<br>SISTEMA DE RIEGO: Si<br>TIPO DE SISTEMA: Sistema de riego por goteo<br>AREA CON RIEGO: 0.5<br>FUENTE DE AGUA: <br>CAPACITACION: No<br>REALIZA PODAS: Si<br>AFILIADO A ASPAH: Si<br>CREDITO: No<br>TRABAJADORES PERMANENTES: Si<br>CUANTOS TP: 1<br>TRANBAJADORES TEMPORALES: Si<br>CUANTOS TT: 2<br>SALARIO POR DIA: 200<br>LIBRAS COSECHADAS: <br>UNIDADES COSECHADAS: 180<br>UNIDADES COSSECHADAS: <br>MESES DE COSECHA: Julio Agosto<br>DONDE VENDE: Mercado local, pulperias y en casa.<br>PRECIO LIBRA: <br>PRECIO UNIDAD: 20<br>PRECIO UNNIDAD: <br>TRANSPORTE DE COSECHA: Vehiculo propio<br>IMAGEN PRODUCTOR: https://kf.kobotoolbox.org/api/v2/assets/ad7G92bXCJpMkqNXz97XDt/data/879744182/attachments/att2Vrwv9V4vCSkYxeUPixfR/<br>OBSERVACION: Tiene agua y sembrara 100 plantas mas<br>FIRMA: https://kf.kobotoolbox.org/api/v2/assets/ad7G92bXCJpMkqNXz97XDt/data/879744182/attachments/attWkdiEkChLrrEnVvH6s2fZ/]]></description>
        <styleUrl>#icon-1899-FFD600</styleUrl>
        <ExtendedData>
          <Data name="﻿FECHA">
            <value>27/9/2026</value>
          </Data>
          <Data name="LATITUD">
            <value>15.7068244</value>
          </Data>
          <Data name="LONGITUD">
            <value>-86.7227145</value>
          </Data>
          <Data name="ALTITUD MSNM">
            <value>172.0</value>
          </Data>
          <Data name="DEPARTAMENTO">
            <value>Atlantida</value>
          </Data>
          <Data name="MUNICIPIO">
            <value>La Ceiba</value>
          </Data>
          <Data name="FINCA">
            <value>Carpa</value>
          </Data>
          <Data name="DNI">
            <value>0801-1981-03015</value>
          </Data>
          <Data name="IMAGEN DNI">
            <value>https://kf.kobotoolbox.org/api/v2/assets/ad7G92bXCJpMkqNXz97XDt/data/879744182/attachments/attCFpawSpT5dinHnTnrAPJC/</value>
          </Data>
          <Data name="EDAD">
            <value>45.0</value>
          </Data>
          <Data name="RAZA">
            <value>Antillano</value>
          </Data>
          <Data name="VARIEDAD">
            <value>Choquette Wilson Popenoe Boot 8 Catalina</value>
          </Data>
          <Data name="TOTAL PLANTAS">
            <value>110.0</value>
          </Data>
          <Data name="PLANTAS EN PRODUCCION">
            <value>10.0</value>
          </Data>
          <Data name="AREA EN MZ">
            <value>0.5</value>
          </Data>
          <Data name="ANALISIS DE SUELO">
            <value>Si</value>
          </Data>
          <Data name="IMAGEN ANALISIS">
            <value/>
          </Data>
          <Data name="FERTILIZA">
            <value>Si</value>
          </Data>
          <Data name="FUMIGA">
            <value>Si</value>
          </Data>
          <Data name="SISTEMA DE RIEGO">
            <value>Si</value>
          </Data>
          <Data name="TIPO DE SISTEMA">
            <value>Sistema de riego por goteo</value>
          </Data>
          <Data name="AREA CON RIEGO">
            <value>0.5</value>
          </Data>
          <Data name="FUENTE DE AGUA">
            <value/>
          </Data>
          <Data name="CAPACITACION">
            <value>No</value>
          </Data>
          <Data name="REALIZA PODAS">
            <value>Si</value>
          </Data>
          <Data name="AFILIADO A ASPAH">
            <value>Si</value>
          </Data>
          <Data name="CREDITO">
            <value>No</value>
          </Data>
          <Data name="TRABAJADORES PERMANENTES">
            <value>Si</value>
          </Data>
          <Data name="CUANTOS TP">
            <value>1.0</value>
          </Data>
          <Data name="TRANBAJADORES TEMPORALES">
            <value>Si</value>
          </Data>
          <Data name="CUANTOS TT">
            <value>2.0</value>
          </Data>
          <Data name="SALARIO POR DIA">
            <value>200.0</value>
          </Data>
          <Data name="LIBRAS COSECHADAS">
            <value/>
          </Data>
          <Data name="UNIDADES COSECHADAS">
            <value>180.0</value>
          </Data>
          <Data name="UNIDADES COSSECHADAS">
            <value/>
          </Data>
          <Data name="MESES DE COSECHA">
            <value>Julio Agosto</value>
          </Data>
          <Data name="DONDE VENDE">
            <value>Mercado local, pulperias y en casa.</value>
          </Data>
          <Data name="PRECIO LIBRA">
            <value/>
          </Data>
          <Data name="PRECIO UNIDAD">
            <value>20.0</value>
          </Data>
          <Data name="PRECIO UNNIDAD">
            <value/>
          </Data>
          <Data name="TRANSPORTE DE COSECHA">
            <value>Vehiculo propio</value>
          </Data>
          <Data name="IMAGEN PRODUCTOR">
            <value>https://kf.kobotoolbox.org/api/v2/assets/ad7G92bXCJpMkqNXz97XDt/data/879744182/attachments/att2Vrwv9V4vCSkYxeUPixfR/</value>
          </Data>
          <Data name="OBSERVACION">
            <value>Tiene agua y sembrara 100 plantas mas</value>
          </Data>
          <Data name="FIRMA">
            <value>https://kf.kobotoolbox.org/api/v2/assets/ad7G92bXCJpMkqNXz97XDt/data/879744182/attachments/attWkdiEkChLrrEnVvH6s2fZ/</value>
          </Data>
        </ExtendedData>
        <Point>
          <coordinates>
            -86.7227145,15.7068244,0
          </coordinates>
        </Point>
      </Placemark>
    </Folder>
  </Document>
</kml>
